id,fields,title,authors,journal,year,doi,pmid,pubtype,cited_by
10.1373/clinchem.2008.112797,Molecular & cell biology,The MIQE guidelines: minimum information for publication of quantitative real-time PCR experiments.,"Bustin SA, Benes V, Garson JA, Hellemans J, Huggett J, Kubista M, Mueller R, Nolan T, Pfaffl MW, Shipley GL, Vandesompele J, Wittwer CT.",Clin Chem,2009,10.1373/clinchem.2008.112797,19246619,,11816
10.1126/science.285.5424.110,Molecular & cell biology,Replication of subgenomic hepatitis C virus RNAs in a hepatoma cell line.,"Lohmann V, Körner F, Koch J, Herian U, Theilmann L, Bartenschlager R.",Science,1999,10.1126/science.285.5424.110,10390360,,2143
10.1126/science.1114016,Molecular & cell biology,Complete replication of hepatitis C virus in cell culture.,"Lindenbach BD, Evans MJ, Syder AJ, Wölk B, Tellinghuisen TL, Liu CC, Maruyama T, Hynes RO, Burton DR, McKeating JA, Rice CM.",Science,2005,10.1126/science.1114016,15947137,,1789
10.1016/s0092-8674(00)81705-5,Molecular & cell biology; Preclinical animal research,Randomization of left-right asymmetry due to loss of nodal cilia generating leftward flow of extraembryonic fluid in mice lacking KIF3B motor protein.,"Nonaka S, Tanaka Y, Okada Y, Takeda S, Harada A, Kanai Y, Kido M, Hirokawa N.",Cell,1998,10.1016/s0092-8674(00)81705-5,9865700,,1214
10.1038/363418a0,Molecular & cell biology,Rational design of potent sialidase-based inhibitors of influenza virus replication.,"von Itzstein M, Wu WY, Kok GB, Pegg MS, Dyason JC, Jin B, Van Phan T, Smythe ML, White HF, Oliver SW.",Nature,1993,10.1038/363418a0,8502295,,1113
10.1126/science.290.5498.1972,Molecular & cell biology,Efficient initiation of HCV RNA replication in cell culture.,"Blight KJ, Kolykhalov AA, Rice CM.",Science,2000,10.1126/science.290.5498.1972,11110665,,1113
10.1309/ajcpphlwmi3jv4la,Molecular & cell biology,The Bethesda System For Reporting Thyroid Cytopathology.,"Cibas ES, Ali SZ, NCI Thyroid FNA State of the Science Conference.",Am J Clin Pathol,2009,10.1309/ajcpphlwmi3jv4la,19846805,review,1001
10.1038/nrmicro1645,Molecular & cell biology,Replication of hepatitis C virus.,"Moradpour D, Penin F, Rice CM.",Nat Rev Microbiol,2007,10.1038/nrmicro1645,17487147,review,975
10.1128/jvi.73.1.251-259.1999,Molecular & cell biology,"Generation of bovine respiratory syncytial virus (BRSV) from cDNA: BRSV NS2 is not essential for virus replication in tissue culture, and the human RSV leader region acts as a functional BRSV genome promoter.","Buchholz UJ, Finke S, Conzelmann KK.",J Virol,1999,10.1128/jvi.73.1.251-259.1999,9847328,,928
10.1016/j.chom.2009.03.007,Molecular & cell biology,Composition and three-dimensional architecture of the dengue virus replication and assembly sites.,"Welsch S, Miller S, Romero-Brey I, Merz A, Bleck CK, Walther P, Fuller SD, Antony C, Krijnse-Locker J, Bartenschlager R.",Cell Host Microbe,2009,10.1016/j.chom.2009.03.007,19380115,,910
10.1038/nbt.2957,Molecular & cell biology; Transcriptomics (bulk & single-cell); Bioinformatics & computational biology,"A comprehensive assessment of RNA-seq accuracy, reproducibility and information content by the Sequencing Quality Control Consortium.",SEQC/MAQC-III Consortium.,Nat Biotechnol,2014,10.1038/nbt.2957,25150838,,762
10.3390/ijms222312827,Molecular & cell biology; Transcriptomics (bulk & single-cell),"The MTT Assay: Utility, Limitations, Pitfalls, and Interpretation in Bulk and Single-Cell Analysis.","Ghasemi M, Turnbull T, Sebastian S, Kempson I.",Int J Mol Sci,2021,10.3390/ijms222312827,34884632,,759
10.1183/13993003.00583-2015,Molecular & cell biology,Chronic pulmonary aspergillosis: rationale and clinical guidelines for diagnosis and management.,"Denning DW, Cadranel J, Beigelman-Aubry C, Ader F, Chakrabarti A, Blot S, Ullmann AJ, Dimopoulos G, Lange C, European Society for Clinical Microbiology and Infectious Diseases and European Respiratory Society.",Eur Respir J,2016,10.1183/13993003.00583-2015,26699723,,729
10.1038/s41422-020-0356-z,Molecular & cell biology; Proteomics & metabolomics,"Boceprevir, GC-376, and calpain inhibitors II, XII inhibit SARS-CoV-2 viral replication by targeting the viral main protease.","Ma C, Sacco MD, Hurst B, Townsend JA, Hu Y, Szeto T, Zhang X, Tarbet B, Marty MT, Chen Y, Wang J.",Cell Res,2020,10.1038/s41422-020-0356-z,32541865,,715
10.1083/jcb.202001064,Molecular & cell biology,SuperPlots: Communicating reproducibility and variability in cell biology.,"Lord SJ, Velle KB, Mullins RD, Fritz-Laylin LK.",J Cell Biol,2020,10.1083/jcb.202001064,32346721,,684
10.1371/journal.pbio.0020432,Molecular & cell biology,Replication of Norovirus in cell culture reveals a tropism for dendritic cells and macrophages.,"Wobus CE, Karst SM, Thackray LB, Chang KO, Sosnovtsev SV, Belliot G, Krug A, Mackenzie JM, Green KY, Virgin HW.",PLoS Biol,2004,10.1371/journal.pbio.0020432,15562321,,663
10.1126/science.1074023,Molecular & cell biology,Fork reversal and ssDNA accumulation at stalled replication forks owing to checkpoint defects.,"Sogo JM, Lopes M, Foiani M.",Science,2002,10.1126/science.1074023,12142537,,663
10.1373/clinchem.2013.206375,Molecular & cell biology,The digital MIQE guidelines: Minimum Information for Publication of Quantitative Digital PCR Experiments.,"Huggett JF, Foy CA, Benes V, Emslie K, Garson JA, Haynes R, Hellemans J, Kubista M, Mueller RD, Nolan T, Pfaffl MW, Shipley GL, Vandesompele J, Wittwer CT, Bustin SA.",Clin Chem,2013,10.1373/clinchem.2013.206375,23570709,,652
10.1083/jcb.201406099,Molecular & cell biology,Rad51-mediated replication fork reversal is a global response to genotoxic treatments in human cells.,"Zellweger R, Dalcher D, Mutreja K, Berti M, Schmid JA, Herrador R, Vindigni A, Lopes M.",J Cell Biol,2015,10.1083/jcb.201406099,25733714,,649
10.1128/jvi.76.12.5974-5984.2002,Molecular & cell biology,Expression of hepatitis C virus proteins induces distinct membrane alterations including a candidate viral replication complex.,"Egger D, Wölk B, Gosert R, Bianchi L, Blum HE, Moradpour D, Bienz K.",J Virol,2002,10.1128/jvi.76.12.5974-5984.2002,12021330,,614
10.1136/jmg.2006.045906,Molecular & cell biology; Neuroscience,Guidelines for the diagnosis and management of individuals with neurofibromatosis 1.,"Ferner RE, Ferner RE, Huson SM, Thomas N, Moss C, Willshaw H, Evans DG, Upadhyaya M, Towers R, Gleeson M, Steiger C, Kirby A.",J Med Genet,2007,10.1136/jmg.2006.045906,17105749,review,613
10.1177/0271678x16630991,Molecular & cell biology,In vitro models of the blood-brain barrier: An overview of commonly used brain endothelial cell culture models and guidelines for their use.,"Helms HC, Abbott NJ, Burek M, Cecchelli R, Couraud PO, Deli MA, Förster C, Galla HJ, Romero IA, Shusta EV, Stebbins MJ, Vandenhaute E, Weksler B, Brodin B.",J Cereb Blood Flow Metab,2016,10.1177/0271678x16630991,26868179,review,611
10.1016/j.cell.2009.10.015,Molecular & cell biology,Concerted loading of Mcm2-7 double hexamers around DNA during DNA replication origin licensing.,"Remus D, Beuron F, Tolun G, Griffith JD, Morris EP, Diffley JF.",Cell,2009,10.1016/j.cell.2009.10.015,19896182,,607
10.1242/jcs.103.3.857,Molecular & cell biology,"Dynamics of three-dimensional replication patterns during the S-phase, analysed by double labelling of DNA and confocal microscopy.","Manders EM, Stap J, Brakenhoff GJ, van Driel R, Aten JA.",J Cell Sci,1992,10.1242/jcs.103.3.857,1478975,,590
10.1038/nature04077,Molecular & cell biology,Unravelling hepatitis C virus replication from genome to function.,"Lindenbach BD, Rice CM.",Nature,2005,10.1038/nature04077,16107832,review,572
10.1371/journal.ppat.1001176,Molecular & cell biology,Zn(2+) inhibits coronavirus and arterivirus RNA polymerase activity in vitro and zinc ionophores block the replication of these viruses in cell culture.,"te Velthuis AJ, van den Worm SH, Sims AC, Baric RS, Snijder EJ, van Hemert MJ.",PLoS Pathog,2010,10.1371/journal.ppat.1001176,21079686,,559
10.1016/j.jsb.2016.04.010,Molecular & cell biology,"Scipion: A software framework toward integration, reproducibility and validation in 3D electron microscopy.","de la Rosa-Trevín JM, Quintana A, Del Cano L, Zaldívar A, Foche I, Gutiérrez J, Gómez-Blanco J, Burguet-Castell J, Cuenca-Alba J, Abrishami V, Vargas J, Otón J, Sharov G, Vilas JL, Navas J, Conesa P, Kazemi M, Marabini R, Sorzano CO, Carazo JM.",J Struct Biol,2016,10.1016/j.jsb.2016.04.010,27108186,,522
10.1128/aac.03011-14,Molecular & cell biology,Screening of an FDA-approved compound library identifies four small-molecule inhibitors of Middle East respiratory syndrome coronavirus replication in cell culture.,"de Wilde AH, Jochmans D, Posthuma CC, Zevenhoven-Dobbe JC, van Nieuwkoop S, Bestebroer TM, van den Hoogen BG, Neyts J, Snijder EJ.",Antimicrob Agents Chemother,2014,10.1128/aac.03011-14,24841269,,522
10.1016/j.ymeth.2010.01.005,Molecular & cell biology,A practical approach to RT-qPCR-Publishing data that conform to the MIQE guidelines.,"Taylor S, Wakem M, Dijkman G, Alsarraj M, Nguyen M.",Methods,2010,10.1016/j.ymeth.2010.01.005,20215014,,522
10.1183/13993003.01090-2016,Molecular & cell biology,European Respiratory Society guidelines for the diagnosis of primary ciliary dyskinesia.,"Lucas JS, Barbato A, Collins SA, Goutaki M, Behan L, Caudri D, Dell S, Eber E, Escudier E, Hirst RA, Hogg C, Jorissen M, Latzin P, Legendre M, Leigh MW, Midulla F, Nielsen KG, Omran H, Papon JF, Pohunek P, Redfern B, Rigau D, Rindlisbacher B, Santamaria F, Shoemark A, Snijders D, Tonia T, Titieni A, Walker WT, Werner C, Bush A, Kuehni CE.",Eur Respir J,2017,10.1183/13993003.01090-2016,27836958,,510
10.1099/jgv.0.001453,Molecular & cell biology,"SARS-coronavirus-2 replication in Vero E6 cells: replication kinetics, rapid adaptation and cytopathology.","Ogando NS, Dalebout TJ, Zevenhoven-Dobbe JC, Limpens RWAL, van der Meer Y, Caly L, Druce J, de Vries JJC, Kikkert M, Bárcena M, Sidorov I, Snijder EJ.",J Gen Virol,2020,10.1099/jgv.0.001453,32568027,,506
10.1186/1471-2199-11-74,Molecular & cell biology,MIQE précis: Practical implementation of minimum standard guidelines for fluorescence-based quantitative real-time PCR experiments.,"Bustin SA, Beaulieu JF, Huggett J, Jaggi R, Kibenge FS, Olsvik PA, Penning LC, Toegel S.",BMC Mol Biol,2010,10.1186/1471-2199-11-74,20858237,,505
10.1126/science.abd3629,Molecular & cell biology,A molecular pore spans the double membrane of the coronavirus replication organelle.,"Wolff G, Limpens RWAL, Zevenhoven-Dobbe JC, Laugks U, Zheng S, de Jong AWM, Koning RI, Agard DA, Grünewald K, Koster AJ, Snijder EJ, Bárcena M.",Science,2020,10.1126/science.abd3629,32763915,,496
10.1073/pnas.0911500106,Molecular & cell biology,A double-hexameric MCM2-7 complex is loaded onto origin DNA during licensing of eukaryotic DNA replication.,"Evrin C, Clarke P, Zech J, Lurz R, Sun J, Uhle S, Li H, Stillman B, Speck C.",Proc Natl Acad Sci U S A,2009,10.1073/pnas.0911500106,19910535,,482
10.1172/jci58847,Molecular & cell biology; Preclinical animal research,IFN-α inhibits HBV transcription and replication in cell culture and in humanized mice by targeting the epigenetic regulation of the nuclear cccDNA minichromosome.,"Belloni L, Allweiss L, Guerrieri F, Pediconi N, Volz T, Pollicino T, Petersen J, Raimondo G, Dandri M, Levrero M.",J Clin Invest,2012,10.1172/jci58847,22251702,,478
10.1053/j.gastro.2006.09.052,Molecular & cell biology; Transcriptomics (bulk & single-cell),Interferons alpha and lambda inhibit hepatitis C virus replication with distinct signal transduction and gene regulation kinetics.,"Marcello T, Grakoui A, Barba-Spaeth G, Machlin ES, Kotenko SV, MacDonald MR, Rice CM.",Gastroenterology,2006,10.1053/j.gastro.2006.09.052,17087946,,466
10.1111/1469-0691.12371,Molecular & cell biology; Microbiology & microbiome,ESCMID and ECMM joint clinical guidelines for the diagnosis and management of mucormycosis 2013.,"Cornely OA, Arikan-Akdagli S, Dannaoui E, Groll AH, Lagrou K, Chakrabarti A, Lanternier F, Pagano L, Skiada A, Akova M, Arendrup MC, Boekhout T, Chowdhary A, Cuenca-Estrella M, Freiberger T, Guinea J, Guarro J, de Hoog S, Hope W, Johnson E, Kathuria S, Lackner M, Lass-Flörl C, Lortholary O, Meis JF, Meletiadis J, Muñoz P, Richardson M, Roilides E, Tortorano AM, Ullmann AJ, van Diepeningen A, Verweij P, Petrikkos G, European Society of Clinical Microbiology and Infectious Diseases Fungal Infection Study Group, European Confederation of Medical Mycology.",Clin Microbiol Infect,2014,10.1111/1469-0691.12371,24479848,,462
10.1016/j.molcel.2005.11.015,Molecular & cell biology,Multiple mechanisms control chromosome integrity after replication fork uncoupling and restart at irreparable UV lesions.,"Lopes M, Foiani M, Sogo JM.",Mol Cell,2006,10.1016/j.molcel.2005.11.015,16387650,,445
10.1371/journal.pbio.3000715,Molecular & cell biology,A unifying structural and functional model of the coronavirus replication organelle: Tracking down RNA synthesis.,"Snijder EJ, Limpens RWAL, de Wilde AH, de Jong AWM, Zevenhoven-Dobbe JC, Maier HJ, Faas FFGA, Koster AJ, Bárcena M.",PLoS Biol,2020,10.1371/journal.pbio.3000715,32511245,,438
10.1111/j.1468-1331.2005.01260.x,Molecular & cell biology,EFNS guidelines on the use of skin biopsy in the diagnosis of peripheral neuropathy.,"Lauria G, Cornblath DR, Johansson O, McArthur JC, Mellgren SI, Nolano M, Rosenberg N, Sommer C, European Federation of Neurological Societies.",Eur J Neurol,2005,10.1111/j.1468-1331.2005.01260.x,16190912,,425
10.1073/pnas.0704894104,Molecular & cell biology; Functional genomics screens,Cellular cofactors affecting hepatitis C virus infection and replication.,"Randall G, Panis M, Cooper JD, Tellinghuisen TL, Sukhodolets KE, Pfeffer S, Landthaler M, Landgraf P, Kan S, Lindenbach BD, Chien M, Weir DB, Russo JJ, Ju J, Brownstein MJ, Sheridan R, Sander C, Zavolan M, Tuschl T, Rice CM.",Proc Natl Acad Sci U S A,2007,10.1073/pnas.0704894104,17616579,,422
10.1371/journal.ppat.1003056,Molecular & cell biology,Three-dimensional architecture and biogenesis of membrane structures associated with hepatitis C virus replication.,"Romero-Brey I, Merz A, Chiramel A, Lee JY, Chlanda P, Haselman U, Santarella-Mellwig R, Habermann A, Hoppe S, Kallis S, Walther P, Antony C, Krijnse-Locker J, Bartenschlager R.",PLoS Pathog,2012,10.1371/journal.ppat.1003056,23236278,,421
10.1128/jvi.75.10.4614-4624.2001,Molecular & cell biology,Enhancement of hepatitis C virus RNA replication by cell culture-adaptive mutations.,"Krieger N, Lohmann V, Bartenschlager R.",J Virol,2001,10.1128/jvi.75.10.4614-4624.2001,11312331,,417
10.1128/jvi.02501-05,Molecular & cell biology,Ultrastructure and origin of membrane vesicles associated with the severe acute respiratory syndrome coronavirus replication complex.,"Snijder EJ, van der Meer Y, Zevenhoven-Dobbe J, Onderwater JJ, van der Meulen J, Koerten HK, Mommaas AM.",J Virol,2006,10.1128/jvi.02501-05,16731931,,416
10.1084/jem.186.1.139,Molecular & cell biology,HIV coreceptor downregulation as antiviral principle: SDF-1alpha-dependent internalization of the chemokine receptor CXCR4 contributes to inhibition of HIV replication.,"Amara A, Gall SL, Schwartz O, Salamero J, Montes M, Loetscher P, Baggiolini M, Virelizier JL, Arenzana-Seisdedos F.",J Exp Med,1997,10.1084/jem.186.1.139,9207008,,411
10.1038/s41467-020-18096-2,Molecular & cell biology,Feline coronavirus drug inhibits the main protease of SARS-CoV-2 and blocks virus replication.,"Vuong W, Khan MB, Fischer C, Arutyunova E, Lamer T, Shields J, Saffran HA, McKay RT, van Belkum MJ, Joyce MA, Young HS, Tyrrell DL, Vederas JC, Lemieux MJ.",Nat Commun,2020,10.1038/s41467-020-18096-2,32855413,,400
10.5858/arpa.2017-0124-ra,Molecular & cell biology,Guidelines for Pathologic Diagnosis of Malignant Mesothelioma 2017 Update of the Consensus Statement From the International Mesothelioma Interest Group.,"Husain AN, Colby TV, Ordóñez NG, Allen TC, Attanoos RL, Beasley MB, Butnor KJ, Chirieac LR, Churg AM, Dacic S, Galateau-Sallé F, Gibbs A, Gown AM, Krausz T, Litzky LA, Marchevsky A, Nicholson AG, Roggli VL, Sharma AK, Travis WD, Walts AE, Wick MR.",Arch Pathol Lab Med,2018,10.5858/arpa.2017-0124-ra,28686500,,398
10.1053/jhep.2003.50449,Molecular & cell biology,Cyclosporin A suppresses replication of hepatitis C virus genome in cultured hepatocytes.,"Watashi K, Hijikata M, Hosaka M, Yamaji M, Shimotohno K.",Hepatology,2003,10.1053/jhep.2003.50449,14578868,,390
10.1083/jcb.116.5.1095,Molecular & cell biology,Dynamic organization of DNA replication in mammalian cell nuclei: spatially and temporally defined replication of chromosome-specific alpha-satellite DNA sequences.,"O'Keefe RT, Henderson SC, Spector DL.",J Cell Biol,1992,10.1083/jcb.116.5.1095,1740468,,384
10.1016/j.jhep.2011.02.015,Molecular & cell biology,Hepatitis B virus X protein is essential to initiate and maintain virus replication after infection.,"Lucifora J, Arzberger S, Durantel D, Belloni L, Strubin M, Levrero M, Zoulim F, Hantz O, Protzer U.",J Hepatol,2011,10.1016/j.jhep.2011.02.015,21376091,,383
10.1146/annurev.micro.112408.134012,Molecular & cell biology,Organelle-like membrane compartmentalization of positive-strand RNA virus replication factories.,"den Boon JA, Ahlquist P.",Annu Rev Microbiol,2010,10.1146/annurev.micro.112408.134012,20825348,review,367
10.1016/j.jinf.2009.06.011,Molecular & cell biology,British Infection Society guidelines for the diagnosis and treatment of tuberculosis of the central nervous system in adults and children.,"Thwaites G, Fisher M, Hemingway C, Scott G, Solomon T, Innes J, British Infection Society.",J Infect,2009,10.1016/j.jinf.2009.06.011,19643501,,366
10.1128/jvi.76.8.3697-3708.2002,Molecular & cell biology,RNA replication of mouse hepatitis virus takes place at double-membrane vesicles.,"Gosert R, Kanjanahaluethai A, Egger D, Bienz K, Baker SC.",J Virol,2002,10.1128/jvi.76.8.3697-3708.2002,11907209,,365
10.1006/viro.1996.0307,Molecular & cell biology,Immunolocalization of the dengue virus nonstructural glycoprotein NS1 suggests a role in viral RNA replication.,"Mackenzie JM, Jones MK, Young PR.",Virology,1996,10.1006/viro.1996.0307,8659120,,356
10.1038/35082600,Molecular & cell biology,Cyclin-dependent kinases prevent DNA re-replication through multiple mechanisms.,"Nguyen VQ, Co C, Li JJ.",Nature,2001,10.1038/35082600,11429609,,355
10.1016/0092-8674(93)90235-i,Molecular & cell biology,Visualization of replication factories attached to nucleoskeleton.,"Hozák P, Hassan AB, Jackson DA, Cook PR.",Cell,1993,10.1016/0092-8674(93)90235-i,8097433,,348
10.1034/j.1600-0854.2003.00135.x,Molecular & cell biology,Visualization of retroviral replication in living cells reveals budding into multivesicular bodies.,"Sherer NM, Lehmann MJ, Jimenez-Soto LF, Ingmundson A, Horner SM, Cicchetti G, Allen PG, Pypaert M, Cunningham JM, Mothes W.",Traffic,2003,10.1034/j.1600-0854.2003.00135.x,14617360,,346
10.1038/nn.3709,Molecular & cell biology; Neuroscience,High-fidelity optical reporting of neuronal electrical activity with an ultrafast fluorescent voltage sensor.,"St-Pierre F, Marshall JD, Yang Y, Gong Y, Schnitzer MJ, Lin MZ.",Nat Neurosci,2014,10.1038/nn.3709,24755780,,343
10.1126/science.1185757,Molecular & cell biology,Stoichiometry and architecture of active DNA replication machinery in Escherichia coli.,"Reyes-Lamothe R, Sherratt DJ, Leake MC.",Science,2010,10.1126/science.1185757,20413500,,339
10.1073/pnas.0402606101,Molecular & cell biology; Microbiology & microbiome,Rapid and sequential movement of individual chromosomal loci to specific subcellular locations during bacterial DNA replication.,"Viollier PH, Thanbichler M, McGrath PT, West L, Meewan M, McAdams HH, Shapiro L.",Proc Natl Acad Sci U S A,2004,10.1073/pnas.0402606101,15178755,,335
10.1093/aob/mcq243,Biochemistry & structural biology; Ecology & evolution,Proliferating cell nuclear antigen (PCNA): a key factor in DNA replication and cell cycle regulation.,"Strzalka W, Ziemienowicz A.",Ann Bot,2011,10.1093/aob/mcq243,21169293,review,595
10.1373/clinchem.2008.105601,Biochemistry & structural biology,"National Academy of Clinical Biochemistry laboratory medicine practice guidelines for use of tumor markers in testicular, prostate, colorectal, breast, and ovarian cancers.","Sturgeon CM, Duffy MJ, Stenman UH, Lilja H, Brünner N, Chan DW, Babaian R, Bast RC, Dowell B, Esteva FJ, Haglund C, Harbeck N, Hayes DF, Holten-Andersen M, Klee GG, Lamerz R, Looijenga LH, Molina R, Nielsen HJ, Rittenhouse H, Semjonow A, Shih IeM, Sibley P, Sölétormos G, Stephan C, Sokoll L, Hoffman BR, Diamandis EP, National Academy of Clinical Biochemistry.",Clin Chem,2008,10.1373/clinchem.2008.105601,19042984,,413
10.1530/eje-07-0631,Biochemistry & structural biology,"Consensus guidelines for the diagnosis and treatment of adults with GH deficiency II: a statement of the GH Research Society in association with the European Society for Pediatric Endocrinology, Lawson Wilkins Society, European Society of Endocrinology, Japan Endocrine Society, and Endocrine Society of Australia.","Ho KK, 2007 GH Deficiency Consensus Workshop Participants.",Eur J Endocrinol,2007,10.1530/eje-07-0631,18057375,,408
10.1007/s00428-017-2221-0,Biochemistry & structural biology; Microbiology & microbiome,Guidelines for autopsy investigation of sudden cardiac death: 2017 update from the Association for European Cardiovascular Pathology.,"Basso C, Aguilera B, Banner J, Cohle S, d'Amati G, de Gouveia RH, di Gioia C, Fabre A, Gallagher PJ, Leone O, Lucena J, Mitrofanova L, Molina P, Parsons S, Rizzo S, Sheppard MN, Mier MPS, Kim Suvarna S, Thiene G, van der Wal A, Vink A, Michaud K, Association for European Cardiovascular Pathology.",Virchows Arch,2017,10.1007/s00428-017-2221-0,28889247,,383
10.1136/gutjnl-2017-314924,Biochemistry & structural biology,Guidelines on the management of abnormal liver blood tests.,"Newsome PN, Cramb R, Davison SM, Dillon JF, Foulerton M, Godfrey EM, Hall R, Harrower U, Hudson M, Langford A, Mackie A, Mitchell-Thain R, Sennett K, Sheron NC, Verne J, Walmsley M, Yeoman A.",Gut,2018,10.1136/gutjnl-2017-314924,29122851,,372
10.1146/annurev.biochem.71.083101.133940,Biochemistry & structural biology; Microbiology & microbiome,The bacterial RecA protein and the recombinational DNA repair of stalled replication forks.,"Lusetti SL, Cox MM.",Annu Rev Biochem,2002,10.1146/annurev.biochem.71.083101.133940,12045091,review,345
10.1146/annurev-biochem-062917-012415,Biochemistry & structural biology,The MRE11-RAD50-NBS1 Complex Conducts the Orchestration of Damage Signaling and Outcomes to Stress in DNA Replication and Repair.,"Syed A, Tainer JA.",Annu Rev Biochem,2018,10.1146/annurev-biochem-062917-012415,29709199,review,344
10.3748/wjg.v13.i1.48,Biochemistry & structural biology,Hepatitis B virus replication.,"Beck J, Nassal M.",World J Gastroenterol,2007,10.3748/wjg.v13.i1.48,17206754,review,331
10.1002/pro.351,Biochemistry & structural biology,Small-angle scattering for structural biology--expanding the frontier while avoiding the pitfalls.,"Jacques DA, Trewhella J.",Protein Sci,2010,10.1002/pro.351,20120026,review,308
10.2337/dc11-9998,Biochemistry & structural biology,Guidelines and recommendations for laboratory analysis in the diagnosis and management of diabetes mellitus.,"Sacks DB, Arnold M, Bakris GL, Bruns DE, Horvath AR, Horvath AR, Kirkman MS, Lernmark A, Metzger BE, Nathan DM, National Academy of Clinical Biochemistry, Evidence-Based Laboratory Medicine Committee of the American Association for Clinical Chemistry.",Diabetes Care,2011,10.2337/dc11-9998,21617108,review,302
10.1373/clinchem.2010.161596,Biochemistry & structural biology,Guidelines and recommendations for laboratory analysis in the diagnosis and management of diabetes mellitus.,"Sacks DB, Arnold M, Bakris GL, Bruns DE, Horvath AR, Horvath AR, Kirkman MS, Lernmark A, Metzger BE, Nathan DM.",Clin Chem,2011,10.1373/clinchem.2010.161596,21617152,,294
10.1093/bioinformatics/btz536,Biochemistry & structural biology; Bioinformatics & computational biology,Benchmarking fold detection by DaliLite v.5.,Holm L.,Bioinformatics,2019,10.1093/bioinformatics/btz536,31263867,,286
10.1016/j.bcp.2006.08.007,Biochemistry & structural biology,The alternative NF-kappaB pathway from biochemistry to biology: pitfalls and promises for future drug development.,Dejardin E.,Biochem Pharmacol,2006,10.1016/j.bcp.2006.08.007,16970925,review,286
10.1161/circulationaha.107.182882,Biochemistry & structural biology,National Academy of Clinical Biochemistry Laboratory Medicine Practice Guidelines: Clinical characteristics and utilization of biochemical markers in acute coronary syndromes.,"Morrow DA, Cannon CP, Jesse RL, Newby LK, Ravkilde J, Storrow AB, Wu AH, Christenson RH, National Academy of Clinical Biochemistry.",Circulation,2007,10.1161/circulationaha.107.182882,17384331,,282
10.1373/clinchem.2006.084194,Biochemistry & structural biology,National Academy of Clinical Biochemistry Laboratory Medicine Practice Guidelines: clinical characteristics and utilization of biochemical markers in acute coronary syndromes.,"Morrow DA, Cannon CP, Jesse RL, Newby LK, Ravkilde J, Storrow AB, Wu AH, Christenson RH, Apple FS, Francis G, Tang W, National Academy of Clinical Biochemistry.",Clin Chem,2007,10.1373/clinchem.2006.084194,17384001,,282
10.1021/bi00216a030,Biochemistry & structural biology,An induced-fit kinetic mechanism for DNA replication fidelity: direct measurement by single-turnover kinetics.,"Wong I, Patel SS, Johnson KA.",Biochemistry,1991,10.1021/bi00216a030,1846299,,281
10.1111/j.1574-6976.2002.tb00620.x,Biochemistry & structural biology,"The bacterial replication initiator DnaA. DnaA and oriC, the bacterial mode to initiate DNA replication.",Messer W.,FEMS Microbiol Rev,2002,10.1111/j.1574-6976.2002.tb00620.x,12413665,review,273
10.1111/j.1365-2141.2011.08921.x,Biochemistry & structural biology,Guidelines for the diagnosis and management of hereditary spherocytosis--2011 update.,"Bolton-Maggs PH, Langer JC, Iolascon A, Tittensor P, King MJ, General Haematology Task Force of the British Committee for Standards in Haematology.",Br J Haematol,2012,10.1111/j.1365-2141.2011.08921.x,22055020,,249
10.1126/science.abg5827,Biochemistry & structural biology,Masitinib is a broad coronavirus 3CL inhibitor that blocks replication of SARS-CoV-2.,"Drayman N, DeMarco JK, Jones KA, Azizi SA, Froggatt HM, Tan K, Maltseva NI, Chen S, Nicolaescu V, Dvorkin S, Furlong K, Kathayat RS, Firpo MR, Mastrodomenico V, Bruce EA, Schmidt MM, Jedrzejczak R, Muñoz-Alía MÁ, Schuster B, Nair V, Han KY, O'Brien A, Tomatsidou A, Meyer B, Vignuzzi M, Missiakas D, Botten JW, Brooke CB, Lee H, Baker SC, Mounce BC, Heaton NS, Severson WE, Palmer KE, Dickinson BC, Joachimiak A, Randall G, Tay S.",Science,2021,10.1126/science.abg5827,34285133,,217
10.1021/bi00455a019,Biochemistry & structural biology,In vivo studies on the dynamics of histone-DNA interaction: evidence for nucleosome dissolution during replication and transcription and a low level of dissolution independent of both.,Jackson V.,Biochemistry,1990,10.1021/bi00455a019,1692479,,195
10.1128/mmbr.00029-06,Biochemistry & structural biology,DNA replication in the archaea.,"Barry ER, Bell SD.",Microbiol Mol Biol Rev,2006,10.1128/mmbr.00029-06,17158702,review,190
10.1126/scitranslmed.abc5332,Biochemistry & structural biology,3C-like protease inhibitors block coronavirus replication in vitro and improve survival in MERS-CoV-infected mice.,"Rathnayake AD, Zheng J, Kim Y, Perera KD, Mackin S, Meyerholz DK, Kashipathy MM, Battaile KP, Lovell S, Perlman S, Groutas WC, Chang KO.",Sci Transl Med,2020,10.1126/scitranslmed.abc5332,32747425,,186
10.1038/349538a0,Biochemistry & structural biology,Requirement for the replication protein SSB in human DNA excision repair.,"Coverley D, Kenny MK, Munn M, Rupp WD, Lane DP, Wood RD.",Nature,1991,10.1038/349538a0,1992355,,182
10.1161/circulationaha.107.185267,Biochemistry & structural biology,National Academy of Clinical Biochemistry Laboratory Medicine practice guidelines: Clinical utilization of cardiac biomarker testing in heart failure.,"Tang WH, Francis GS, Morrow DA, Newby LK, Cannon CP, Jesse RL, Storrow AB, Christenson RH, Apple FS, Ravkilde J, Wu AH, National Academy of Clinical Biochemistry Laboratory Medicine.",Circulation,2007,10.1161/circulationaha.107.185267,17630410,,177
10.1161/circulationaha.107.182881,Biochemistry & structural biology,National Academy of Clinical Biochemistry and IFCC Committee for Standardization of Markers of Cardiac Damage Laboratory Medicine Practice Guidelines: Analytical issues for biochemical markers of acute coronary syndromes.,"Apple FS, Jesse RL, Newby LK, Wu AH, Christenson RH, National Academy of Clinical Biochemistry, IFCC Committee for Standardization of Markers of Cardiac Damage.",Circulation,2007,10.1161/circulationaha.107.182881,17384332,,176
10.1016/j.dld.2010.01.021,Biochemistry & structural biology,Practice guidelines for the diagnosis and management of nonalcoholic fatty liver disease. A decalogue from the Italian Association for the Study of the Liver (AISF) Expert Committee.,"Loria P, Adinolfi LE, Bellentani S, Bugianesi E, Grieco A, Fargion S, Gasbarrini A, Gasbarrini A, Loguercio C, Lonardo A, Marchesini G, Marra F, Persico M, Prati D, Baroni GS, NAFLD Expert Committee of the Associazione Italiana per lo studio del Fegato.",Dig Liver Dis,2010,10.1016/j.dld.2010.01.021,20171943,,170
10.1111/vcp.12101,Biochemistry & structural biology,ASVCP guidelines: allowable total error guidelines for biochemistry.,"Harr KE, Flatland B, Nabity M, Freeman KP, ASVCP.",Vet Clin Pathol,2013,10.1111/vcp.12101,24320779,,169
10.1373/clinchem.2007.095679,Biochemistry & structural biology,National Academy of Clinical Biochemistry laboratory medicine practice guidelines: use of cardiac troponin and B-type natriuretic peptide or N-terminal proB-type natriuretic peptide for etiologies other than acute coronary syndromes and heart failure.,"NACB Writing Group, Wu AH, Jaffe AS, Apple FS, Jesse RL, Francis GL, Morrow DA, Newby LK, Ravkilde J, Tang WH, Christenson RH, NACB Committee, Cannon CP, Storrow AB.",Clin Chem,2007,10.1373/clinchem.2007.095679,17954494,,164
10.1016/s0960-9822(00)00855-1,Biochemistry & structural biology,Xenopus ATR is a replication-dependent chromatin-binding protein required for the DNA replication checkpoint.,"Hekmat-Nejad M, You Z, Yee MC, Newport JW, Cimprich KA.",Curr Biol,2000,10.1016/s0960-9822(00)00855-1,11137007,,153
10.1016/s0955-0674(98)80118-x,Biochemistry & structural biology,Mitotic DNA damage and replication checkpoints in yeast.,"Rhind N, Russell P.",Curr Opin Cell Biol,1998,10.1016/s0955-0674(98)80118-x,9914174,review,141
10.1373/clinchem.2009.133124,Biochemistry & structural biology,"National Academy of Clinical Biochemistry Laboratory Medicine Practice Guidelines for use of tumor markers in liver, bladder, cervical, and gastric cancers.","Sturgeon CM, Duffy MJ, Hofmann BR, Lamerz R, Fritsche HA, Gaarenstroom K, Bonfrer J, Ecke TH, Grossman HB, Hayes P, Hoffmann RT, Lerner SP, Löhe F, Louhimo J, Sawczuk I, Taketa K, Diamandis EP, National Academy of Clinical Biochemistry.",Clin Chem,2010,10.1373/clinchem.2009.133124,20207771,,139
10.1046/j.1464-5491.2001.00509.x,Biochemistry & structural biology,Contraindications to metformin therapy in patients with Type 2 diabetes--a population-based study of adherence to prescribing guidelines.,"Emslie-Smith AM, Boyle DI, Evans JM, Sullivan F, Morris AD, DARTS/MEMO Collaboration.",Diabet Med,2001,10.1046/j.1464-5491.2001.00509.x,11472468,,138
10.1093/emboj/17.22.6427,Biochemistry & structural biology,Replication errors: cha(lle)nging the genome.,Jiricny J.,EMBO J,1998,10.1093/emboj/17.22.6427,9822589,review,137
10.1038/ncomms2620,Biochemistry & structural biology,Impact of macromolecular crowding on DNA replication.,"Akabayov B, Akabayov SR, Lee SJ, Wagner G, Richardson CC.",Nat Commun,2013,10.1038/ncomms2620,23511479,,135
10.1038/s41589-024-01638-w,Biochemistry & structural biology,The power and pitfalls of AlphaFold2 for structure prediction beyond rigid globular proteins.,"Agarwal V, McShan AC.",Nat Chem Biol,2024,10.1038/s41589-024-01638-w,38907110,review,134
10.1021/ja5055862,Biochemistry & structural biology,Genetically encoded optochemical probes for simultaneous fluorescence reporting and light activation of protein function with two-photon excitation.,"Luo J, Uprety R, Naro Y, Chou C, Nguyen DP, Chin JW, Deiters A.",J Am Chem Soc,2014,10.1021/ja5055862,25341086,,133
10.1038/35025102,Biochemistry & structural biology,Activation of heat-shock response by an adenovirus is essential for virus replication.,"Glotzer JB, Saltik M, Chiocca S, Michou AI, Moseley P, Cotten M.",Nature,2000,10.1038/35025102,11001061,,131
10.1373/clinchem.2006.084715,Biochemistry & structural biology,National Academy of Clinical Biochemistry and IFCC Committee for Standardization of Markers of Cardiac Damage Laboratory Medicine Practice Guidelines: analytical issues for biochemical markers of acute coronary syndromes.,"Apple FS, Jesse RL, Newby LK, Wu AH, Christenson RH, Cannon CP, Francis G, Morrow DA, Ravkilde J, Storrow AB, Tang W, IFCC Comittee on Standardization of Markers of Cardiac Damege, Jaffe AS, Mair J, Ordonez-Llanos J, Pagani F, Panteghini M, Tate J, National Academy of Clinical Biochemistry.",Clin Chem,2007,10.1373/clinchem.2006.084715,17384000,,130
10.1128/jvi.00947-10,Biochemistry & structural biology,"Culturing the unculturable: human coronavirus HKU1 infects, replicates, and produces progeny virions in human ciliated airway epithelial cell cultures.","Pyrc K, Sims AC, Dijkman R, Jebbink M, Long C, Deming D, Donaldson E, Vabret A, Baric R, van der Hoek L, Pickles R.",J Virol,2010,10.1128/jvi.00947-10,20719951,,128
10.1016/s0969-2126(02)00738-4,Biochemistry & structural biology,Structural basis for proofreading during replication of the Escherichia coli chromosome.,"Hamdan S, Carr PD, Brown SE, Ollis DL, Dixon NE.",Structure,2002,10.1016/s0969-2126(02)00738-4,11937058,,127
10.1373/49.3.357,Biochemistry & structural biology,National academy of clinical biochemistry laboratory medicine practice guidelines: recommendations for the use of laboratory tests to support poisoned patients who present to the emergency department.,"Wu AH, McKay C, Broussard LA, Hoffman RS, Kwong TC, Moyer TP, Otten EM, Welch SL, Wax P, National Academy of Clinical Biochemistry Laboratory Medicine.",Clin Chem,2003,10.1373/49.3.357,12600948,,125
10.1373/clinchem.2008.115899,Biochemistry & structural biology,National Academy of Clinical Biochemistry Laboratory Medicine Practice guidelines: emerging biomarkers for primary prevention of cardiovascular disease.,"NACB LMPG Committee Members, Myers GL, Christenson RH, Cushman M, Ballantyne CM, Cooper GR, Pfeiffer CM, Grundy SM, Labarthe DR, Levy D, Rifai N, Wilson PW.",Clin Chem,2009,10.1373/clinchem.2008.115899,19106185,,119
10.1021/jp0521757,Biochemistry & structural biology,On possible pitfalls in ab initio quantum mechanics/molecular mechanics minimization approaches for studies of enzymatic reactions.,"Klähn M, Braun-Sand S, Rosta E, Warshel A.",J Phys Chem B,2005,10.1021/jp0521757,16852982,,118
10.1016/j.str.2022.11.012,Biochemistry & structural biology,Benchmarking AlphaFold2 on peptide structure prediction.,"McDonald EF, Jones T, Plate L, Meiler J, Gulsevin A.",Structure,2023,10.1016/j.str.2022.11.012,36525975,,116
10.1073/pnas.91.18.8700,Biochemistry & structural biology,The cellular DNA polymerase alpha-primase is required for papillomavirus DNA replication and associates with the viral E1 helicase.,"Park P, Copeland W, Yang L, Wang T, Botchan MR, Mohr IJ.",Proc Natl Acad Sci U S A,1994,10.1073/pnas.91.18.8700,8078945,,113
10.1016/j.plasmid.2005.07.002,Biochemistry & structural biology,Plasmid R1--replication and its control.,Nordström K.,Plasmid,2006,10.1016/j.plasmid.2005.07.002,16199086,review,102
10.1021/bi982371m,Biochemistry & structural biology,Replication protein A interactions with DNA. 2. Characterization of double-stranded DNA-binding/helix-destabilization activities and the role of the zinc-finger domain in DNA interactions.,"Lao Y, Lee CG, Wold MS.",Biochemistry,1999,10.1021/bi982371m,10194309,,99
10.1146/annurev-biochem-052621-092014,Biochemistry & structural biology,Replication and Transcription of Human Mitochondrial DNA.,"Falkenberg M, Larsson NG, Gustafsson CM.",Annu Rev Biochem,2024,10.1146/annurev-biochem-052621-092014,38594940,review,98
10.1373/clinchem.2007.094144,Biochemistry & structural biology,National Academy of Clinical Biochemistry Laboratory Medicine Practice Guidelines for use of tumor markers in clinical practice: quality requirements.,"Sturgeon CM, Hoffman BR, Chan DW, Ch'ng SL, Hammond E, Hayes DF, Liotta LA, Petricoin EF, Schmitt M, Semmes OJ, Söletormos G, van der Merwe E, Diamandis EP, National Academy of Clinical Biochemistry.",Clin Chem,2008,10.1373/clinchem.2007.094144,18606634,,96
10.3390/v15091847,Biochemistry & structural biology,Feline Infectious Peritonitis: European Advisory Board on Cat Diseases Guidelines.,"Tasker S, Addie DD, Egberink H, Hofmann-Lehmann R, Hosie MJ, Truyen U, Belák S, Boucraut-Baralon C, Frymus T, Lloret A, Marsilio F, Pennisi MG, Thiry E, Möstl K, Hartmann K.",Viruses,2023,10.3390/v15091847,37766254,review,95
10.1021/acs.jcim.2c01219,Biochemistry & structural biology,Benchmarking Refined and Unrefined AlphaFold2 Structures for Hit Discovery.,"Zhang Y, Vass M, Shi D, Abualrous E, Chambers JM, Chopra N, Higgs C, Kasavajhala K, Li H, Nandekar P, Sato H, Miller EB, Repasky MP, Jerome SV.",J Chem Inf Model,2023,10.1021/acs.jcim.2c01219,36897766,,95
10.2337/dc11-9997,Biochemistry & structural biology,Position statement executive summary: guidelines and recommendations for laboratory analysis in the diagnosis and management of diabetes mellitus.,"Sacks DB, Arnold M, Bakris GL, Bruns DE, Horvath AR, Horvath AR, Kirkman MS, Lernmark A, Metzger BE, Nathan DM, National Academy of Clinical Biochemistry.",Diabetes Care,2011,10.2337/dc11-9997,21617111,review,92
10.1021/bi00131a013,Biochemistry & structural biology,Replication inhibition and translesion synthesis on templates containing site-specifically placed cis-diamminedichloroplatinum(II) DNA adducts.,"Comess KM, Burstyn JN, Essigmann JM, Lippard SJ.",Biochemistry,1992,10.1021/bi00131a013,1314653,,91
10.1093/nar/gks1332,Biochemistry & structural biology,A new structural framework for integrating replication protein A into DNA processing machinery.,"Brosey CA, Yan C, Tsutakawa SE, Heller WT, Rambo RP, Tainer JA, Ivanov I, Chazin WJ.",Nucleic Acids Res,2013,10.1093/nar/gks1332,23303776,,89
10.1111/cen.14633,Biochemistry & structural biology,Society for Endocrinology guidelines for testosterone replacement therapy in male hypogonadism.,"Jayasena CN, Anderson RA, Llahana S, Barth JH, MacKenzie F, Wilkes S, Smith N, Sooriakumaran P, Minhas S, Wu FCW, Tomlinson J, Quinton R.",Clin Endocrinol (Oxf),2022,10.1111/cen.14633,34811785,,87
10.1038/clpt.2014.97,Biochemistry & structural biology,Clinical Pharmacogenetics Implementation Consortium (CPIC) guidelines for rasburicase therapy in the context of G6PD deficiency genotype.,"Relling MV, McDonagh EM, Chang T, Caudle KE, McLeod HL, Haidar CE, Klein T, Luzzatto L, Clinical Pharmacogenetics Implementation Consortium.",Clin Pharmacol Ther,2014,10.1038/clpt.2014.97,24787449,,86
10.1016/s0921-8777(99)00047-6,Biochemistry & structural biology,Replication of damaged DNA: molecular defect in xeroderma pigmentosum variant cells.,"Cordonnier AM, Fuchs RP.",Mutat Res,1999,10.1016/s0921-8777(99)00047-6,10556591,review,84
10.1021/jm100073m,Biochemistry & structural biology,Discovery of novel small molecule orally bioavailable C-X-C chemokine receptor 4 antagonists that are potent inhibitors of T-tropic (X4) HIV-1 replication.,"Skerlj RT, Bridger GJ, Kaller A, McEachern EJ, Crawford JB, Zhou Y, Atsma B, Langille J, Nan S, Veale D, Wilson T, Harwig C, Hatse S, Princen K, De Clercq E, Schols D.",J Med Chem,2010,10.1021/jm100073m,20297846,,81
10.1097/00000539-199710000-00031,Biochemistry & structural biology,"Low molecular weight heparin: biochemistry, pharmacology, perioperative prophylaxis regimens, and guidelines for regional anesthetic management.","Horlocker TT, Heit JA.",Anesth Analg,1997,10.1097/00000539-199710000-00031,9322474,review,81
10.1074/jbc.274.21.14972,Biochemistry & structural biology,Replication protein A (RPA) binding to duplex cisplatin-damaged DNA is mediated through the generation of single-stranded DNA.,"Patrick SM, Turchi JJ.",J Biol Chem,1999,10.1074/jbc.274.21.14972,10329699,,78
10.1007/s12192-008-0068-7,Biotechnology & bioprocessing,Guidelines for the nomenclature of the human heat shock proteins.,"Kampinga HH, Hageman J, Vos MJ, Kubota H, Tanguay RM, Bruford EA, Cheetham ME, Chen B, Hightower LE.",Cell Stress Chaperones,2009,10.1007/s12192-008-0068-7,18663603,,1012
10.1038/nature07758,Biotechnology & bioprocessing,The promises and pitfalls of RNA-interference-based therapeutics.,"Castanotto D, Rossi JJ.",Nature,2009,10.1038/nature07758,19158789,review,892
10.1039/c3cs60218d,Biotechnology & bioprocessing; Pharmacy & pharmacology,"Nanosilver-based antibacterial drugs and devices: mechanisms, methodological drawbacks, and guidelines.","Rizzello L, Pompa PP.",Chem Soc Rev,2014,10.1039/c3cs60218d,24292075,review,414
10.1093/glycob/cwz045,Biotechnology & bioprocessing,Updates to the Symbol Nomenclature for Glycans guidelines.,"Neelamegham S, Aoki-Kinoshita K, Bolton E, Frank M, Lisacek F, Lütteke T, O'Boyle N, Packer NH, Stanley P, Toukach P, Varki A, Woods RJ, SNFG Discussion Group.",Glycobiology,2019,10.1093/glycob/cwz045,31184695,,411
10.1016/j.talanta.2014.01.034,Biotechnology & bioprocessing,Experimental design and multiple response optimization. Using the desirability function in analytical methods development.,"Candioti LV, De Zan MM, Cámara MS, Goicoechea HC.",Talanta,2014,10.1016/j.talanta.2014.01.034,24767454,,369
10.1146/annurev.biophys.30.1.1,Biotechnology & bioprocessing,"Hydrogen bonding, base stacking, and steric effects in dna replication.",Kool ET.,Annu Rev Biophys Biomol Struct,2001,10.1146/annurev.biophys.30.1.1,11340050,review,330
10.1016/j.ymeth.2009.12.006,Biotechnology & bioprocessing,Why the need for qPCR publication guidelines?--The case for MIQE.,Bustin SA.,Methods,2010,10.1016/j.ymeth.2009.12.006,20025972,,275
10.1002/btpr.67,Biotechnology & bioprocessing; Pharmacy & pharmacology,Bioprocess optimization using design-of-experiments methodology.,"Mandenius CF, Brundin A.",Biotechnol Prog,2008,10.1002/btpr.67,19194932,,216
10.1016/s0022-2836(03)00233-x,Biotechnology & bioprocessing,Contribution of surface salt bridges to protein stability: guidelines for protein engineering.,"Makhatadze GI, Loladze VV, Ermolenko DN, Chen X, Thomas ST.",J Mol Biol,2003,10.1016/s0022-2836(03)00233-x,12662936,,190
10.1074/jbc.m204490200,Biotechnology & bioprocessing,Reproducibility of oligonucleotide microarray transcriptome analyses. An interlaboratory comparison using chemostat cultures of Saccharomyces cerevisiae.,"Piper MD, Daran-Lapujade P, Bro C, Regenberg B, Knudsen S, Nielsen J, Pronk JT.",J Biol Chem,2002,10.1074/jbc.m204490200,12121991,,180
10.1615/critrevtherdrugcarriersyst.v22.i1.20,Biotechnology & bioprocessing; Pharmacy & pharmacology,"Optimizing drug delivery systems using systematic ""design of experiments."" Part I: fundamental aspects.","Singh B, Kumar R, Ahuja N.",Crit Rev Ther Drug Carrier Syst,2005,10.1615/critrevtherdrugcarriersyst.v22.i1.20,15715503,review,172
10.1093/nar/gkh315,Biotechnology & bioprocessing,Chemical and biochemical strategies for the randomization of protein encoding DNA sequences: library construction methods for directed evolution.,Neylon C.,Nucleic Acids Res,2004,10.1093/nar/gkh315,14990750,review,167
10.1002/jbm.a.35638,Biotechnology & bioprocessing,"Self-assembling peptide nanofiber hydrogels in tissue engineering and regenerative medicine: Progress, design guidelines, and applications.",Koutsopoulos S.,J Biomed Mater Res A,2016,10.1002/jbm.a.35638,26707893,review,163
10.1016/j.jhazmat.2009.06.035,Biotechnology & bioprocessing,Response surface modeling of Pb(II) removal from aqueous solution by Pistacia vera L.: Box-Behnken experimental design.,"Yetilmezsoy K, Demirel S, Vanderbei RJ.",J Hazard Mater,2009,10.1016/j.jhazmat.2009.06.035,19577844,,146
10.1002/elps.201200605,Biotechnology & bioprocessing,Mammalian cell metabolomics: experimental design and sample preparation.,"León Z, García-Cañaveras JC, Donato MT, Lahoz A.",Electrophoresis,2013,10.1002/elps.201200605,23436493,review,145
10.1016/j.tibtech.2021.02.007,Biotechnology & bioprocessing,"Rolling Circle Replication for Biosensing, Bioimaging, and Biomedicine.","Yue S, Li Y, Qiao Z, Song W, Bi S.",Trends Biotechnol,2021,10.1016/j.tibtech.2021.02.007,33715868,review,132
10.1021/bi052101l,Biotechnology & bioprocessing,Leveraging enzyme structure-function relationships for functional inference and experimental design: the structure-function linkage database.,"Pegg SC, Brown SD, Ojha S, Seffernick J, Meng EC, Morris JH, Chang PJ, Huang CC, Ferrin TE, Babbitt PC.",Biochemistry,2006,10.1021/bi052101l,16489747,,125
10.1021/ja408814g,Biotechnology & bioprocessing,Natural-like replication of an unnatural base pair for the expansion of the genetic alphabet and biotechnology applications.,"Li L, Degardin M, Lavergne T, Malyshev DA, Dhami K, Ordoukhanian P, Romesberg FE.",J Am Chem Soc,2014,10.1021/ja408814g,24152106,,121
10.1007/s00216-010-3646-3,Biotechnology & bioprocessing,"Cytometric methods for measuring bacteria in water: advantages, pitfalls and applications.","Hammes F, Egli T.",Anal Bioanal Chem,2010,10.1007/s00216-010-3646-3,20352197,review,113
10.1007/s00253-015-6514-4,Biotechnology & bioprocessing,Benchmarking of commercially available CHO cell culture media for antibody production.,"Reinhart D, Damjanovic L, Kaisermayer C, Kunert R.",Appl Microbiol Biotechnol,2015,10.1007/s00253-015-6514-4,25846330,,105
10.1371/journal.pone.0063221,Biotechnology & bioprocessing,A survey on data reproducibility in cancer research provides insights into our limited ability to translate findings from the laboratory to the clinic.,"Mobley A, Linder SK, Braeuer R, Ellis LM, Zwelling L.",PLoS One,2013,10.1371/journal.pone.0063221,23691000,,105
10.1016/s1389-1723(01)80027-x,Biotechnology & bioprocessing,Experimental design for fermentation media development: statistical design or global random search?,Weuster-Botz D.,J Biosci Bioeng,2000,10.1016/s1389-1723(01)80027-x,16232896,,103
21808130,Biotechnology & bioprocessing,ICMR-DBT guidelines for evaluation of probiotics in food.,"Indian Council of Medical Research Task Force, Co-ordinating Unit ICMR, Co-ordinating Unit DBT.",Indian J Med Res,2011,,21808130,,94
10.1111/eci.12801,Biotechnology & bioprocessing,"Talking the talk, but not walking the walk: RT-qPCR as a paradigm for the lack of reproducibility in molecular research.","Bustin S, Nolan T.",Eur J Clin Invest,2017,10.1111/eci.12801,28796277,review,88
10.1016/j.ultsonch.2013.05.014,Biotechnology & bioprocessing,Optimization of the ultrasonic assisted removal of methylene blue by gold nanoparticles loaded on activated carbon using experimental design methodology.,"Roosta M, Ghaedi M, Daneshfar A, Sahraei R, Asghari A.",Ultrason Sonochem,2014,10.1016/j.ultsonch.2013.05.014,23856588,,87
10.1016/j.mec.2020.e00126,Biotechnology & bioprocessing,Synthetic control of plasmid replication enables target- and self-curing of vectors and expedites genome engineering of <i>Pseudomonas putida</i>.,"Volke DC, Friis L, Wirth NT, Turlin J, Nikel PI.",Metab Eng Commun,2020,10.1016/j.mec.2020.e00126,32215253,,80
10.1016/j.msec.2017.03.219,Biotechnology & bioprocessing,Design of experiments for microencapsulation applications: A review.,"Paulo F, Santos L.",Mater Sci Eng C Mater Biol Appl,2017,10.1016/j.msec.2017.03.219,28532010,review,80
10.1002/(sici)1097-0282(1998)47:1<41::aid-bip6>3.0.co;2-x,Biotechnology & bioprocessing,Guidelines for membrane protein engineering derived from de novo designed model peptides.,"Liu LP, Deber CM.",Biopolymers,1998,10.1002/(sici)1097-0282(1998)47:1<41::aid-bip6>3.0.co;2-x,9692326,review,80
10.1002/gepi.20639,Biotechnology & bioprocessing,Pitfalls of merging GWAS data: lessons learned in the eMERGE network and quality control procedures to maintain high data quality.,"Zuvich RL, Armstrong LL, Bielinski SJ, Bradford Y, Carlson CS, Crawford DC, Crenshaw AT, de Andrade M, Doheny KF, Haines JL, Hayes MG, Jarvik GP, Jiang L, Kullo IJ, Li R, Ling H, Manolio TA, Matsumoto ME, McCarty CA, McDavid AN, Mirel DB, Olson LM, Paschall JE, Pugh EW, Rasmussen LV, Rasmussen-Torvik LJ, Turner SD, Wilke RA, Ritchie MD.",Genet Epidemiol,2011,10.1002/gepi.20639,22125226,,79
10.1016/j.ejpb.2006.09.001,Biotechnology & bioprocessing,Release modulating hydrophilic matrix systems of losartan potassium: optimization of formulation using statistical experimental design.,"Chopra S, Patil GV, Motwani SK.",Eur J Pharm Biopharm,2007,10.1016/j.ejpb.2006.09.001,17056238,,78
10.1016/j.jhazmat.2009.10.050,Biotechnology & bioprocessing,Photocatalytic degradation using design of experiments: a review and example of the Congo red degradation.,"Sakkas VA, Islam MA, Stalikas C, Albanis TA.",J Hazard Mater,2010,10.1016/j.jhazmat.2009.10.050,19931983,review,77
10.2147/ijn.s65408,Biotechnology & bioprocessing,Experimental design and optimization of raloxifene hydrochloride loaded nanotransfersomes for transdermal application.,"Mahmood S, Taher M, Mandal UK.",Int J Nanomedicine,2014,10.2147/ijn.s65408,25246789,,76
10.1016/j.ifset.2016.08.003,Biotechnology & bioprocessing,Recommendations guidelines on the key information to be reported in studies of application of PEF technology in food and biotechnological processes,"Raso J, Frey W, Ferrari G, Pataro G, Knorr D, Teissie J, Miklavčič D.",Innovative food science & emerging technologies : IFSET : the official scientific journal of the European Federation of Food Science and Technology.,2016,10.1016/j.ifset.2016.08.003,,,75
10.1016/j.jchromb.2006.11.030,Biotechnology & bioprocessing,"Simultaneous determination of 6 beta-blockers, 3 calcium-channel antagonists, 4 angiotensin-II antagonists and 1 antiarrhythmic drug in post-mortem whole blood by automated solid phase extraction and liquid chromatography mass spectrometry. Method development and robustness testing by experimental design.","Kristoffersen L, Øiestad EL, Opdal MS, Krogh M, Lundanes E, Christophersen AS.",J Chromatogr B Analyt Technol Biomed Life Sci,2007,10.1016/j.jchromb.2006.11.030,17175206,,74
10.1615/critrevtherdrugcarriersyst.v22.i3.10,Biotechnology & bioprocessing,"Optimizing drug delivery systems using systematic ""design of experiments."" Part II: retrospect and prospects.","Singh B, Dahiya M, Saharan V, Ahuja N.",Crit Rev Ther Drug Carrier Syst,2005,10.1615/critrevtherdrugcarriersyst.v22.i3.10,15896189,review,74
10.1002/btpr.1821,Biotechnology & bioprocessing,Design of experiments applications in bioprocessing: concepts and approach.,"Kumar V, Bhalla A, Rathore AS.",Biotechnol Prog,2014,10.1002/btpr.1821,24123959,,72
10.1016/j.talanta.2012.12.011,Biotechnology & bioprocessing,Salting-out assisted liquid-liquid extraction with the aid of experimental design for determination of benzimidazole fungicides in high salinity samples by high-performance liquid chromatography.,"Wen Y, Li J, Yang F, Zhang W, Li W, Liao C, Chen L.",Talanta,2013,10.1016/j.talanta.2012.12.011,23598103,,72
10.1021/jf071301w,Biotechnology & bioprocessing,"Optimization of simultaneous flavanol, phenolic acid, and anthocyanin extraction from grapes using an experimental design: application to the characterization of champagne grape varieties.","Mané C, Souquet JM, Ollé D, Verriés C, Véran F, Mazerolles G, Cheynier V, Fulcrand H.",J Agric Food Chem,2007,10.1021/jf071301w,17696446,,72
10.20517/mrr.2022.15,Biotechnology & bioprocessing,"<i>In vitro</i> human gut microbiota fermentation models: opportunities, challenges, and pitfalls.","Isenring J, Bircher L, Geirnaert A, Lacroix C.",Microbiome Res Rep,2023,10.20517/mrr.2022.15,38045607,review,69
10.1128/jvi.00571-18,Biotechnology & bioprocessing,Real-Time Visualization and Quantification of Human Cytomegalovirus Replication in Living Cells Using the ANCHOR DNA Labeling Technology.,"Mariamé B, Kappler-Gratias S, Kappler M, Balor S, Gallardo F, Bystricky K.",J Virol,2018,10.1128/jvi.00571-18,29950406,,68
10.1016/j.talanta.2019.05.027,Biotechnology & bioprocessing,Application of hydrophobic deep eutectic solvent as the carrier for ferrofluid: A novel strategy for pre-concentration and determination of mefenamic acid in human urine samples by high performance liquid chromatography under experimental design optimization.,"Dil EA, Ghaedi M, Asfaram A.",Talanta,2019,10.1016/j.talanta.2019.05.027,31171217,,67
10.1002/bit.20803,Biotechnology & bioprocessing,Experimental design principles for isotopically instationary 13C labeling experiments.,"Nöh K, Wiechert W.",Biotechnol Bioeng,2006,10.1002/bit.20803,16598793,,67
10.1016/j.saa.2013.08.082,Biotechnology & bioprocessing,Optimization of the combined ultrasonic assisted/adsorption method for the removal of malachite green by gold nanoparticles loaded on activated carbon: experimental design.,"Roosta M, Ghaedi M, Shokri N, Daneshfar A, Sahraei R, Asghari A.",Spectrochim Acta A Mol Biomol Spectrosc,2014,10.1016/j.saa.2013.08.082,24041530,,66
10.3109/07388551.2014.973014,Biotechnology & bioprocessing,Experimental design methods for bioengineering applications.,"Keskin Gündoğdu T, Deniz İ, Çalışkan G, Şahin ES, Azbar N.",Crit Rev Biotechnol,2016,10.3109/07388551.2014.973014,25373790,review,62
10.1093/nar/gkt1198,Biotechnology & bioprocessing,Locus Reference Genomic: reference sequences for the reporting of clinically relevant sequence variants.,"MacArthur JA, Morales J, Tully RE, Astashyn A, Gil L, Bruford EA, Larsson P, Flicek P, Dalgleish R, Maglott DR, Cunningham F.",Nucleic Acids Res,2014,10.1093/nar/gkt1198,24285302,,62
10.1186/1475-2859-1-2,Biotechnology & bioprocessing,Stress responses and replication of plasmids in bacterial cells.,"Wegrzyn G, Wegrzyn A.",Microb Cell Fact,2002,10.1186/1475-2859-1-2,12076355,review,62
10.1016/j.ultsonch.2016.05.047,Biotechnology & bioprocessing,Comparative study on ultrasonic assisted adsorption of dyes from single system onto Fe<sub>3</sub>O<sub>4</sub> magnetite nanoparticles loaded on activated carbon: Experimental design methodology.,"Bagheri AR, Ghaedi M, Asfaram A, Bazrafshan AA, Jannesar R.",Ultrason Sonochem,2017,10.1016/j.ultsonch.2016.05.047,27773249,,61
10.1208/s12248-021-00649-y,Biotechnology & bioprocessing,Anti-drug Antibody Validation Testing and Reporting Harmonization.,"Myler H, Pedras-Vasconcelos J, Phillips K, Hottenstein CS, Chamberlain P, Devanaryan V, Gleason C, Goodman J, Manning MS, Purushothama S, Richards S, Shen H, Zoghbi J, Amaravadi L, Barger T, Bowen S, Bowsher RR, Clements-Egan A, Geng D, Goletz TJ, Gunn GR, Hallett W, Hodsdon ME, Janelsins BM, Jawa V, Kamondi S, Kirshner S, Kramer D, Liang M, Lindley K, Liu S, Liu Z, McNally J, Mikulskis A, Nelson R, Ahbari MR, Qu Q, Ruppel J, Snoeck V, Song A, Yan H, Ware M.",AAPS J,2021,10.1208/s12248-021-00649-y,34853961,,60
10.1016/j.tibtech.2010.01.001,Biotechnology & bioprocessing,Guidelines for reporting of biocatalytic reactions.,"Gardossi L, Poulsen PB, Ballesteros A, Hult K, Svedas VK, Vasić-Racki D, Carrea G, Magnusson A, Schmid A, Wohlgemuth R, Halling PJ, European Federation of Biotechnology Section on Applied Biocatalysis.",Trends Biotechnol,2010,10.1016/j.tibtech.2010.01.001,20149467,,60
10.1016/j.exphem.2005.06.020,Biotechnology & bioprocessing,Efficient in vitro megakaryocyte maturation using cytokine cocktails optimized by statistical experimental design.,"Cortin V, Garnier A, Pineault N, Lemieux R, Boyer L, Proulx C.",Exp Hematol,2005,10.1016/j.exphem.2005.06.020,16219540,,60
10.1021/acs.est.5b03719,Biotechnology & bioprocessing,Experimental Design and Bioinformatics Analysis for the Application of Metagenomics in Environmental Sciences and Biotechnology.,"Ju F, Zhang T.",Environ Sci Technol,2015,10.1021/acs.est.5b03719,26451629,review,59
10.1161/strokeaha.113.001857,Biotechnology & bioprocessing,Stroke Genetics Network (SiGN) study: design and rationale for a genome-wide association study of ischemic stroke subtypes.,"Meschia JF, Arnett DK, Ay H, Brown RD, Benavente OR, Cole JW, de Bakker PI, Dichgans M, Doheny KF, Fornage M, Grewal RP, Gwinn K, Jern C, Conde JJ, Johnson JA, Jood K, Laurie CC, Lee JM, Lindgren A, Markus HS, McArdle PF, McClure LA, Mitchell BD, Schmidt R, Rexrode KM, Rich SS, Rosand J, Rothwell PM, Rundek T, Sacco RL, Sharma P, Shuldiner AR, Slowik A, Wassertheil-Smoller S, Sudlow C, Thijs VN, Woo D, Worrall BB, Wu O, Kittner SJ, NINDS SiGN Study.",Stroke,2013,10.1161/strokeaha.113.001857,24021684,,58
10.1897/06-196r.1,Biotechnology & bioprocessing,Reproducibility of binary-mixture toxicity studies.,"Cedergreen N, Kudsk P, Mathiassen SK, Sørensen H, Streibig JC.",Environ Toxicol Chem,2007,10.1897/06-196r.1,17269472,,56
10.4155/bio-2017-4974,Biotechnology & bioprocessing,"2017 White Paper on recent issues in bioanalysis: a global perspective on immunogenicity guidelines & biomarker assay performance (Part 3 - LBA: immunogenicity, biomarkers and PK assays).","Gupta S, Richards S, Amaravadi L, Piccoli S, Desilva B, Pillutla R, Stevenson L, Mehta D, Carrasco-Triguero M, Neely R, Partridge M, Staack RF, Zhao X, Gorovits B, Kolaitis G, Sumner G, Stubenrauch KG, Zou L, Amur S, Beaver C, Berger I, Berisha F, Birnboeck H, Bower J, Cho SJ, Cludts I, Cocea L, Donato LD, Fischer S, Fraser S, Garofolo F, Haidar S, Haulenbeek J, Hottenstein C, Hu J, Ishii-Watabe A, Islam R, Jani D, Kadavil J, Kamerud J, Kramer D, Kurki P, MacMannis S, McNally J, Mullan A, Papadimitriou A, Pedras-Vasconcelos J, Ray S, Safavi A, Saito Y, Savoie N, Fjording MS, Scheibner K, Smeraglia J, Song A, Stouffer B, Tampal N, der Strate BV, Verch T, Welink J, Xu Y, Yang TY, Yengi L, Zeng J, Zhang Y, Zhang Y, Zoog S.",Bioanalysis,2017,10.4155/bio-2017-4974,29205064,,55
10.1016/j.jhazmat.2010.01.023,Biotechnology & bioprocessing,Experimental design of Fenton and photo-Fenton reactions for the treatment of ampicillin solutions.,"Rozas O, Contreras D, Mondaca MA, Pérez-Moya M, Mansilla HD.",J Hazard Mater,2010,10.1016/j.jhazmat.2010.01.023,20097473,,55
10.1007/s00253-015-6403-x,Biotechnology & bioprocessing,Guidelines for development and implementation of biocatalytic P450 processes.,"Lundemo MT, Woodley JM.",Appl Microbiol Biotechnol,2015,10.1007/s00253-015-6403-x,25652652,review,54
10.1039/c6cp08437k,Biotechnology & bioprocessing,"Application of machine/statistical learning, artificial intelligence and statistical experimental design for the modeling and optimization of methylene blue and Cd(ii) removal from a binary aqueous solution by natural walnut carbon.","Mazaheri H, Ghaedi M, Ahmadi Azqhandi MH, Asfaram A.",Phys Chem Chem Phys,2017,10.1039/c6cp08437k,28418055,,53
10.1016/j.biotechadv.2015.11.005,Biotechnology & bioprocessing,Clarification of vaccines: An overview of filter based technology trends and best practices.,"Besnard L, Fabre V, Fettig M, Gousseinov E, Kawakami Y, Laroudie N, Scanlan C, Pattnaik P.",Biotechnol Adv,2016,10.1016/j.biotechadv.2015.11.005,26657051,review,53
10.1016/j.ultsonch.2016.04.009,Biotechnology & bioprocessing,Optimization of ultrasound-assisted dispersive solid-phase microextraction based on nanoparticles followed by spectrophotometry for the simultaneous determination of dyes using experimental design.,"Asfaram A, Ghaedi M, Goudarzi A.",Ultrason Sonochem,2016,10.1016/j.ultsonch.2016.04.009,27150787,,52
10.1016/j.jbiotec.2007.03.020,Biotechnology & bioprocessing,Process Analytical Technology (PAT): batch-to-batch reproducibility of fermentation processes by robust process operational design and control.,"Gnoth S, Jenzsch M, Simutis R, Lübbert A.",J Biotechnol,2007,10.1016/j.jbiotec.2007.03.020,17559961,,51
10.1097/01.ccm.0000298158.12101.41,Microbiology & microbiome,Surviving Sepsis Campaign: international guidelines for management of severe sepsis and septic shock: 2008.,"Dellinger RP, Levy MM, Carlet JM, Bion J, Parker MM, Jaeschke R, Reinhart K, Angus DC, Brun-Buisson C, Beale R, Calandra T, Dhainaut JF, Gerlach H, Harvey M, Marini JJ, Marshall J, Ranieri M, Ramsay G, Sevransky J, Thompson BT, Townsend S, Vender JS, Zimmerman JL, Vincent JL, International Surviving Sepsis Campaign Guidelines Committee, American Association of Critical-Care Nurses, American College of Chest Physicians, American College of Emergency Physicians, Canadian Critical Care Society, European Society of Clinical Microbiology and Infectious Diseases, European Society of Intensive Care Medicine, European Respiratory Society, International Sepsis Forum, Japanese Association for Acute Medicine, Japanese Society of Intensive Care Medicine, Society of Critical Care Medicine, Society of Hospital Medicine, Surgical Infection Society, World Federation of Societies of Intensive and Critical Care Medicine.",Crit Care Med,2008,10.1097/01.ccm.0000298158.12101.41,18158437,,2921
10.1093/cid/ciw118,Microbiology & microbiome,Implementing an Antibiotic Stewardship Program: Guidelines by the Infectious Diseases Society of America and the Society for Healthcare Epidemiology of America.,"Barlam TF, Cosgrove SE, Abbo LM, MacDougall C, Schuetz AN, Septimus EJ, Srinivasan A, Dellit TH, Falck-Ytter YT, Fishman NO, Hamilton CW, Jenkins TC, Lipsett PA, Malani PN, May LS, Moran GJ, Neuhauser MM, Newland JG, Ohl CA, Samore MH, Seo SK, Trivedi KK.",Clin Infect Dis,2016,10.1093/cid/ciw118,27080992,,2162
10.1093/cid/ciq257,Microbiology & microbiome,International clinical practice guidelines for the treatment of acute uncomplicated cystitis and pyelonephritis in women: A 2010 update by the Infectious Diseases Society of America and the European Society for Microbiology and Infectious Diseases.,"Gupta K, Hooton TM, Naber KG, Wullt B, Colgan R, Miller LG, Moran GJ, Nicolle LE, Raz R, Schaeffer AJ, Soper DE, Infectious Diseases Society of America, European Society for Microbiology and Infectious Diseases.",Clin Infect Dis,2011,10.1093/cid/ciq257,21292654,review,1986
10.1097/01.ccm.0000117317.18092.e4,Microbiology & microbiome,Surviving Sepsis Campaign guidelines for management of severe sepsis and septic shock.,"Dellinger RP, Carlet JM, Masur H, Gerlach H, Calandra T, Cohen J, Gea-Banacloche J, Keh D, Marshall JC, Parker MM, Ramsay G, Zimmerman JL, Vincent JL, Levy MM, Surviving Sepsis Campaign Management Guidelines Committee.",Crit Care Med,2004,10.1097/01.ccm.0000117317.18092.e4,15090974,review,1879
10.15585/mmwr.rr7004a1,Microbiology & microbiome,"Sexually Transmitted Infections Treatment Guidelines, 2021.","Workowski KA, Bachmann LH, Chan PA, Johnston CM, Muzny CA, Park I, Reno H, Zenilman JM, Bolan GA.",MMWR Recomm Rep,2021,10.15585/mmwr.rr7004a1,34292926,,1805
10.1038/s41579-018-0029-9,Microbiology & microbiome,Best practices for analysing microbiomes.,"Knight R, Vrbanac A, Taylor BC, Aksenov A, Callewaert C, Debelius J, Gonzalez A, Kosciolek T, McCall LI, McDonald D, Melnik AV, Morton JT, Navas J, Quinn RA, Sanders JG, Swafford AD, Thompson LR, Tripathi A, Xu ZZ, Zaneveld JR, Zhu Q, Caporaso JG, Dorrestein PC.",Nat Rev Microbiol,2018,10.1038/s41579-018-0029-9,29795328,review,1364
10.1086/425368,Microbiology & microbiome,Practice guidelines for the management of bacterial meningitis.,"Tunkel AR, Hartman BJ, Kaplan SL, Kaufman BA, Roos KL, Scheld WM, Whitley RJ.",Clin Infect Dis,2004,10.1086/425368,15494903,,1259
10.1128/jcm.01228-07,Microbiology & microbiome,"16S rRNA gene sequencing for bacterial identification in the diagnostic laboratory: pluses, perils, and pitfalls.","Janda JM, Abbott SL.",J Clin Microbiol,2007,10.1128/jcm.01228-07,17626177,review,1209
10.1093/eurheartj/ehp285,Microbiology & microbiome,"Guidelines on the prevention, diagnosis, and treatment of infective endocarditis (new version 2009): the Task Force on the Prevention, Diagnosis, and Treatment of Infective Endocarditis of the European Society of Cardiology (ESC). Endorsed by the European Society of Clinical Microbiology and Infectious Diseases (ESCMID) and the International Society of Chemotherapy (ISC) for Infection and Cancer.","Habib G, Hoen B, Tornos P, Thuny F, Prendergast B, Vilacosta I, Moreillon P, de Jesus Antunes M, Thilen U, Lekakis J, Lengyel M, Müller L, Naber CK, Nihoyannopoulos P, Moritz A, Zamorano JL, ESC Committee for Practice Guidelines.",Eur Heart J,2009,10.1093/eurheartj/ehp285,19713420,,1200
10.1146/annurev.bi.65.070196.000533,Microbiology & microbiome; Preclinical animal research; Ecology & evolution,"Mismatch repair in replication fidelity, genetic recombination, and cancer biology.","Modrich P, Lahue R.",Annu Rev Biochem,1996,10.1146/annurev.bi.65.070196.000533,8811176,review,1103
10.1016/j.jhep.2010.05.004,Microbiology & microbiome,"EASL clinical practice guidelines on the management of ascites, spontaneous bacterial peritonitis, and hepatorenal syndrome in cirrhosis.",European Association for the Study of the Liver.,J Hepatol,2010,10.1016/j.jhep.2010.05.004,20633946,review,1102
10.1038/s41579-019-0196-3,Microbiology & microbiome; Transcriptomics (bulk & single-cell),Definitions and guidelines for research on antibiotic persistence.,"Balaban NQ, Helaine S, Lewis K, Ackermann M, Aldridge B, Andersson DI, Brynildsen MP, Bumann D, Camilli A, Collins JJ, Dehio C, Fortune S, Ghigo JM, Hardt WD, Harms A, Heinemann M, Hung DT, Jenal U, Levin BR, Michiels J, Storz G, Tan MW, Tenson T, Van Melderen L, Zinkernagel A.",Nat Rev Microbiol,2019,10.1038/s41579-019-0196-3,30980069,review,1025
10.1007/s00134-007-0934-2,Microbiology & microbiome,Surviving Sepsis Campaign: international guidelines for management of severe sepsis and septic shock: 2008.,"Dellinger RP, Levy MM, Carlet JM, Bion J, Parker MM, Jaeschke R, Reinhart K, Angus DC, Brun-Buisson C, Beale R, Calandra T, Dhainaut JF, Gerlach H, Harvey M, Marini JJ, Marshall J, Ranieri M, Ramsay G, Sevransky J, Thompson BT, Townsend S, Vender JS, Zimmerman JL, Vincent JL.",Intensive Care Med,2008,10.1007/s00134-007-0934-2,18058085,,999
10.1183/13993003.00582-2017,Microbiology & microbiome,"International ERS/ESICM/ESCMID/ALAT guidelines for the management of hospital-acquired pneumonia and ventilator-associated pneumonia: Guidelines for the management of hospital-acquired pneumonia (HAP)/ventilator-associated pneumonia (VAP) of the European Respiratory Society (ERS), European Society of Intensive Care Medicine (ESICM), European Society of Clinical Microbiology and Infectious Diseases (ESCMID) and Asociación Latinoamericana del Tórax (ALAT).","Torres A, Niederman MS, Chastre J, Ewig S, Fernandez-Vandellos P, Hanberger H, Kollef M, Li Bassi G, Luna CM, Martin-Loeches I, Paiva JA, Read RC, Rigau D, Timsit JF, Welte T, Wunderink R.",Eur Respir J,2017,10.1183/13993003.00582-2017,28890434,,990
10.1183/13993003.00629-2017,Microbiology & microbiome,European Respiratory Society guidelines for the management of adult bronchiectasis.,"Polverino E, Goeminne PC, McDonnell MJ, Aliberti S, Marshall SE, Loebinger MR, Murris M, Cantón R, Torres A, Dimakou K, De Soyza A, Hill AT, Haworth CS, Vendrell M, Ringshausen FC, Subotic D, Wilson R, Vilaró J, Stallberg B, Welte T, Rohde G, Blasi F, Elborn S, Almagro M, Timothy A, Ruddy T, Tonia T, Rigau D, Chalmers JD.",Eur Respir J,2017,10.1183/13993003.00629-2017,28889110,,958
21088663,Microbiology & microbiome,"Prevention of perinatal group B streptococcal disease--revised guidelines from CDC, 2010.","Verani JR, McGee L, Schrag SJ, Division of Bacterial Diseases, National Center for Immunization and Respiratory Diseases, Centers for Disease Control and Prevention (CDC).",MMWR Recomm Rep,2010,,21088663,,894
10.1016/j.cmi.2021.11.025,Microbiology & microbiome,European Society of Clinical Microbiology and Infectious Diseases (ESCMID) guidelines for the treatment of infections caused by multidrug-resistant Gram-negative bacilli (endorsed by European society of intensive care medicine).,"Paul M, Carrara E, Retamar P, Tängdén T, Bitterman R, Bonomo RA, de Waele J, Daikos GL, Akova M, Harbarth S, Pulcini C, Garnacho-Montero J, Seme K, Tumbarello M, Lindemann PC, Gandra S, Yu Y, Bassetti M, Mouton JW, Tacconelli E, Rodríguez-Baño J.",Clin Microbiol Infect,2022,10.1016/j.cmi.2021.11.025,34923128,review,827
10.1038/35003501,Microbiology & microbiome,The importance of repairing stalled replication forks.,"Cox MM, Goodman MF, Kreuzer KN, Sherratt DJ, Sandler SJ, Marians KJ.",Nature,2000,10.1038/35003501,10716434,,821
10.1007/s10654-016-0224-9,Microbiology & microbiome; Medical & clinical sciences,The Generation R Study: design and cohort update 2017.,"Kooijman MN, Kruithof CJ, van Duijn CM, Duijts L, Franco OH, van IJzendoorn MH, de Jongste JC, Klaver CC, van der Lugt A, Mackenbach JP, Moll HA, Peeters RP, Raat H, Rings EH, Rivadeneira F, van der Schroeff MP, Steegers EA, Tiemeier H, Uitterlinden AG, Verhulst FC, Wolvius E, Felix JF, Jaddoe VW.",Eur J Epidemiol,2016,10.1007/s10654-016-0224-9,28070760,,760
10.1002/phar.2209,Microbiology & microbiome; Pharmacy & pharmacology,"International Consensus Guidelines for the Optimal Use of the Polymyxins: Endorsed by the American College of Clinical Pharmacy (ACCP), European Society of Clinical Microbiology and Infectious Diseases (ESCMID), Infectious Diseases Society of America (IDSA), International Society for Anti-infective Pharmacology (ISAP), Society of Critical Care Medicine (SCCM), and Society of Infectious Diseases Pharmacists (SIDP).","Tsuji BT, Pogue JM, Zavascki AP, Paul M, Daikos GL, Forrest A, Giacobbe DR, Viscoli C, Giamarellou H, Karaiskos I, Kaye D, Mouton JW, Tam VH, Thamlikitkul V, Wunderink RG, Li J, Nation RL, Kaye KS.",Pharmacotherapy,2019,10.1002/phar.2209,30710469,,717
10.1128/mmbr.62.2.434-464.1998,Microbiology & microbiome,Replication and control of circular bacterial plasmids.,"del Solar G, Giraldo R, Ruiz-Echevarría MJ, Espinosa M, Díaz-Orejas R.",Microbiol Mol Biol Rev,1998,10.1128/mmbr.62.2.434-464.1998,9618448,review,697
10.1016/s2666-5247(20)30004-5,Microbiology & microbiome,"Comparative tropism, replication kinetics, and cell damage profiling of SARS-CoV-2 and SARS-CoV with implications for clinical manifestations, transmissibility, and laboratory studies of COVID-19: an observational study.","Chu H, Chan JF, Yuen TT, Shuai H, Yuan S, Wang Y, Hu B, Yip CC, Tsang JO, Huang X, Chai Y, Yang D, Hou Y, Chik KK, Zhang X, Fung AY, Tsoi HW, Cai JP, Chan WM, Ip JD, Chu AW, Zhou J, Lung DC, Kok KH, To KK, Tsang OT, Chan KH, Yuen KY.",Lancet Microbe,2020,10.1016/s2666-5247(20)30004-5,32835326,,684
10.1086/589747,Microbiology & microbiome,The management of encephalitis: clinical practice guidelines by the Infectious Diseases Society of America.,"Tunkel AR, Glaser CA, Bloch KC, Sejvar JJ, Marra CM, Roos KL, Hartman BJ, Kaplan SL, Scheld WM, Whitley RJ, Infectious Diseases Society of America.",Clin Infect Dis,2008,10.1086/589747,18582201,,680
10.1016/s0160-3450(16)31823-2,Microbiology & microbiome,"Sexually transmitted diseases treatment guidelines, 2010.","Workowski KA, Berman S, Centers for Disease Control and Prevention (CDC).",MMWR Recomm Rep,2010,10.1016/s0160-3450(16)31823-2,21160459,,658
10.1086/520427,Microbiology & microbiome,Guidelines for antimicrobial treatment of uncomplicated acute bacterial cystitis and acute pyelonephritis in women. Infectious Diseases Society of America (IDSA).,"Warren JW, Abrutyn E, Hebel JR, Johnson JR, Schaeffer AJ, Stamm WE.",Clin Infect Dis,1999,10.1086/520427,10589881,,627
10.1183/13993003.01136-2019,Microbiology & microbiome,ERS guidelines on the diagnosis and treatment of chronic cough in adults and children.,"Morice AH, Millqvist E, Bieksiene K, Birring SS, Dicpinigaitis P, Domingo Ribas C, Hilton Boon M, Kantar A, Lai K, McGarvey L, Rigau D, Satia I, Smith J, Song WJ, Tonia T, van den Berg JWK, van Manen MJG, Zacharasiewicz A.",Eur Respir J,2020,10.1183/13993003.01136-2019,31515408,,612
10.1038/47042,Microbiology & microbiome; Preclinical animal research,Complex lipid determines tissue-specific replication of Mycobacterium tuberculosis in mice.,"Cox JS, Chen B, McNeil M, Jacobs WR.",Nature,1999,10.1038/47042,10573420,,588
10.1111/j.1365-2141.2004.04972.x,Microbiology & microbiome,"Guidelines for the use of fresh-frozen plasma, cryoprecipitate and cryosupernatant.","O'Shaughnessy DF, Atterbury C, Bolton Maggs P, Murphy M, Thomas D, Yates S, Williamson LM, British Committee for Standards in Haematology, Blood Transfusion Task Force.",Br J Haematol,2004,10.1111/j.1365-2141.2004.04972.x,15198728,,526
10.1126/science.1211057,Microbiology & microbiome; Preclinical animal research,Intestinal microbiota promote enteric virus replication and systemic pathogenesis.,"Kuss SK, Best GT, Etheredge CA, Pruijssers AJ, Frierson JM, Hooper LV, Dermody TS, Pfeiffer JK.",Science,2011,10.1126/science.1211057,21998395,,512
10.1111/j.1469-0691.2007.01786.x,Microbiology & microbiome,Guidelines for the validation and application of typing methods for use in bacterial epidemiology.,"van Belkum A, Tassios PT, Dijkshoorn L, Haeggman S, Cookson B, Fry NK, Fussing V, Green J, Feil E, Gerner-Smidt P, Brisse S, Struelens M, European Society of Clinical Microbiology and Infectious Diseases (ESCMID) Study Group on Epidemiological Markers (ESGEM).",Clin Microbiol Infect,2007,10.1111/j.1469-0691.2007.01786.x,17716294,,494
10.1002/dmrr.3280,Microbiology & microbiome,Guidelines on the diagnosis and treatment of foot infection in persons with diabetes (IWGDF 2019 update).,"Lipsky BA, Senneville É, Abbas ZG, Aragón-Sánchez J, Diggle M, Embil JM, Kono S, Lavery LA, Malone M, van Asten SA, Urbančič-Rovan V, Peters EJG, International Working Group on the Diabetic Foot (IWGDF).",Diabetes Metab Res Rev,2020,10.1002/dmrr.3280,32176444,,492
10.1086/321805,Microbiology & microbiome,Summary of the Guidelines for Preventing Opportunistic Infections among Hematopoietic Stem Cell Transplant Recipients.,"Dykewicz CA, Centers for Disease Control and Prevention (U.S.), Infectious Diseases Society of America, American Society of Blood and Marrow Transplantation.",Clin Infect Dis,2001,10.1086/321805,11418871,,487
10.1086/313749,Microbiology & microbiome,Practice guidelines for the treatment of candidiasis. Infectious Diseases Society of America.,"Rex JH, Walsh TJ, Sobel JD, Filler SG, Pappas PG, Dismukes WE, Edwards JE.",Clin Infect Dis,2000,10.1086/313749,10770728,,482
10.1038/s41591-021-01552-x,Microbiology & microbiome; Bioinformatics & computational biology,Reporting guidelines for human microbiome research: the STORMS checklist.,"Mirzayi C, Renson A, Genomic Standards Consortium, Massive Analysis and Quality Control Society, Zohra F, Elsafoury S, Geistlinger L, Kasselman LJ, Eckenrode K, van de Wijgert J, Loughman A, Marques FZ, MacIntyre DA, Arumugam M, Azhar R, Beghini F, Bergstrom K, Bhatt A, Bisanz JE, Braun J, Bravo HC, Buck GA, Bushman F, Casero D, Clarke G, Collado MC, Cotter PD, Cryan JF, Demmer RT, Devkota S, Elinav E, Escobar JS, Fettweis J, Finn RD, Fodor AA, Forslund S, Franke A, Furlanello C, Gilbert J, Grice E, Haibe-Kains B, Handley S, Herd P, Holmes S, Jacobs JP, Karstens L, Knight R, Knights D, Koren O, Kwon DS, Langille M, Lindsay B, McGovern D, McHardy AC, McWeeney S, Mueller NT, Nezi L, Olm M, Palm N, Pasolli E, Raes J, Redinbo MR, Rühlemann M, Balfour Sartor R, Schloss PD, Schriml L, Segal E, Shardell M, Sharpton T, Smirnova E, Sokol H, Sonnenburg JL, Srinivasan S, Thingholm LB, Turnbaugh PJ, Upadhyay V, Walls RL, Wilmes P, Yamada T, Zeller G, Zhang M, Zhao N, Zhao L, Bao W, Culhane A, Devanarayan V, Dopazo J, Fan X, Fischer M, Jones W, Kusko R, Mason CE, Mercer TR, Sansone SA, Scherer A, Shi L, Thakkar S, Tong W, Wolfinger R, Hunter C, Segata N, Huttenhower C, Dowd JB, Jones HE, Waldron L.",Nat Med,2021,10.1038/s41591-021-01552-x,34789871,review,441
10.1038/s41579-019-0255-9,Microbiology & microbiome,Common principles and best practices for engineering microbiomes.,"Lawson CE, Harcombe WR, Hatzenpichler R, Lindemann SR, Löffler FE, O'Malley MA, García Martín H, Pfleger BF, Raskin L, Venturelli OS, Weissbrodt DG, Noguera DR, McMahon KD.",Nat Rev Microbiol,2019,10.1038/s41579-019-0255-9,31548653,review,433
10.1186/s40168-017-0267-5,Microbiology & microbiome,Optimizing methods and dodging pitfalls in microbiome research.,"Kim D, Hofstaedter CE, Zhao C, Mattei L, Tanes C, Clarke E, Lauder A, Sherrill-Mix S, Chehoud C, Kelsen J, Conrad M, Collman RG, Baldassano R, Bushman FD, Bittinger K.",Microbiome,2017,10.1186/s40168-017-0267-5,28476139,review,427
12211284,Microbiology & microbiome,Prevention of perinatal group B streptococcal disease. Revised guidelines from CDC.,"Schrag S, Gorwitz R, Fultz-Butts K, Schuchat A.",MMWR Recomm Rep,2002,,12211284,,421
10.1186/s12916-022-02657-x,Microbiology & microbiome; Genomics & epigenomics,Association between gut microbiota and preeclampsia-eclampsia: a two-sample Mendelian randomization study.,"Li P, Wang H, Guo L, Gou X, Chen G, Lin D, Fan D, Guo X, Liu Z.",BMC Med,2022,10.1186/s12916-022-02657-x,36380372,,413
10.4158/gl-2019-0406,Microbiology & microbiome,"CLINICAL PRACTICE GUIDELINES FOR THE PERIOPERATIVE NUTRITION, METABOLIC, AND NONSURGICAL SUPPORT OF PATIENTS UNDERGOING BARIATRIC PROCEDURES - 2019 UPDATE: COSPONSORED BY AMERICAN ASSOCIATION OF CLINICAL ENDOCRINOLOGISTS/AMERICAN COLLEGE OF ENDOCRINOLOGY, THE OBESITY SOCIETY, AMERICAN SOCIETY FOR METABOLIC & BARIATRIC SURGERY, OBESITY MEDICINE ASSOCIATION, AND AMERICAN SOCIETY OF ANESTHESIOLOGISTS - <i>EXECUTIVE SUMMARY</i>.","Mechanick JI, Apovian C, Brethauer S, Garvey WT, Joffe AM, Kim J, Kushner RF, Lindquist R, Pessah-Pollack R, Seger J, Urman RD, Adams S, Cleek JB, Correa R, Figaro MK, Flanders K, Grams J, Hurley DL, Kothari S, Seger MV, Still CD.",Endocr Pract,2019,10.4158/gl-2019-0406,31682518,,397
10.1038/34693,Microbiology & microbiome,Visualizing DNA replication in a catalytically active Bacillus DNA polymerase crystal.,"Kiefer JR, Mao C, Braman JC, Beese LS.",Nature,1998,10.1038/34693,9440698,,394
10.1037/e548652006-001,Microbiology & microbiome,"Guidelines for preventing health-care--associated pneumonia, 2003: recommendations of CDC and the Healthcare Infection Control Practices Advisory Committee.","Tablan OC, Anderson LJ, Besser R, Bridges C, Hajjeh R, CDC, Healthcare Infection Control Practices Advisory Committee.",MMWR Recomm Rep,2004,10.1037/e548652006-001,15048056,,382
10.1111/1469-0691.12360,Microbiology & microbiome,ESCMID and ECMM joint clinical guidelines for the diagnosis and management of rare invasive yeast infections.,"Arendrup MC, Boekhout T, Akova M, Meis JF, Cornely OA, Lortholary O, European Society of Clinical Microbiology and Infectious Diseases Fungal Infection Study Group, European Confederation of Medical Mycology.",Clin Microbiol Infect,2014,10.1111/1469-0691.12360,24102785,,378
10.1126/science.282.5393.1516,Microbiology & microbiome,Localization of bacterial DNA polymerase: evidence for a factory model of replication.,"Lemon KP, Grossman AD.",Science,1998,10.1126/science.282.5393.1516,9822387,,364
10.1016/j.chom.2014.07.001,Microbiology & microbiome,Epithelium-intrinsic NAIP/NLRC4 inflammasome drives infected enterocyte expulsion to restrict Salmonella replication in the intestinal mucosa.,"Sellin ME, Müller AA, Felmy B, Dolowschiak T, Diard M, Tardivel A, Maslowski KM, Hardt WD.",Cell Host Microbe,2014,10.1016/j.chom.2014.07.001,25121751,,361
10.1093/bioinformatics/btv183,Microbiology & microbiome,Power and sample-size estimation for microbiome studies using pairwise distances and PERMANOVA.,"Kelly BJ, Gross R, Bittinger K, Sherrill-Mix S, Lewis JD, Collman RG, Bushman FD, Li H.",Bioinformatics,2015,10.1093/bioinformatics/btv183,25819674,,346
10.1097/ccm.0b013e318169eda9,Microbiology & microbiome,Guidelines for evaluation of new fever in critically ill adult patients: 2008 update from the American College of Critical Care Medicine and the Infectious Diseases Society of America.,"O'Grady NP, Barie PS, Bartlett JG, Bleck T, Carroll K, Kalil AC, Linden P, Maki DG, Nierman D, Pasculle W, Masur H, American College of Critical Care Medicine, Infectious Diseases Society of America.",Crit Care Med,2008,10.1097/ccm.0b013e318169eda9,18379262,review,345
10.1038/nature03870,Microbiology & microbiome,Animal virus replication and RNAi-mediated antiviral silencing in Caenorhabditis elegans.,"Lu R, Maduro M, Li F, Li HW, Broitman-Maduro G, Li WX, Ding SW.",Nature,2005,10.1038/nature03870,16107851,,343
10.1038/nbt.3704,Microbiology & microbiome,Measurement of bacterial replication rates in microbial communities.,"Brown CT, Olm MR, Thomas BC, Banfield JF.",Nat Biotechnol,2016,10.1038/nbt.3704,27819664,,334
10.1073/pnas.1705899114,Microbiology & microbiome; Bioinformatics & computational biology,Replication and refinement of a vaginal microbial signature of preterm birth in two racially distinct cohorts of US women.,"Callahan BJ, DiGiulio DB, Goltsman DSA, Sun CL, Costello EK, Jeganathan P, Biggio JR, Wong RJ, Druzin ML, Shaw GM, Stevenson DK, Holmes SP, Relman DA.",Proc Natl Acad Sci U S A,2017,10.1073/pnas.1705899114,28847941,,328
10.1128/iai.66.12.5711-5724.1998,Microbiology & microbiome,Brucella abortus transits through the autophagic pathway and replicates in the endoplasmic reticulum of nonprofessional phagocytes.,"Pizarro-Cerdá J, Méresse S, Parton RG, van der Goot G, Sola-Landa A, Lopez-Goñi I, Moreno E, Gorvel JP.",Infect Immun,1998,10.1128/iai.66.12.5711-5724.1998,9826346,,328
10.1128/aem.67.1.190-197.2001,Microbiology & microbiome,Phylogenetic specificity and reproducibility and new method for analysis of terminal restriction fragment profiles of 16S rRNA genes from bacterial communities.,"Dunbar J, Ticknor LO, Kuske CR.",Appl Environ Microbiol,2001,10.1128/aem.67.1.190-197.2001,11133445,,322
10.1093/nar/21.11.2541,Microbiology & microbiome,A common set of conserved motifs in a vast variety of putative nucleic acid-dependent ATPases including MCM proteins involved in the initiation of eukaryotic DNA replication.,Koonin EV.,Nucleic Acids Res,1993,10.1093/nar/21.11.2541,8332451,review,320
10.1128/jcm.02981-13,Microbiology & microbiome; Bioinformatics & computational biology,Benchmarking of methods for genomic taxonomy.,"Larsen MV, Cosentino S, Lukjancenko O, Saputra D, Rasmussen S, Hasman H, Sicheritz-Pontén T, Aarestrup FM, Ussery DW, Lund O.",J Clin Microbiol,2014,10.1128/jcm.02981-13,24574292,,319
10.1093/femsre/fuv036,Microbiology & microbiome; Preclinical animal research,Heterogeneity of the gut microbiome in mice: guidelines for optimizing experimental design.,"Laukens D, Brinkman BM, Raes J, De Vos M, Vandenabeele P.",FEMS Microbiol Rev,2016,10.1093/femsre/fuv036,26323480,review,318
10.1016/j.mib.2008.02.001,Microbiology & microbiome,"Control of bacterial transcription, translation and replication by (p)ppGpp.","Srivatsan A, Wang JD.",Curr Opin Microbiol,2008,10.1016/j.mib.2008.02.001,18359660,review,308
10.1038/s41586-022-05546-8,Microbiology & microbiome; Bioinformatics & computational biology; Ecology & evolution,Questioning the fetal microbiome illustrates pitfalls of low-biomass microbial studies.,"Kennedy KM, de Goffau MC, Perez-Muñoz ME, Arrieta MC, Bäckhed F, Bork P, Braun T, Bushman FD, Dore J, de Vos WM, Earl AM, Eisen JA, Elovitz MA, Ganal-Vonarburg SC, Gänzle MG, Garrett WS, Hall LJ, Hornef MW, Huttenhower C, Konnikova L, Lebeer S, Macpherson AJ, Massey RC, McHardy AC, Koren O, Lawley TD, Ley RE, O'Mahony L, O'Toole PW, Pamer EG, Parkhill J, Raes J, Rattei T, Salonen A, Segal E, Segata N, Shanahan F, Sloboda DM, Smith GCS, Sokol H, Spector TD, Surette MG, Tannock GW, Walker AW, Yassour M, Walter J.",Nature,2023,10.1038/s41586-022-05546-8,36697862,review,305
10.1111/j.1476-5381.2010.00873.x,Pharmacy & pharmacology,Guidelines for reporting experiments involving animals: the ARRIVE guidelines.,"McGrath JC, Drummond GB, McLachlan EM, Kilkenny C, Wainwright CL.",Br J Pharmacol,2010,10.1111/j.1476-5381.2010.00873.x,20649560,,1432
10.1378/chest.08-0670,Pharmacy & pharmacology,Pharmacology and management of the vitamin K antagonists: American College of Chest Physicians Evidence-Based Clinical Practice Guidelines (8th Edition).,"Ansell J, Hirsh J, Hylek E, Jacobson A, Crowther M, Palareti G.",Chest,2008,10.1378/chest.08-0670,18574265,,1360
10.1111/bph.14153,Pharmacy & pharmacology,Experimental design and analysis and their reporting II: updated and simplified guidance for authors and peer reviewers.,"Curtis MJ, Alexander S, Cirino G, Docherty JR, George CH, Giembycz MA, Hoyer D, Insel PA, Izzo AA, Ji Y, MacEwan DJ, Sobey CG, Stanford SC, Teixeira MM, Wonnacott S, Ahluwalia A.",Br J Pharmacol,2018,10.1111/bph.14153,29520785,,1182
10.1055/s-0043-116492,Pharmacy & pharmacology,Consensus Guidelines for Therapeutic Drug Monitoring in Neuropsychopharmacology: Update 2017.,"Hiemke C, Bergemann N, Clement HW, Conca A, Deckert J, Domschke K, Eckermann G, Egberts K, Gerlach M, Greiner C, Gründer G, Haen E, Havemann-Reinecke U, Hefner G, Helmer R, Janssen G, Jaquenoud E, Laux G, Messer T, Mössner R, Müller MJ, Paulzen M, Pfuhlmann B, Riederer P, Saria A, Schoppek B, Schoretsanitis G, Schwarz M, Gracia MS, Stegmann B, Steimer W, Stingl JC, Uhr M, Ulrich S, Unterecker S, Waschgler R, Zernig G, Zurek G, Baumann P.",Pharmacopsychiatry,2018,10.1055/s-0043-116492,28910830,review,946
10.1111/j.1528-1167.2008.01561.x,Pharmacy & pharmacology,"Antiepileptic drugs--best practice guidelines for therapeutic drug monitoring: a position paper by the subcommission on therapeutic drug monitoring, ILAE Commission on Therapeutic Strategies.","Patsalos PN, Berry DJ, Bourgeois BF, Cloyd JC, Glauser TA, Johannessen SI, Leppik IE, Tomson T, Perucca E.",Epilepsia,2008,10.1111/j.1528-1167.2008.01561.x,18397299,,758
10.1378/chest.11-2291,Pharmacy & pharmacology,"Parenteral anticoagulants: Antithrombotic Therapy and Prevention of Thrombosis, 9th ed: American College of Chest Physicians Evidence-Based Clinical Practice Guidelines.","Garcia DA, Baglin TP, Weitz JI, Samama MM.",Chest,2012,10.1378/chest.11-2291,22315264,review,714
10.1086/600877,Pharmacy & pharmacology,"Vancomycin therapeutic guidelines: a summary of consensus recommendations from the infectious diseases Society of America, the American Society of Health-System Pharmacists, and the Society of Infectious Diseases Pharmacists.","Rybak MJ, Lomaestro BM, Rotschafer JC, Moellering RC, Craig WA, Billeter M, Dalovisio JR, Levine DP.",Clin Infect Dis,2009,10.1086/600877,19569969,,600
10.1097/aap.0b013e3181c15c70,Pharmacy & pharmacology,Regional anesthesia in the patient receiving antithrombotic or thrombolytic therapy: American Society of Regional Anesthesia and Pain Medicine Evidence-Based Guidelines (Third Edition).,"Horlocker TT, Wedel DJ, Rowlingson JC, Enneking FK, Kopp SL, Benzon HT, Brown DL, Heit JA, Mulroy MF, Rosenquist RW, Tryba M, Yuan CS.",Reg Anesth Pain Med,2010,10.1097/aap.0b013e3181c15c70,20052816,,599
10.1093/jac/dkt508,Pharmacy & pharmacology,Therapeutic drug monitoring (TDM) of antifungal agents: guidelines from the British Society for Medical Mycology.,"Ashbee HR, Barnes RA, Johnson EM, Richardson MD, Gorton R, Hope WW.",J Antimicrob Chemother,2014,10.1093/jac/dkt508,24379304,review,517
10.1136/bmj.329.7473.1013,Pharmacy & pharmacology,"Evidence based guidelines or collectively constructed ""mindlines?"" Ethnographic study of knowledge management in primary care.","Gabbay J, le May A.",BMJ,2004,10.1136/bmj.329.7473.1013,15514347,,513
10.1111/j.1528-1167.2006.00585.x,Pharmacy & pharmacology,ILAE treatment guidelines: evidence-based analysis of antiepileptic drug efficacy and effectiveness as initial monotherapy for epileptic seizures and syndromes.,"Glauser T, Ben-Menachem E, Bourgeois B, Cnaan A, Chadwick D, Guerreiro C, Kalviainen R, Mattson R, Perucca E, Tomson T.",Epilepsia,2006,10.1111/j.1528-1167.2006.00585.x,16886973,review,471
10.1378/chest.08-0689,Pharmacy & pharmacology,Parenteral anticoagulants: American College of Chest Physicians Evidence-Based Clinical Practice Guidelines (8th Edition).,"Hirsh J, Bauer KA, Donati MB, Gould M, Samama MM, Weitz JI.",Chest,2008,10.1378/chest.08-0689,18574264,,460
10.1111/bph.15868,Pharmacy & pharmacology,Planning experiments: Updated guidance on experimental design and analysis and their reporting III.,"Curtis MJ, Alexander SPH, Cirino G, George CH, Kendall DA, Insel PA, Izzo AA, Ji Y, Panettieri RA, Patel HH, Sobey CG, Stanford SC, Stanley P, Stefanska B, Stephens GJ, Teixeira MM, Vergnolle N, Ahluwalia A.",Br J Pharmacol,2022,10.1111/bph.15868,35673806,,446
10.1186/s13054-019-2378-9,Pharmacy & pharmacology,Optimization of the treatment with beta-lactam antibiotics in critically ill patients-guidelines from the French Society of Pharmacology and Therapeutics (Société Française de Pharmacologie et Thérapeutique-SFPT) and the French Society of Anaesthesia and Intensive Care Medicine (Société Française d'Anesthésie et Réanimation-SFAR).,"Guilhaumou R, Benaboud S, Bennis Y, Dahyot-Fizelier C, Dailly E, Gandia P, Goutelle S, Lefeuvre S, Mongardon N, Roger C, Scala-Bertola J, Lemaitre F, Garnier M.",Crit Care,2019,10.1186/s13054-019-2378-9,30925922,review,411
10.1001/jama.1995.03530230060032,Pharmacy & pharmacology,Quality improvement guidelines for the treatment of acute pain and cancer pain. American Pain Society Quality of Care Committee.,,JAMA,1995,10.1001/jama.1995.03530230060032,7500539,,410
10.1038/s41584-020-00523-9,Pharmacy & pharmacology,Non-surgical management of knee osteoarthritis: comparison of ESCEO and OARSI 2019 guidelines.,"Arden NK, Perry TA, Bannuru RR, Bruyère O, Cooper C, Haugen IK, Hochberg MC, McAlindon TE, Mobasheri A, Reginster JY.",Nat Rev Rheumatol,2021,10.1038/s41584-020-00523-9,33116279,review,390
10.1111/all.15032,Pharmacy & pharmacology,EAACI guidelines: Anaphylaxis (2021 update).,"Muraro A, Worm M, Alviani C, Cardona V, DunnGalvin A, Garvey LH, Riggioni C, de Silva D, Angier E, Arasi S, Bellou A, Beyer K, Bijlhout D, Bilò MB, Bindslev-Jensen C, Brockow K, Fernandez-Rivas M, Halken S, Jensen B, Khaleva E, Michaelis LJ, Oude Elberink HNG, Regent L, Sanchez A, Vlieg-Boerstra BJ, Roberts G, European Academy of Allergy and Clinical Immunology, Food Allergy, Anaphylaxis Guidelines Group.",Allergy,2022,10.1111/all.15032,34343358,,381
10.1001/jama.2017.18556,Pharmacy & pharmacology,Guidelines for the Content of Statistical Analysis Plans in Clinical Trials.,"Gamble C, Krishan A, Stocken D, Lewis S, Juszczak E, Doré C, Williamson PR, Altman DG, Montgomery A, Lim P, Berlin J, Senn S, Day S, Barbachano Y, Loder E.",JAMA,2017,10.1001/jama.2017.18556,29260229,,373
10.1590/s0100-879x2000000200004,Pharmacy & pharmacology,"Efficacy, safety, quality control, marketing and regulatory guidelines for herbal medicines (phytotherapeutic agents).",Calixto JB.,Braz J Med Biol Res,2000,10.1590/s0100-879x2000000200004,10657057,review,357
10.1001/jama.287.5.612,Pharmacy & pharmacology,Relationships between authors of clinical practice guidelines and the pharmaceutical industry.,"Choudhry NK, Stelfox HT, Detsky AS.",JAMA,2002,10.1001/jama.287.5.612,11829700,,353
10.1038/sj.sc.3102008,Pharmacy & pharmacology,Guidelines for the conduct of clinical trials for spinal cord injury (SCI) as developed by the ICCP panel: clinical trial outcome measures.,"Steeves JD, Lammertse D, Curt A, Fawcett JW, Tuszynski MH, Ditunno JF, Ellaway PH, Fehlings MG, Guest JD, Kleitman N, Bartlett PF, Blight AR, Dietz V, Dobkin BH, Grossman R, Short D, Nakamura M, Coleman WP, Gaviria M, Privat A, International Campaign for Cures of Spinal Cord Injury Paralysis.",Spinal Cord,2007,10.1038/sj.sc.3102008,17179972,review,345
10.1136/bmj.326.7400.1171,Pharmacy & pharmacology,Evidence b(i)ased medicine--selective reporting from studies sponsored by pharmaceutical industry: review of studies in new drug applications.,"Melander H, Ahlqvist-Rastad J, Meijer G, Beermann B.",BMJ,2003,10.1136/bmj.326.7400.1171,12775615,review,345
10.1093/cid/cir124,Pharmacy & pharmacology,Impact of vancomycin exposure on outcomes in patients with methicillin-resistant Staphylococcus aureus bacteremia: support for consensus guidelines suggested targets.,"Kullar R, Davis SL, Levine DP, Rybak MJ.",Clin Infect Dis,2011,10.1093/cid/cir124,21460309,,342
10.1542/peds.2006-2780,Pharmacy & pharmacology,Guidelines for monitoring and management of pediatric patients during and after sedation for diagnostic and therapeutic procedures: an update.,"American Academy of Pediatrics, American Academy of Pediatric Dentistry, Coté CJ, Wilson S, Work Group on Sedation.",Pediatrics,2006,10.1542/peds.2006-2780,17142550,,332
10.1055/s-0031-1286287,Pharmacy & pharmacology; Pharmacy & pharmacology,AGNP consensus guidelines for therapeutic drug monitoring in psychiatry: update 2011.,"Hiemke C, Baumann P, Bergemann N, Conca A, Dietmaier O, Egberts K, Fric M, Gerlach M, Greiner C, Gründer G, Haen E, Havemann-Reinecke U, Jaquenoud Sirot E, Kirchherr H, Laux G, Lutz UC, Messer T, Müller MJ, Pfuhlmann B, Rambeck B, Riederer P, Schoppek B, Stingl J, Uhr M, Ulrich S, Waschgler R, Zernig G.",Pharmacopsychiatry,2011,10.1055/s-0031-1286287,22053351,review,319
10.1002/cpt.1013,Pharmacy & pharmacology,Physiologically Based Pharmacokinetic Model Qualification and Reporting Procedures for Regulatory Submissions: A Consortium Perspective.,"Shebley M, Sandhu P, Emami Riedmaier A, Jamei M, Narayanan R, Patel A, Peters SA, Reddy VP, Zheng M, de Zwart L, Beneton M, Bouzom F, Chen J, Chen Y, Cleary Y, Collins C, Dickinson GL, Djebli N, Einolf HJ, Gardner I, Huth F, Kazmi F, Khalil F, Lin J, Odinecs A, Patel C, Rong H, Schuck E, Sharma P, Wu SP, Xu Y, Yamazaki S, Yoshida K, Rowland M.",Clin Pharmacol Ther,2018,10.1002/cpt.1013,29315504,review,311
10.1159/000496183,Pharmacy & pharmacology,European Practical and Patient-Centred Guidelines for Adult Obesity Management in Primary Care.,"Durrer Schutz D, Busetto L, Dicker D, Farpour-Lambert N, Pryke R, Toplak H, Widmer D, Yumuk V, Schutz Y.",Obes Facts,2019,10.1159/000496183,30673677,,295
10.1186/s12874-018-0600-0,Pharmacy & pharmacology,Improving reporting of meta-ethnography: the eMERGe reporting guidance.,"France EF, Cunningham M, Ring N, Uny I, Duncan EAS, Jepson RG, Maxwell M, Roberts RJ, Turley RL, Booth A, Britten N, Flemming K, Gallagher I, Garside R, Hannes K, Lewin S, Noblit GW, Pope C, Thomas J, Vanstone M, Higginbottom GMA, Noyes J.",BMC Med Res Methodol,2019,10.1186/s12874-018-0600-0,30709371,,276
10.1038/sj.clpt.6100054,Pharmacy & pharmacology,"Drug interaction studies: study design, data analysis, and implications for dosing and labeling.","Huang SM, Temple R, Throckmorton DC, Lesko LJ.",Clin Pharmacol Ther,2007,10.1038/sj.clpt.6100054,17259955,review,274
10.2165/00003088-200645110-00003,Pharmacy & pharmacology,Guidelines on paediatric dosing on the basis of developmental physiology and pharmacokinetic considerations.,"Bartelink IH, Rademaker CM, Schobben AF, van den Anker JN.",Clin Pharmacokinet,2006,10.2165/00003088-200645110-00003,17048973,review,262
10.1210/jc.2012-3888,Pharmacy & pharmacology,GrowthHormone Research Society workshop summary: consensus guidelines for recombinant human growth hormone therapy in Prader-Willi syndrome.,"Deal CL, Tony M, Höybye C, Allen DB, Tauber M, Christiansen JS, 2011 Growth Hormone in Prader-Willi Syndrome Clinical Care Guidelines Workshop Participants.",J Clin Endocrinol Metab,2013,10.1210/jc.2012-3888,23543664,review,260
10.1016/s1470-2045(14)70017-8,Pharmacy & pharmacology,"Fourth European Conference on Infections in Leukaemia (ECIL-4): guidelines for diagnosis, prevention, and treatment of invasive fungal diseases in paediatric patients with cancer or allogeneic haemopoietic stem-cell transplantation.","Groll AH, Castagnola E, Cesaro S, Dalle JH, Engelhard D, Hope W, Roilides E, Styczynski J, Warris A, Lehrnbecher T, Fourth European Conference on Infections in Leukaemia, Infectious Diseases Working Party of the European Group for Blood Marrow Transplantation (EBMT-IDWP), Infectious Diseases Group of the European Organisation for Research and Treatment of Cancer (EORTC-IDG), International Immunocompromised Host Society (ICHS), European Leukaemia Net (ELN).",Lancet Oncol,2014,10.1016/s1470-2045(14)70017-8,24988936,review,258
10.1046/j.1365-2133.2002.04719.x,Pharmacy & pharmacology,Guidelines for topical photodynamic therapy: report of a workshop of the British Photodermatology Group.,"Morton CA, Brown SB, Collins S, Ibbotson S, Jenkinson H, Kurwa H, Langmack K, McKenna K, Moseley H, Pearse AD, Stringer M, Taylor DK, Wong G, Rhodes LE.",Br J Dermatol,2002,10.1046/j.1365-2133.2002.04719.x,11966684,review,253
10.1038/nm.2051,Pharmacy & pharmacology,Inhibition of the histone demethylase LSD1 blocks alpha-herpesvirus lytic replication and reactivation from latency.,"Liang Y, Vogel JL, Narayanan A, Peng H, Kristie TM.",Nat Med,2009,10.1038/nm.2051,19855399,,248
10.1080/01926230701595292,Pharmacy & pharmacology,Evaluation of organ weights for rodent and non-rodent toxicity studies: a review of regulatory guidelines and a survey of current practices.,"Michael B, Yano B, Sellers RS, Perry R, Morton D, Roome N, Johnson JK, Schafer K, Pitsch S.",Toxicol Pathol,2007,10.1080/01926230701595292,17849357,review,235
10.1080/03639045.2017.1291672,Pharmacy & pharmacology,Design of experiments (DoE) in pharmaceutical development.,"N Politis S, Colombo P, Colombo G, M Rekkas D.",Drug Dev Ind Pharm,2017,10.1080/03639045.2017.1291672,28166428,review,222
10.1007/s40264-024-01421-9,Pharmacy & pharmacology,The Reporting of a Disproportionality Analysis for Drug Safety Signal Detection Using Individual Case Safety Reports in PharmacoVigilance (READUS-PV): Development and Statement.,"Fusaroli M, Salvo F, Begaud B, AlShammari TM, Bate A, Battini V, Brueckner A, Candore G, Carnovale C, Crisafulli S, Cutroneo PM, Dolladille C, Drici MD, Faillie JL, Goldman A, Hauben M, Herdeiro MT, Mahaux O, Manlik K, Montastruc F, Noguchi Y, Norén GN, Noseda R, Onakpoya IJ, Pariente A, Poluzzi E, Salem M, Sartori D, Trinh NTH, Tuccori M, van Hunsel F, van Puijenbroek E, Raschi E, Khouri C.",Drug Saf,2024,10.1007/s40264-024-01421-9,38713346,,220
10.1136/jitc-2019-000155,Pharmacy & pharmacology; Proteomics & metabolomics,The Society for Immunotherapy of Cancer statement on best practices for multiplex immunohistochemistry (IHC) and immunofluorescence (IF) staining and validation.,"Taube JM, Akturk G, Angelo M, Engle EL, Gnjatic S, Greenbaum S, Greenwald NF, Hedvat CV, Hollmann TJ, Juco J, Parra ER, Rebelatto MC, Rimm DL, Rodriguez-Canales J, Schalper KA, Stack EC, Ferreira CS, Korski K, Lako A, Rodig SJ, Schenck E, Steele KE, Surace MJ, Tetzlaff MT, von Loga K, Wistuba II, Bifulco CB, Society for Immunotherapy of Cancer (SITC) Pathology Task Force..",J Immunother Cancer,2020,10.1136/jitc-2019-000155,32414858,,218
10.1016/s0924-977x(97)00045-x,Pharmacy & pharmacology,"Guidelines for depot antipsychotic treatment in schizophrenia. European Neuropsychopharmacology Consensus Conference in Siena, Italy.","Kane JM, Aguglia E, Altamura AC, Ayuso Gutierrez JL, Brunello N, Fleischhacker WW, Gaebel W, Gerlach J, Guelfi JD, Kissling W, Lapierre YD, Lindström E, Mendlewicz J, Racagni G, Carulla LS, Schooler NR.",Eur Neuropsychopharmacol,1998,10.1016/s0924-977x(97)00045-x,9452941,,213
10.1046/j.1524-4733.2001.43040.x,Pharmacy & pharmacology,"Health economic guidelines--similarities, differences and some implications.","Hjelmgren J, Berggren F, Andersson F.",Value Health,2001,10.1046/j.1524-4733.2001.43040.x,11705185,review,212
10.4321/s1886-36552014000400007,Pharmacy & pharmacology,Defining 'elderly' in clinical practice guidelines for pharmacotherapy.,"Singh S, Bajorek B.",Pharm Pract (Granada),2014,10.4321/s1886-36552014000400007,25580172,,204
10.1097/bot.0000000000001430,Pharmacy & pharmacology,Clinical Practice Guidelines for Pain Management in Acute Musculoskeletal Injury.,"Hsu JR, Mir H, Wally MK, Seymour RB, Orthopaedic Trauma Association Musculoskeletal Pain Task Force.",J Orthop Trauma,2019,10.1097/bot.0000000000001430,30681429,review,200
10.1111/bph.15054,Pharmacy & pharmacology,A practical guide for transparent reporting of research on natural products in the British Journal of Pharmacology: Reproducibility of natural product research.,"Izzo AA, Teixeira M, Alexander SPH, Cirino G, Docherty JR, George CH, Insel PA, Ji Y, Kendall DA, Panattieri RA, Sobey CG, Stanford SC, Stefanska B, Stephens G, Ahluwalia A.",Br J Pharmacol,2020,10.1111/bph.15054,32298474,,198
10.1007/s40262-014-0137-2,Pharmacy & pharmacology,Practical guidelines for therapeutic drug monitoring of anticancer tyrosine kinase inhibitors: focus on the pharmacokinetic targets.,"Yu H, Steeghs N, Nijenhuis CM, Schellens JH, Beijnen JH, Huitema AD.",Clin Pharmacokinet,2014,10.1007/s40262-014-0137-2,24566736,review,187
10.1016/j.sleep.2013.05.016,Pharmacy & pharmacology,The long-term treatment of restless legs syndrome/Willis-Ekbom disease: evidence-based guidelines and clinical consensus best practice guidance: a report from the International Restless Legs Syndrome Study Group.,"Garcia-Borreguero D, Kohnen R, Silber MH, Winkelman JW, Earley CJ, Högl B, Manconi M, Montplaisir J, Inoue Y, Allen RP.",Sleep Med,2013,10.1016/j.sleep.2013.05.016,23859128,,185
10.1177/0333102419828967,Pharmacy & pharmacology,Guidelines of the International Headache Society for controlled trials of acute treatment of migraine attacks in adults: Fourth edition.,"Diener HC, Tassorelli C, Dodick DW, Silberstein SD, Lipton RB, Ashina M, Becker WJ, Ferrari MD, Goadsby PJ, Pozo-Rosich P, Wang SJ, Mandrekar J, International Headache Society Clinical Trials Standing Committee.",Cephalalgia,2019,10.1177/0333102419828967,30806518,,184
10.1007/s10822-010-9363-3,Pharmacy & pharmacology,"Prediction of protein-ligand binding affinity by free energy simulations: assumptions, pitfalls and expectations.","Michel J, Essex JW.",J Comput Aided Mol Des,2010,10.1007/s10822-010-9363-3,20509041,review,182
10.2165/00019053-199711020-00005,Pharmacy & pharmacology,Guidelines for pharmacoeconomic studies. Recommendations from the panel on cost effectiveness in health and medicine. Panel on cost Effectiveness in Health and Medicine.,"Siegel JE, Torrance GW, Russell LB, Luce BR, Weinstein MC, Gold MR.",Pharmacoeconomics,1997,10.2165/00019053-199711020-00005,10172935,review,181
10.1176/appi.ajp.162.10.1957,Pharmacy & pharmacology,Industry sponsorship and financial conflict of interest in the reporting of clinical trials in psychiatry.,"Perlis RH, Perlis CS, Wu Y, Hwang C, Joseph M, Nierenberg AA.",Am J Psychiatry,2005,10.1176/appi.ajp.162.10.1957,16199844,,180
10.1007/s00213-022-06123-7,Pharmacy & pharmacology,Great Expectations: recommendations for improving the methodological rigor of psychedelic clinical trials.,"Aday JS, Heifets BD, Pratscher SD, Bradley E, Rosen R, Woolley JD.",Psychopharmacology (Berl),2022,10.1007/s00213-022-06123-7,35359159,review,177
10.1542/peds.2019-1000,Pharmacy & pharmacology,"Guidelines for Monitoring and Management of Pediatric Patients Before, During, and After Sedation for Diagnostic and Therapeutic Procedures.","Coté CJ, Wilson S, AMERICAN ACADEMY OF PEDIATRICS, AMERICAN ACADEMY OF PEDIATRIC DENTISTRY.",Pediatrics,2019,10.1542/peds.2019-1000,31138666,review,172
10.6004/jnccn.2021.0047,Pharmacy & pharmacology,"Cancer-Associated Venous Thromboembolic Disease, Version 2.2021, NCCN Clinical Practice Guidelines in Oncology.","Streiff MB, Holmstrom B, Angelini D, Ashrani A, Elshoury A, Fanikos J, Fertrin KY, Fogerty AE, Gao S, Goldhaber SZ, Gundabolu K, Ibrahim I, Kraut E, Leavitt AD, Lee A, Lee JT, Lim M, Mann J, Martin K, McMahon B, Moriarty J, Morton C, Ortel TL, Paschal R, Schaefer J, Shattil S, Siddiqi T, Sudheendra D, Williams E, Hollinger L, Nguyen MQ.",J Natl Compr Canc Netw,2021,10.6004/jnccn.2021.0047,34666313,,169
10.1097/aap.0000000000000700,Pharmacy & pharmacology,"Interventional Spine and Pain Procedures in Patients on Antiplatelet and Anticoagulant Medications (Second Edition): Guidelines From the American Society of Regional Anesthesia and Pain Medicine, the European Society of Regional Anaesthesia and Pain Therapy, the American Academy of Pain Medicine, the International Neuromodulation Society, the North American Neuromodulation Society, and the World Institute of Pain.","Narouze S, Benzon HT, Provenzano D, Buvanendran A, De Andres J, Deer T, Rauck R, Huntoon MA.",Reg Anesth Pain Med,2018,10.1097/aap.0000000000000700,29278603,review,169
10.1128/aac.48.10.3944-3953.2004,Pharmacy & pharmacology,A 7-deaza-adenosine analog is a potent and selective inhibitor of hepatitis C virus replication with excellent pharmacokinetic properties.,"Olsen DB, Eldrup AB, Bartholomew L, Bhat B, Bosserman MR, Ceccacci A, Colwell LF, Fay JF, Flores OA, Getty KL, Grobler JA, LaFemina RL, Markel EJ, Migliaccio G, Prhavc M, Stahlhut MW, Tomassini JE, MacCoss M, Hazuda DJ, Carroll SS.",Antimicrob Agents Chemother,2004,10.1128/aac.48.10.3944-3953.2004,15388457,,167
10.1016/s1470-2045(20)30723-3,Pharmacy & pharmacology,"8th European Conference on Infections in Leukaemia: 2020 guidelines for the diagnosis, prevention, and treatment of invasive fungal diseases in paediatric patients with cancer or post-haematopoietic cell transplantation.","Groll AH, Pana D, Lanternier F, Mesini A, Ammann RA, Averbuch D, Castagnola E, Cesaro S, Engelhard D, Garcia-Vidal C, Kanerva J, Ritz N, Roilides E, Styczynski J, Warris A, Lehrnbecher T, 8th European Conference on Infections in Leukaemia.",Lancet Oncol,2021,10.1016/s1470-2045(20)30723-3,33811813,review,165
10.1023/a:1009740530221,Plant & animal breeding,Closing the global N2O budget: nitrous oxide emissions through the agricultural nitrogen cycle: OECD/IPCC/IEA phase II development of IPCC guidelines for national greenhouse gas inventory methodology,"Mosier A, Kroeze C, Nevison C, Oenema O, Seitzinger S, van  Cleemput O.",Nutr Cycl Agroecosyst,1998,10.1023/a:1009740530221,,,332
10.1534/genetics.112.147983,Plant & animal breeding; Bioinformatics & computational biology,"Genomic prediction in animals and plants: simulation of data, validation, reporting, and benchmarking.","Daetwyler HD, Calus MP, Pong-Wong R, de Los Campos G, Hickey JM.",Genetics,2013,10.1534/genetics.112.147983,23222650,review,307
10.3732/ajb.1500501,Plant & animal breeding,Polyploidy: Pitfalls and paths to a paradigm.,"Soltis DE, Visger CJ, Marchant DB, Soltis PS.",Am J Bot,2016,10.3732/ajb.1500501,27234228,,215
10.1534/g3.119.400498,"Plant & animal breeding; Data science, ML & health informatics",Benchmarking Parametric and Machine Learning Models for Genomic Prediction of Complex Traits.,"Azodi CB, Bolger E, McCarren A, Roantree M, de Los Campos G, Shiu SH.",G3 (Bethesda),2019,10.1534/g3.119.400498,31533955,,183
10.1093/emboj/20.21.6158,Plant & animal breeding,DNA forms indicate rolling circle and recombination-dependent replication of Abutilon mosaic virus.,"Jeske H, Lütgemeier M, Preiss W.",EMBO J,2001,10.1093/emboj/20.21.6158,11689455,,176
10.1093/jxb/erh213,Plant & animal breeding,Irrigation scheduling: advantages and pitfalls of plant-based methods.,Jones HG.,J Exp Bot,2004,10.1093/jxb/erh213,15286143,review,163
10.1016/s0304-4017(00)00443-x,Plant & animal breeding,International harmonisation of anthelmintic efficacy guidelines.,"Vercruysse J, Holdsworth P, Letonja T, Barth D, Conder G, Hamamoto K, Okano K, World Organization for Animal Health.",Vet Parasitol,2001,10.1016/s0304-4017(00)00443-x,11240092,,126
10.1016/j.ecoenv.2013.10.016,Plant & animal breeding,Cadmium phytoavailability to rice (Oryza sativa L.) grown in representative Chinese soils. A model to improve soil environmental quality guidelines for food safety.,"Rafiq MT, Aziz R, Yang X, Xiao W, Rafiq MK, Ali B, Li T.",Ecotoxicol Environ Saf,2014,10.1016/j.ecoenv.2013.10.016,24418797,,94
10.1001/archpsyc.1993.01820140037004,Plant & animal breeding,Progress toward achieving a common language in psychiatry. Results from the field trial of the clinical guidelines accompanying the WHO classification of mental and behavioral disorders in ICD-10.,"Sartorius N, Kaelber CT, Cooper JE, Roper MT, Rae DS, Gulbinat W, Ustün TB, Regier DA.",Arch Gen Psychiatry,1993,10.1001/archpsyc.1993.01820140037004,8427551,,88
10.1534/g3.118.200998,Plant & animal breeding,"A Benchmarking Between Deep Learning, Support Vector Machine and Bayesian Threshold Best Linear Unbiased Prediction for Predicting Ordinal Traits in Plant Breeding.","Montesinos-López OA, Martín-Vallejo J, Crossa J, Gianola D, Hernández-Suárez CM, Montesinos-López A, Juliana P, Singh R.",G3 (Bethesda),2019,10.1534/g3.118.200998,30593512,,82
10.1046/j.1365-2915.2002.00334.x,Plant & animal breeding,Vector competence of South African Culicoides species for bluetongue virus serotype 1 (BTV-1) with special reference to the effect of temperature on the rate of virus replication in C. imicola and C. bolitinos.,"Paweska JT, Venter GJ, Mellor PS.",Med Vet Entomol,2002,10.1046/j.1365-2915.2002.00334.x,11963973,,76
10.1016/j.vetpar.2005.04.021,Plant & animal breeding,Effects of aggregation and sample size on composite faecal egg counts in sheep.,"Morgan ER, Cavill L, Curry GE, Wood RM, Mitchell ES.",Vet Parasitol,2005,10.1016/j.vetpar.2005.04.021,15921855,,74
10.1073/pnas.1820132117,Plant & animal breeding,A plant DNA virus replicates in the salivary glands of its insect vector via recruitment of host DNA synthesis machinery.,"He YZ, Wang YM, Yin TY, Fiallo-Olivé E, Liu YQ, Hanley-Bowdoin L, Wang XW.",Proc Natl Acad Sci U S A,2020,10.1073/pnas.1820132117,32636269,,73
10.1016/j.virusres.2013.12.017,Plant & animal breeding,The molecular biology of Bluetongue virus replication.,"Patel A, Roy P.",Virus Res,2014,10.1016/j.virusres.2013.12.017,24370866,review,73
10.1128/jvi.02848-12,Plant & animal breeding,RNA interference targets arbovirus replication in Culicoides cells.,"Schnettler E, Ratinier M, Watson M, Shaw AE, McFarlane M, Varela M, Elliott RM, Palmarini M, Kohl A.",J Virol,2013,10.1128/jvi.02848-12,23269795,,72
10.4315/0362-028x-73.3.579,Plant & animal breeding,The REFLECT statement: reporting guidelines for randomized controlled trials in livestock and food safety: explanation and elaboration.,"Sargeant JM, O'Connor AM, Gardner IA, Dickson JS, Torrence ME, Dohoo IR, Lefebvre SL, Morley PS, Ramirez A, Snedeker K.",J Food Prot,2010,10.4315/0362-028x-73.3.579,20202349,,69
10.1089/vbz.2016.1960,Plant & animal breeding,Guidelines for the Direct Detection of Anaplasma spp. in Diagnosis and Epidemiological Studies.,"Silaghi C, Santos AS, Gomes J, Christova I, Matei IA, Walder G, Domingos A, Bell-Sakyi L, Sprong H, von Loewenich FD, Oteo JA, de la Fuente J, Dumler JS.",Vector Borne Zoonotic Dis,2017,10.1089/vbz.2016.1960,28055579,,67
10.1016/j.prevetmed.2011.04.002,Plant & animal breeding,Consensus-based reporting standards for diagnostic test accuracy studies for paratuberculosis in ruminants.,"Gardner IA, Nielsen SS, Whittington RJ, Collins MT, Bakker D, Harris B, Sreevatsan S, Lombard JE, Sweeney R, Smith DR, Gavalchin J, Eda S.",Prev Vet Med,2011,10.1016/j.prevetmed.2011.04.002,21601933,,67
10.1111/j.1863-2378.2009.01312.x,Plant & animal breeding,The REFLECT statement: reporting guidelines for Randomized Controlled Trials in livestock and food safety: explanation and elaboration.,"Sargeant JM, O'Connor AM, Gardner IA, Dickson JS, Torrence ME, Consensus Meeting Participants.",Zoonoses Public Health,2010,10.1111/j.1863-2378.2009.01312.x,20070652,,67
10.1016/j.antiviral.2013.10.012,Plant & animal breeding,Single-dose replication-defective VSV-based Nipah virus vaccines provide protection from lethal challenge in Syrian hamsters.,"Lo MK, Bird BH, Chattopadhyay A, Drew CP, Martin BE, Coleman JD, Rose JK, Nichol ST, Spiropoulou CF.",Antiviral Res,2014,10.1016/j.antiviral.2013.10.012,24184127,,64
10.1111/j.1939-1676.2009.0441.x,Plant & animal breeding,The REFLECT statement: methods and processes of creating reporting guidelines for randomized controlled trials for livestock and food safety.,"O'Connor AM, Sargeant JM, Gardner IA, Dickson JS, Torrence ME, Dewey CE, Dohoo IR, Evans RB, Gray JT, Greiner M, Keefe G, Lefebvre SL, Morley PS, Ramirez A, Sischo W, Smith DR, Snedeker K, Sofos J, Ward MP, Wills R, Steering Committee.",J Vet Intern Med,2010,10.1111/j.1939-1676.2009.0441.x,20002546,,64
10.1128/jvi.79.4.2614-2619.2005,Plant & animal breeding,Inhibition of virus DNA replication by artificial zinc finger proteins.,Sera T.,J Virol,2005,10.1128/jvi.79.4.2614-2619.2005,15681461,,62
10.1016/j.prevetmed.2009.06.002,Plant & animal breeding,Methodological quality and completeness of reporting in clinical trials conducted in livestock species.,"Sargeant JM, Elgie R, Valcour J, Saint-Onge J, Thompson A, Marcynuk P, Snedeker K.",Prev Vet Med,2009,10.1016/j.prevetmed.2009.06.002,19573943,,59
10.1016/j.fct.2008.07.021,Plant & animal breeding,Current codex guidelines for assessment of potential protein allergenicity.,Ladics GS.,Food Chem Toxicol,2008,10.1016/j.fct.2008.07.021,18708115,,58
10.3389/fgene.2020.00447,Plant & animal breeding,Recommendations for Choosing the Genotyping Method and Best Practices for Quality Control in Crop Genome-Wide Association Studies.,"Pavan S, Delvento C, Ricciardi L, Lotti C, Ciani E, D'Agostino N.",Front Genet,2020,10.3389/fgene.2020.00447,32587600,review,57
10.1007/s00122-020-03608-x,Plant & animal breeding,Overcoming polyploidy pitfalls: a user guide for effective SNP conversion into KASP markers in wheat.,"Makhoul M, Rambla C, Voss-Fels KP, Hickey LT, Snowdon RJ, Obermeier C.",Theor Appl Genet,2020,10.1007/s00122-020-03608-x,32500260,,56
10.1128/aem.72.1.854-859.2006,Plant & animal breeding,Replication and long-term persistence of bovine and human strains of Mycobacterium avium subsp. paratuberculosis within Acanthamoeba polyphaga.,"Mura M, Bull TJ, Evans H, Sidi-Boumedine K, McMinn L, Rhodes G, Pickup R, Hermon-Taylor J.",Appl Environ Microbiol,2006,10.1128/aem.72.1.854-859.2006,16391127,,55
10.1111/j.1863-2378.2009.01311.x,Plant & animal breeding,The REFLECT statement: methods and processes of creating reporting guidelines for randomized controlled trials for livestock and food safety by modifying the CONSORT statement.,"O'Connor AM, Sargeant JM, Gardner IA, Dickson JS, Torrence ME, Consensus Meeting Participants, Dewey CE, Dohoo IR, Evans RB, Gray JT, Greiner M, Keefe G, Lefebvre SL, Morley PS, Ramirez A, Sischo W, Smith DR, Snedeker K, Sofos J, Ward MP, Wills R.",Zoonoses Public Health,2010,10.1111/j.1863-2378.2009.01311.x,20070653,,54
10.1016/j.virol.2009.11.001,Plant & animal breeding,A replication-incompetent Rift Valley fever vaccine: chimeric virus-like particles protect mice and rats against lethal challenge.,"Mandell RB, Koukuntla R, Mogler LJ, Carzoli AK, Freiberg AN, Holbrook MR, Martin BK, Staplin WR, Vahanian NN, Link CJ, Flick R.",Virology,2010,10.1016/j.virol.2009.11.001,19932911,,54
10.1016/j.prevetmed.2009.10.008,Plant & animal breeding,The REFLECT statement: methods and processes of creating reporting guidelines for randomized controlled trials for livestock and food safety.,"O'Connor AM, Sargeant JM, Gardner IA, Dickson JS, Torrence ME, Dewey CE, Dohoo IR, Evans RB, Gray JT, Greiner M, Keefe G, Lefebvre SL, Morley PS, Ramirez A, Sischo W, Smith DR, Snedeker K, Sofos J, Ward MP, Wills R.",Prev Vet Med,2010,10.1016/j.prevetmed.2009.10.008,19926151,,54
10.1016/s0304-4017(01)00615-x,Plant & animal breeding,International harmonisation of anthelmintic efficacy guidelines (Part 2).,"Vercruysse J, Holdsworth P, Letonja T, Conder G, Hamamoto K, Okano K, Rehbein S, Veterinary International Co-operation on Harmonisation Working Group on anthelmintic guidelines.",Vet Parasitol,2002,10.1016/s0304-4017(01)00615-x,11777607,,52
10.1002/cyto.a.24499,Plant & animal breeding,Application-based guidelines for best practices in plant flow cytometry.,"Sliwinska E, Loureiro J, Leitch IJ, Šmarda P, Bainard J, Bureš P, Chumová Z, Horová L, Koutecký P, Lučanová M, Trávníček P, Galbraith DW.",Cytometry A,2022,10.1002/cyto.a.24499,34585818,review,50
10.1111/j.1365-2222.2008.03194.x,Plant & animal breeding,"Animal models of protein allergenicity: potential benefits, pitfalls and challenges.","Dearman RJ, Kimber I.",Clin Exp Allergy,2009,10.1111/j.1365-2222.2008.03194.x,19178540,review,49
10.1007/s11248-005-5238-0,Plant & animal breeding,Intron-hairpin RNA derived from replication associated protein C1 gene confers immunity to tomato yellow leaf curl virus infection in transgenic tomato plants.,"Fuentes A, Ramos PL, Fiallo E, Callard D, Sánchez Y, Peral R, Rodríguez R, Pujol M.",Transgenic Res,2006,10.1007/s11248-005-5238-0,16779645,,48
10.3168/jds.2015-9445,Plant & animal breeding,"Invited review: Recommendations for reporting intervention studies on reproductive performance in dairy cattle: Improving design, analysis, and interpretation of research on reproduction.","Lean IJ, Lucy MC, McNamara JP, Bradford BJ, Block E, Thomson JM, Morton JM, Celi P, Rabiee AR, Santos JE, Thatcher WW, LeBlanc SJ.",J Dairy Sci,2016,10.3168/jds.2015-9445,26387020,review,47
10.1099/vir.0.041871-0,Plant & animal breeding,Transgenic banana plants expressing small interfering RNAs targeted against viral replication initiation gene display high-level resistance to banana bunchy top virus infection.,"Shekhawat UKS, Ganapathi TR, Hadapad AB.",J Gen Virol,2012,10.1099/vir.0.041871-0,22552945,,47
10.1534/g3.119.400598,Plant & animal breeding,Pitfalls and Remedies for Cross Validation with Multi-trait Genomic Prediction Methods.,"Runcie D, Cheng H.",G3 (Bethesda),2019,10.1534/g3.119.400598,31511297,,46
10.1136/vr.104701,Plant & animal breeding,Evaluation of metrics for benchmarking antimicrobial use in the UK dairy industry.,"Mills HL, Turner A, Morgans L, Massey J, Schubert H, Rees G, Barrett D, Dowsey A, Reyher KK.",Vet Rec,2018,10.1136/vr.104701,29476032,review,45
10.1016/j.jenvman.2019.109391,Plant & animal breeding,Towards ecologically functional riparian zones: A meta-analysis to develop guidelines for protecting ecosystem functions and biodiversity in agricultural landscapes.,"Lind L, Hasselquist EM, Laudon H.",J Environ Manage,2019,10.1016/j.jenvman.2019.109391,31445372,review,44
10.3390/v11040377,Plant & animal breeding,Determining the Replication Kinetics and Cellular Tropism of Influenza D Virus on Primary Well-Differentiated Human Airway Epithelial Cells.,"Holwerda M, Kelly J, Laloli L, Stürmer I, Portmann J, Stalder H, Dijkman R.",Viruses,2019,10.3390/v11040377,31022887,,42
10.1016/j.antiviral.2006.09.007,Plant & animal breeding,2'-C-methylcytidine as a potent and selective inhibitor of the replication of foot-and-mouth disease virus.,"Goris N, De Palma A, Toussaint JF, Musch I, Neyts J, De Clercq K.",Antiviral Res,2007,10.1016/j.antiviral.2006.09.007,17055073,,42
10.1007/s13337-018-0458-0,Plant & animal breeding,Multifunctional roles of geminivirus encoded replication initiator protein.,"Ruhel R, Chakraborty S.",Virusdisease,2019,10.1007/s13337-018-0458-0,31143833,,41
10.1016/j.jphotobiol.2018.10.017,Plant & animal breeding,Irradiation by ultraviolet light-emitting diodes inactivates influenza a viruses by inhibiting replication and transcription of viral RNA in host cells.,"Nishisaka-Nonaka R, Mawatari K, Yamamoto T, Kojima M, Shimohata T, Uebanso T, Nakahashi M, Emoto T, Akutagawa M, Kinouchi Y, Wada T, Okamoto M, Ito H, Yoshida KI, Daidoji T, Nakaya T, Takahashi A.",J Photochem Photobiol B,2018,10.1016/j.jphotobiol.2018.10.017,30391908,,41
10.1371/journal.ppat.1003922,Plant & animal breeding,The consequences of reconfiguring the ambisense S genome segment of Rift Valley fever virus on viral replication in mammalian and mosquito cells and for genome packaging.,"Brennan B, Welch SR, Elliott RM.",PLoS Pathog,2014,10.1371/journal.ppat.1003922,24550727,,41
10.3389/fmicb.2016.00824,Plant & animal breeding,Size Matters: Assessing Optimum Soil Sample Size for Fungal and Bacterial Community Structure Analyses Using High Throughput Sequencing of rRNA Gene Amplicons.,"Penton CR, Gupta VV, Yu J, Tiedje JM.",Front Microbiol,2016,10.3389/fmicb.2016.00824,27313569,,40
10.1016/j.vetmic.2014.01.035,Plant & animal breeding,First reporting of methicillin-resistant Staphylococcus aureus (MRSA) ST398 in an industrial rabbit holding and in farm-related people.,"Agnoletti F, Mazzolini E, Bacchin C, Bano L, Berto G, Rigoli R, Muffato G, Coato P, Tonon E, Drigo I.",Vet Microbiol,2014,10.1016/j.vetmic.2014.01.035,24602406,,40
10.3389/fpls.2014.00625,Plant & animal breeding,Guidelines to use tomato in experiments with a controlled environment.,"Schwarz D, Thompson AJ, Kläring HP.",Front Plant Sci,2014,10.3389/fpls.2014.00625,25477888,,39
10.1016/j.virol.2005.03.001,Plant & animal breeding,Short hairpin RNA targeted to the highly conserved 2B nonstructural protein coding region inhibits replication of multiple serotypes of foot-and-mouth disease virus.,"de los Santos T, Wu Q, de Avila Botton S, Grubman MJ.",Virology,2005,10.1016/j.virol.2005.03.001,15840521,,39
10.1016/j.cois.2016.04.009,Plant & animal breeding,Abiotic and biotic factors affecting the replication and pathogenicity of bee viruses.,"McMenamin AJ, Brutscher LM, Glenny W, Flenniken ML.",Curr Opin Insect Sci,2016,10.1016/j.cois.2016.04.009,27720045,review,37
10.2527/jas.2013-6757,Plant & animal breeding,"Genomic predictions in Angus cattle: comparisons of sample size, response variables, and clustering methods for cross-validation.","Boddhireddy P, Kelly MJ, Northcutt S, Prayaga KC, Rumph J, DeNise S.",J Anim Sci,2014,10.2527/jas.2013-6757,24431338,,36
10.1079/ahr2005099,Plant & animal breeding,"Ethnoveterinary plant preparations as livestock dewormers: practices, popular beliefs, pitfalls and prospects for the future.","Githiori JB, Höglund J, Waller PJ.",Anim Health Res Rev,2005,10.1079/ahr2005099,16164011,review,36
10.1128/jvi.01889-22,Plant & animal breeding,African Swine Fever Virus Envelope Glycoprotein CD2v Interacts with Host CSF2RA to Regulate the JAK2-STAT3 Pathway and Inhibit Apoptosis to Facilitate Virus Replication.,"Gao Q, Yang Y, Luo Y, Chen X, Gong T, Wu D, Feng Y, Zheng X, Wang H, Zhang G, Lu G, Gong L.",J Virol,2023,10.1128/jvi.01889-22,37022174,,35
10.1016/j.prevetmed.2015.09.003,Plant & animal breeding,"The effect of animal health compensation on 'positive' behaviours towards exotic disease reporting and implementing biosecurity: A review, a synthesis and a research agenda.","Barnes AP, Moxey AP, Vosough Ahmadi B, Borthwick FA.",Prev Vet Med,2015,10.1016/j.prevetmed.2015.09.003,26422364,review,35
10.1007/s00122-016-2665-7,Plant & animal breeding,Identification and reproducibility of diagnostic DNA markers for tuber starch and yield optimization in a novel association mapping population of potato (Solanum tuberosum L.).,"Schönhals EM, Ortega F, Barandalla L, Aragones A, Ruiz de Galarreta JI, Liao JC, Sanetomo R, Walkemeier B, Tacke E, Ritter E, Gebhardt C.",Theor Appl Genet,2016,10.1007/s00122-016-2665-7,26825382,,34
10.1016/j.biocon.2010.04.016,Plant & animal breeding,Managing supplementary feeding for avian scavengers: Guidelines for optimal design using ecological criteria,"Cortés-Avizanda A, Carrete M, Donázar JA.",Biol Conserv,2010,10.1016/j.biocon.2010.04.016,,,34
10.1104/pp.108.127910,Plant & animal breeding,Replication of nonautonomous retroelements in soybean appears to be both recent and common.,"Wawrzynski A, Ashfield T, Chen NW, Mammadov J, Nguyen A, Podicheti R, Cannon SB, Thareau V, Ameline-Torregrosa C, Cannon E, Chacko B, Couloux A, Dalwani A, Denny R, Deshpande S, Egan AN, Glover N, Howell S, Ilut D, Lai H, Del Campo SM, Metcalf M, O'Bleness M, Pfeil BE, Ratnaparkhe MB, Samain S, Sanders I, Ségurens B, Sévignac M, Sherman-Broyles S, Tucker DM, Yi J, Doyle JJ, Geffroy V, Roe BA, Maroof MA, Young ND, Innes RW.",Plant Physiol,2008,10.1104/pp.108.127910,18952860,,34
10.3390/plants10122701,Plant & animal breeding,Chitosan Nanoparticles Inactivate Alfalfa Mosaic Virus Replication and Boost Innate Immunity in <i>Nicotiana glutinosa</i> Plants.,"Abdelkhalek A, Qari SH, Abu-Saied MAA, Khalil AM, Younes HA, Nehela Y, Behiry SI.",Plants (Basel),2021,10.3390/plants10122701,34961172,,33
10.1098/rsbl.2016.0715,Plant & animal breeding,Climate change mitigation: potential benefits and pitfalls of enhanced rock weathering in tropical agriculture.,"Edwards DP, Lim F, James RH, Pearce CR, Scholes J, Freckleton RP, Beerling DJ.",Biol Lett,2017,10.1098/rsbl.2016.0715,28381631,review,33
10.1016/s0065-3527(06)69004-0,Plant & animal breeding,Coupling of rotavirus genome replication and capsid assembly.,"Patton JT, Vasquez-Del Carpio R, Tortorici MA, Taraporewala ZF.",Adv Virus Res,2007,10.1016/s0065-3527(06)69004-0,17222694,review,33
10.1128/jvi.01714-18,Plant & animal breeding,CRISPR/Cas9-Mediated Knockout of DNAJC14 Verifies This Chaperone as a Pivotal Host Factor for RNA Replication of Pestiviruses.,"Isken O, Postel A, Bruhn B, Lattwein E, Becher P, Tautz N.",J Virol,2019,10.1128/jvi.01714-18,30518653,,32
10.1038/gim.2015.30,Genetics; Genomics & epigenomics,Standards and guidelines for the interpretation of sequence variants: a joint consensus recommendation of the American College of Medical Genetics and Genomics and the Association for Molecular Pathology.,"Richards S, Aziz N, Bale S, Bick D, Das S, Gastier-Foster J, Grody WW, Hegde M, Lyon E, Spector E, Voelkerding K, Rehm HL, ACMG Laboratory Quality Assurance Committee.",Genet Med,2015,10.1038/gim.2015.30,25741868,,26880
10.1093/ije/dyv080,Genetics; Genomics & epigenomics,Mendelian randomization with invalid instruments: effect estimation and bias detection through Egger regression.,"Bowden J, Davey Smith G, Burgess S.",Int J Epidemiol,2015,10.1093/ije/dyv080,26050253,,8549
10.1002/gepi.21965,Genetics; Genomics & epigenomics,Consistent Estimation in Mendelian Randomization with Some Invalid Instruments Using a Weighted Median Estimator.,"Bowden J, Davey Smith G, Haycock PC, Burgess S.",Genet Epidemiol,2016,10.1002/gepi.21965,27061298,,7760
10.1038/s41588-018-0099-7,Genetics,Detection of widespread horizontal pleiotropy in causal relationships inferred from Mendelian randomization between complex traits and diseases.,"Verbanck M, Chen CY, Neale B, Do R.",Nat Genet,2018,10.1038/s41588-018-0099-7,29686387,,7490
10.1002/gepi.21758,Genetics; Genomics & epigenomics,Mendelian randomization analysis with multiple genetic variants using summarized data.,"Burgess S, Butterworth A, Thompson SG.",Genet Epidemiol,2013,10.1002/gepi.21758,24114802,,5344
10.1093/ije/dyg070,Genetics,'Mendelian randomization': can genetic epidemiology contribute to understanding environmental determinants of disease?,"Smith GD, Ebrahim S.",Int J Epidemiol,2003,10.1093/ije/dyg070,12689998,,4691
10.1007/s10654-017-0255-x,Genetics,Interpreting findings from Mendelian randomization using the MR-Egger method.,"Burgess S, Thompson SG.",Eur J Epidemiol,2017,10.1007/s10654-017-0255-x,28527048,,4026
10.1093/hmg/ddu328,Genetics,Mendelian randomization: genetic anchors for causal inference in epidemiological studies.,"Davey Smith G, Hemani G.",Hum Mol Genet,2014,10.1093/hmg/ddu328,25064373,review,3890
10.1002/sim.3034,Genetics,Mendelian randomization: using genes as instruments for making causal inferences in epidemiology.,"Lawlor DA, Harbord RM, Sterne JA, Timpson N, Davey Smith G.",Stat Med,2008,10.1002/sim.3034,17886233,,3698
10.1001/jama.2021.18236,Genetics; Genomics & epigenomics,Strengthening the Reporting of Observational Studies in Epidemiology Using Mendelian Randomization: The STROBE-MR Statement.,"Skrivankova VW, Richmond RC, Woolf BAR, Yarmolinsky J, Davies NM, Swanson SA, VanderWeele TJ, Higgins JPT, Timpson NJ, Dimou N, Langenberg C, Golub RM, Loder EW, Gallo V, Tybjaerg-Hansen A, Davey Smith G, Egger M, Richards JB.",JAMA,2021,10.1001/jama.2021.18236,34698778,,3516
10.1093/ije/dyr036,Genetics,Avoiding bias from weak instruments in Mendelian randomization studies.,"Burgess S, Thompson SG, CRP CHD Genetics Collaboration.",Int J Epidemiol,2011,10.1093/ije/dyr036,21414999,review,3419
10.1093/ije/dyx102,Genetics; Genomics & epigenomics,Robust inference in summary data Mendelian randomization via the zero modal pleiotropy assumption.,"Hartwig FP, Davey Smith G, Bowden J.",Int J Epidemiol,2017,10.1093/ije/dyx102,29040600,,3069
10.1001/jama.2017.17219,Genetics,Mendelian Randomization.,"Emdin CA, Khera AV, Kathiresan S.",JAMA,2017,10.1001/jama.2017.17219,29164242,review,2955
10.1212/wnl.47.5.1113,Genetics,Consensus guidelines for the clinical and pathologic diagnosis of dementia with Lewy bodies (DLB): report of the consortium on DLB international workshop.,"McKeith IG, Galasko D, Kosaka K, Perry EK, Dickson DW, Hansen LA, Salmon DP, Lowe J, Mirra SS, Byrne EJ, Lennox G, Quinn NP, Edwardson JA, Ince PG, Bergeron C, Burns A, Miller BL, Lovestone S, Collerton D, Jansen EN, Ballard C, de Vos RA, Wilcock GK, Jellinger KA, Perry RH.",Neurology,1996,10.1212/wnl.47.5.1113,8909416,review,2495
10.1200/jco.2003.04.036,Genetics,"Revised recommendations of the International Working Group for Diagnosis, Standardization of Response Criteria, Treatment Outcomes, and Reporting Standards for Therapeutic Trials in Acute Myeloid Leukemia.","Cheson BD, Bennett JM, Kopecky KJ, Büchner T, Willman CL, Estey EH, Schiffer CA, Doehner H, Tallman MS, Lister TA, Lo-Coco F, Willemze R, Biondi A, Hiddemann W, Larson RA, Löwenberg B, Sanz MA, Head DR, Ohno R, Bloomfield CD, International Working Group for Diagnosis, Standardization of Response Criteria, Treatment Outcomes, and Reporting Standards for Therapeutic Trials in Acute Myeloid Leukemia.",J Clin Oncol,2003,10.1200/jco.2003.04.036,14673054,,2284
10.1681/asn.2016010098,Genetics,Mendelian Randomization as an Approach to Assess Causality Using Observational Data.,"Sekula P, Del Greco M F, Pattaro C, Köttgen A.",J Am Soc Nephrol,2016,10.1681/asn.2016010098,27486138,review,1890
10.1038/gim.2013.73,Genetics; Genomics & epigenomics,ACMG recommendations for reporting of incidental findings in clinical exome and genome sequencing.,"Green RC, Berg JS, Grody WW, Kalia SS, Korf BR, Martin CL, McGuire AL, Nussbaum RL, O'Daniel JM, Ormond KE, Rehm HL, Watson MS, Williams MS, Biesecker LG, American College of Medical Genetics and Genomics.",Genet Med,2013,10.1038/gim.2013.73,23788249,,1876
10.1093/ije/dyx034,Genetics,MendelianRandomization: an R package for performing Mendelian randomization analyses using summarized data.,"Yavorska OO, Burgess S.",Int J Epidemiol,2017,10.1093/ije/dyx034,28398548,,1799
10.12688/wellcomeopenres.15555.3,Genetics,Guidelines for performing Mendelian randomization investigations: update for summer 2023.,"Burgess S, Davey Smith G, Davies NM, Dudbridge F, Gill D, Glymour MM, Hartwig FP, Kutalik Z, Holmes MV, Minelli C, Morrison JV, Pan W, Relton CL, Theodoratou E.",Wellcome Open Res,2019,10.12688/wellcomeopenres.15555.3,32760811,,1781
10.1038/s43586-021-00092-5,Genetics,Mendelian randomization.,"Sanderson E, Glymour MM, Holmes MV, Kang H, Morrison J, Munafò MR, Palmer T, Schooling CM, Wallace C, Zhao Q, Smith GD.",Nat Rev Methods Primers,2022,10.1038/s43586-021-00092-5,37325194,,1777
10.1097/ede.0000000000000559,Genetics; Genomics & epigenomics,Sensitivity Analyses for Robust Causal Inference from Mendelian Randomization Analyses with Multiple Genetic Variants.,"Burgess S, Bowden J, Fall T, Ingelsson E, Thompson SG.",Epidemiology,2017,10.1097/ede.0000000000000559,27749700,,1686
10.1016/j.jmoldx.2016.10.002,Genetics; Genomics & epigenomics,"Standards and Guidelines for the Interpretation and Reporting of Sequence Variants in Cancer: A Joint Consensus Recommendation of the Association for Molecular Pathology, American Society of Clinical Oncology, and College of American Pathologists.","Li MM, Datto M, Duncavage EJ, Kulkarni S, Lindeman NI, Roy S, Tsimberidou AM, Vnencak-Jones CL, Wolff DJ, Younes A, Nikiforova MN.",J Mol Diagn,2017,10.1016/j.jmoldx.2016.10.002,27993330,review,1680
10.1002/sim.7221,Genetics,A framework for the investigation of pleiotropy in two-sample summary data Mendelian randomization.,"Bowden J, Del Greco M F, Minelli C, Davey Smith G, Sheehan N, Thompson J.",Stat Med,2017,10.1002/sim.7221,28114746,,1665
10.1093/ije/dyq151,Genetics,Power and instrument strength requirements for Mendelian randomization studies using multiple genetic variants.,"Pierce BL, Ahsan H, Vanderweele TJ.",Int J Epidemiol,2011,10.1093/ije/dyq151,20813862,,1620
10.1007/s10654-015-0011-z,Genetics,Using published data in Mendelian randomization: a blueprint for efficient identification of causal risk factors.,"Burgess S, Scott RA, Timpson NJ, Davey Smith G, Thompson SG, EPIC- InterAct Consortium.",Eur J Epidemiol,2015,10.1007/s10654-015-0011-z,25773750,,1590
10.1093/ije/dyw220,Genetics,Assessing the suitability of summary data for two-sample Mendelian randomization analyses using MR-Egger regression: the role of the I2 statistic.,"Bowden J, Del Greco M F, Minelli C, Davey Smith G, Sheehan NA, Thompson JR.",Int J Epidemiol,2016,10.1093/ije/dyw220,27616674,,1497
10.1093/ije/dyt179,Genetics,Calculating statistical power in Mendelian randomization studies.,"Brion MJ, Shakhbazov K, Visscher PM.",Int J Epidemiol,2013,10.1093/ije/dyt179,24159078,,1479
10.1177/0962280215597579,Genetics,A review of instrumental variable estimators for Mendelian randomization.,"Burgess S, Small DS, Thompson SG.",Stat Methods Med Res,2017,10.1177/0962280215597579,26282889,review,1468
10.1002/gepi.21998,Genetics; Medical & clinical sciences,Bias due to participant overlap in two-sample Mendelian randomization.,"Burgess S, Davies NM, Thompson SG.",Genet Epidemiol,2016,10.1002/gepi.21998,27625185,,1452
10.1093/aje/kwu283,Genetics,Multivariable Mendelian randomization: the use of pleiotropic genetic variants to estimate causal effects.,"Burgess S, Thompson SG.",Am J Epidemiol,2015,10.1093/aje/kwu283,25632051,,1435
10.1038/ng.120,Genetics; Genomics & epigenomics,Meta-analysis of genome-wide association data and large-scale replication identifies additional susceptibility loci for type 2 diabetes.,"Zeggini E, Scott LJ, Saxena R, Voight BF, Marchini JL, Hu T, de Bakker PI, Abecasis GR, Almgren P, Andersen G, Ardlie K, Boström KB, Bergman RN, Bonnycastle LL, Borch-Johnsen K, Burtt NP, Chen H, Chines PS, Daly MJ, Deodhar P, Ding CJ, Doney AS, Duren WL, Elliott KS, Erdos MR, Frayling TM, Freathy RM, Gianniny L, Grallert H, Grarup N, Groves CJ, Guiducci C, Hansen T, Herder C, Hitman GA, Hughes TE, Isomaa B, Jackson AU, Jørgensen T, Kong A, Kubalanza K, Kuruvilla FG, Kuusisto J, Langenberg C, Lango H, Lauritzen T, Li Y, Lindgren CM, Lyssenko V, Marvelle AF, Meisinger C, Midthjell K, Mohlke KL, Morken MA, Morris AD, Narisu N, Nilsson P, Owen KR, Palmer CN, Payne F, Perry JR, Pettersen E, Platou C, Prokopenko I, Qi L, Qin L, Rayner NW, Rees M, Roix JJ, Sandbaek A, Shields B, Sjögren M, Steinthorsdottir V, Stringham HM, Swift AJ, Thorleifsson G, Thorsteinsdottir U, Timpson NJ, Tuomi T, Tuomilehto J, Walker M, Watanabe RM, Weedon MN, Willer CJ, Wellcome Trust Case Control Consortium, Illig T, Hveem K, Hu FB, Laakso M, Stefansson K, Pedersen O, Wareham NJ, Barroso I, Hattersley AT, Collins FS, Groop L, McCarthy MI, Boehnke M, Altshuler D.",Nat Genet,2008,10.1038/ng.120,18372903,,1380
10.1002/jrsm.1346,Genetics; Genomics & epigenomics,Meta-analysis and Mendelian randomization: A review.,"Bowden J, Holmes MV.",Res Synth Methods,2019,10.1002/jrsm.1346,30861319,review,1366
10.1038/s41436-019-0686-8,Genetics; Genomics & epigenomics,Technical standards for the interpretation and reporting of constitutional copy-number variants: a joint consensus recommendation of the American College of Medical Genetics and Genomics (ACMG) and the Clinical Genome Resource (ClinGen).,"Riggs ER, Andersen EF, Cherry AM, Kantarci S, Kearney H, Patel A, Raca G, Ritter DI, South ST, Thorland EC, Pineda-Alvarez D, Aradhya S, Martin CL.",Genet Med,2020,10.1038/s41436-019-0686-8,31690835,,1310
10.1093/hmg/ddy163,Genetics; Genomics & epigenomics,Evaluating the potential role of pleiotropy in Mendelian randomization studies.,"Hemani G, Bowden J, Davey Smith G.",Hum Mol Genet,2018,10.1093/hmg/ddy163,29771313,review,1310
10.1038/ng749,Genetics,Replication validity of genetic association studies.,"Ioannidis JP, Ntzani EE, Trikalinos TA, Contopoulos-Ioannidis DG.",Nat Genet,2001,10.1038/ng749,11600885,,1281
10.1038/gim.2016.190,Genetics; Genomics & epigenomics,"Recommendations for reporting of secondary findings in clinical exome and genome sequencing, 2016 update (ACMG SF v2.0): a policy statement of the American College of Medical Genetics and Genomics.","Kalia SS, Adelman K, Bale SJ, Chung WK, Eng C, Evans JP, Herman GE, Hufnagel SB, Klein TE, Korf BR, McKelvey KD, Ormond KE, Richards CS, Vlangos CN, Watson M, Martin CL, Miller DT.",Genet Med,2017,10.1038/gim.2016.190,27854360,,1249
10.1093/aje/kwt084,Genetics,Efficient design for Mendelian randomization studies: subsample and 2-sample instrumental variable estimators.,"Pierce BL, Burgess S.",Am J Epidemiol,2013,10.1093/aje/kwt084,23863760,,1198
10.1038/ng1706,Genetics; Genomics & epigenomics,Joint analysis is more efficient than replication-based analysis for two-stage genome-wide association studies.,"Skol AD, Scott LJ, Abecasis GR, Boehnke M.",Nat Genet,2006,10.1038/ng1706,16415888,,1035
10.1002/sim.6835,Genetics,Combining information on multiple instrumental variables in Mendelian randomization: comparison of allele score and summarized data methods.,"Burgess S, Dudbridge F, Thompson SG.",Stat Med,2016,10.1002/sim.6835,26661904,,1003
10.1093/ije/dyy262,Genetics,An examination of multivariable Mendelian randomization in the single-sample and two-sample summary data settings.,"Sanderson E, Davey Smith G, Windmeijer F, Bowden J.",Int J Epidemiol,2019,10.1093/ije/dyy262,30535378,,966
10.1007/s40471-017-0128-6,Genetics,Recent Developments in Mendelian Randomization Studies.,"Zheng J, Baird D, Borges MC, Bowden J, Hemani G, Haycock P, Evans DM, Smith GD.",Curr Epidemiol Rep,2017,10.1007/s40471-017-0128-6,29226067,review,956
10.1093/ije/dyh132,Genetics,"Mendelian randomization: prospects, potentials, and limitations.","Smith GD, Ebrahim S.",Int J Epidemiol,2004,10.1093/ije/dyh132,15075143,review,944
10.1016/j.ajhg.2017.01.004,Genetics; Genomics & epigenomics,InterVar: Clinical Interpretation of Genetic Variants by the 2015 ACMG-AMP Guidelines.,"Li Q, Wang K.",Am J Hum Genet,2017,10.1016/j.ajhg.2017.01.004,28132688,,895
10.1038/nrd2781,Genetics,Is NF-kappaB a good target for cancer therapy? Hopes and pitfalls.,"Baud V, Karin M.",Nat Rev Drug Discov,2009,10.1038/nrd2781,19116625,review,860
10.1038/ng.2876,Genetics,Advantages and pitfalls in the application of mixed-model association methods.,"Yang J, Zaitlen NA, Goddard ME, Visscher PM, Price AL.",Nat Genet,2014,10.1038/ng.2876,24473328,,853
10.1093/ije/dyy258,Genetics,Improving the accuracy of two-sample summary-data Mendelian randomization: moving beyond the NOME assumption.,"Bowden J, Del Greco M F, Minelli C, Zhao Q, Lawlor DA, Sheehan NA, Thompson J, Davey Smith G.",Int J Epidemiol,2019,10.1093/ije/dyy258,30561657,,851
10.1006/viro.1998.9508,Genetics,Influenza A virus lacking the NS1 gene replicates in interferon-deficient systems.,"García-Sastre A, Egorov A, Matassov D, Brandt S, Levy DE, Durbin JE, Palese P, Muster T.",Virology,1998,10.1006/viro.1998.9508,9878611,,822
10.1097/mpg.0000000000002497,Genetics; Medical & clinical sciences,"European Society Paediatric Gastroenterology, Hepatology and Nutrition Guidelines for Diagnosing Coeliac Disease 2020.","Husby S, Koletzko S, Korponay-Szabó I, Kurppa K, Mearin ML, Ribes-Koninckx C, Shamir R, Troncone R, Auricchio R, Castillejo G, Christensen R, Dolinsek J, Gillett P, Hróbjartsson A, Koltai T, Maki M, Nielsen SM, Popp A, Størdal K, Werkstetter K, Wessels M.",J Pediatr Gastroenterol Nutr,2020,10.1097/mpg.0000000000002497,31568151,,772
10.1136/gutjnl-2013-306578,Genetics,Diagnosis and management of adult coeliac disease: guidelines from the British Society of Gastroenterology.,"Ludvigsson JF, Bai JC, Biagi F, Card TR, Ciacci C, Ciclitira PJ, Green PH, Hadjivassiliou M, Holdoway A, van Heel DA, Kaukinen K, Leffler DA, Leonard JN, Lundin KE, McGough N, Davidson M, Murray JA, Swift GL, Walker MM, Zingone F, Sanders DS, BSG Coeliac Disease Guidelines Development Group, British Society of Gastroenterology.",Gut,2014,10.1136/gutjnl-2013-306578,24917550,,760
10.1093/ije/dyx028,Genetics,"Two-sample Mendelian randomization: avoiding the downsides of a powerful, widely applicable but potentially fallible technique.","Hartwig FP, Davies NM, Hemani G, Davey Smith G.",Int J Epidemiol,2016,10.1093/ije/dyx028,28338968,,728
10.1038/s41588-020-0682-6,Genetics,Phenome-wide Mendelian randomization mapping the influence of the plasma proteome on complex diseases.,"Zheng J, Haberland V, Baird D, Walker V, Haycock PC, Hurle MR, Gutteridge A, Erola P, Liu Y, Luo S, Robinson J, Richardson TG, Staley JR, Elsworth B, Burgess S, Sun BB, Danesh J, Runz H, Maranville JC, Martin HM, Yarmolinsky J, Laurin C, Holmes MV, Liu JZ, Estrada K, Santos R, McCarthy L, Waterworth D, Nelson MR, Smith GD, Butterworth AS, Hemani G, Scott RA, Gaunt TR.",Nat Genet,2020,10.1038/s41588-020-0682-6,32895551,,726
10.1093/aje/kwn359,Genetics; Medical & clinical sciences,Hardy-Weinberg equilibrium testing of biological ascertainment for Mendelian randomization studies.,"Rodriguez S, Gaunt TR, Day IN.",Am J Epidemiol,2009,10.1093/aje/kwn359,19126586,,723
10.1371/journal.pmed.1001383,Genetics,Causal relationship between obesity and vitamin D status: bi-directional Mendelian randomization analysis of multiple cohorts.,"Vimaleswaran KS, Berry DJ, Lu C, Tikkanen E, Pilz S, Hiraki LT, Cooper JD, Dastani Z, Li R, Houston DK, Wood AR, Michaëlsson K, Vandenput L, Zgaga L, Yerges-Armstrong LM, McCarthy MI, Dupuis J, Kaakinen M, Kleber ME, Jameson K, Arden N, Raitakari O, Viikari J, Lohman KK, Ferrucci L, Melhus H, Ingelsson E, Byberg L, Lind L, Lorentzon M, Salomaa V, Campbell H, Dunlop M, Mitchell BD, Herzig KH, Pouta A, Hartikainen AL, Genetic Investigation of Anthropometric Traits-GIANT Consortium, Streeten EA, Theodoratou E, Jula A, Wareham NJ, Ohlsson C, Frayling TM, Kritchevsky SB, Spector TD, Richards JB, Lehtimäki T, Ouwehand WH, Kraft P, Cooper C, März W, Power C, Loos RJ, Wang TJ, Järvelin MR, Whittaker JC, Hingorani AD, Hyppönen E.",PLoS Med,2013,10.1371/journal.pmed.1001383,23393431,,704
10.1097/gim.0b013e3182217a3a,Genetics; Transcriptomics (bulk & single-cell),American College of Medical Genetics standards and guidelines for interpretation and reporting of postnatal constitutional copy number variants.,"Kearney HM, Thorland EC, Brown KK, Quintero-Rivera F, South ST, Working Group of the American College of Medical Genetics Laboratory Quality Assurance Committee.",Genet Med,2011,10.1097/gim.0b013e3182217a3a,21681106,,699
10.1101/cshperspect.a038984,Genetics,Multivariable Mendelian Randomization and Mediation.,Sanderson E.,Cold Spring Harb Perspect Med,2021,10.1101/cshperspect.a038984,32341063,review,697
10.1101/cshperspect.a040501,Genetics,Mendelian Randomization: Concepts and Scope.,"Richmond RC, Davey Smith G.",Cold Spring Harb Perspect Med,2022,10.1101/cshperspect.a040501,34426474,review,694
10.1534/genetics.107.074245,Genetics; Genomics & epigenomics,Genetic design and statistical power of nested association mapping in maize.,"Yu J, Holland JB, McMullen MD, Buckler ES.",Genetics,2008,10.1534/genetics.107.074245,18202393,,692
10.1093/ije/dyy101,Genetics,"Improving the visualization, interpretation and analysis of two-sample summary data Mendelian randomization via the Radial plot and Radial regression.","Bowden J, Spiller W, Del Greco M F, Sheehan N, Thompson J, Minelli C, Davey Smith G.",Int J Epidemiol,2018,10.1093/ije/dyy101,29961852,,691
10.1016/j.jacc.2012.09.017,Genetics,Effect of long-term exposure to lower low-density lipoprotein cholesterol beginning early in life on the risk of coronary heart disease: a Mendelian randomization analysis.,"Ference BA, Yoo W, Alesh I, Mahajan N, Mirowska KK, Mewada A, Kahn J, Afonso L, Williams KA, Flack JM.",J Am Coll Cardiol,2012,10.1016/j.jacc.2012.09.017,23083789,review,688
10.1016/j.jpeds.2008.05.005,Genetics,Guidelines for diagnosis of cystic fibrosis in newborns through older adults: Cystic Fibrosis Foundation consensus report.,"Farrell PM, Rosenstein BJ, White TB, Accurso FJ, Castellani C, Cutting GR, Durie PR, Legrys VA, Massie J, Parad RB, Rock MJ, Campbell PW, Cystic Fibrosis Foundation.",J Pediatr,2008,10.1016/j.jpeds.2008.05.005,18639722,,668
10.1007/s11306-007-0082-2,Genomics & epigenomics; Proteomics & metabolomics,Proposed minimum reporting standards for chemical analysis Chemical Analysis Working Group (CAWG) Metabolomics Standards Initiative (MSI).,"Sumner LW, Amberg A, Barrett D, Beale MH, Beger R, Daykin CA, Fan TW, Fiehn O, Goodacre R, Griffin JL, Hankemeier T, Hardy N, Harnly J, Higashi R, Kopka J, Lane AN, Lindon JC, Marriott P, Nicholls AW, Reily MD, Thaden JJ, Viant MR.",Metabolomics,2007,10.1007/s11306-007-0082-2,24039616,,4099
10.1101/gr.136184.111,Genomics & epigenomics,ChIP-seq guidelines and practices of the ENCODE and modENCODE consortia.,"Landt SG, Marinov GK, Kundaje A, Kheradpour P, Pauli F, Batzoglou S, Bernstein BE, Bickel P, Brown JB, Cayting P, Chen Y, DeSalvo G, Epstein C, Fisher-Aylor KI, Euskirchen G, Gerstein M, Gertz J, Hartemink AJ, Hoffman MM, Iyer VR, Jung YL, Karmakar S, Kellis M, Kharchenko PV, Li Q, Liu T, Liu XS, Ma L, Milosavljevic A, Myers RM, Park PJ, Pazin MJ, Perry MD, Raha D, Reddy TE, Rozowsky J, Shoresh N, Sidow A, Slattery M, Stamatoyannopoulos JA, Tolstorukov MY, White KP, Xi S, Farnham PJ, Lieb JD, Wold BJ, Snyder M.",Genome Res,2012,10.1101/gr.136184.111,22955991,,1753
10.1126/science.1142364,Genomics & epigenomics; Medical & clinical sciences,Replication of genome-wide association signals in UK samples reveals risk loci for type 2 diabetes.,"Zeggini E, Weedon MN, Lindgren CM, Frayling TM, Elliott KS, Lango H, Timpson NJ, Perry JR, Rayner NW, Freathy RM, Barrett JC, Shields B, Morris AP, Ellard S, Groves CJ, Harries LW, Marchini JL, Owen KR, Knight B, Cardon LR, Walker M, Hitman GA, Morris AD, Doney AS, Wellcome Trust Case Control Consortium (WTCCC), McCarthy MI, Hattersley AT.",Science,2007,10.1126/science.1142364,17463249,,1610
10.1186/s13059-016-0881-8,Genomics & epigenomics; Transcriptomics (bulk & single-cell); Bioinformatics & computational biology,A survey of best practices for RNA-seq data analysis.,"Conesa A, Madrigal P, Tarazona S, Gomez-Cabrero D, Cervera A, McPherson A, Szcześniak MW, Gaffney DJ, Elo LL, Zhang X, Mortazavi A.",Genome Biol,2016,10.1186/s13059-016-0881-8,26813401,review,1485
10.1038/s41592-021-01336-8,Genomics & epigenomics; Transcriptomics (bulk & single-cell); Bioinformatics & computational biology,Benchmarking atlas-level data integration in single-cell genomics.,"Luecken MD, Büttner M, Chaichoompu K, Danese A, Interlandi M, Mueller MF, Strobl DC, Zappia L, Dugas M, Colomé-Tatché M, Theis FJ.",Nat Methods,2022,10.1038/s41592-021-01336-8,34949812,,1381
10.3109/15412550903499522,Genomics & epigenomics; Medical & clinical sciences,Genetic epidemiology of COPD (COPDGene) study design.,"Regan EA, Hokanson JE, Murphy JR, Make B, Lynch DA, Beaty TH, Curran-Everett D, Silverman EK, Crapo JD.",COPD,2010,10.3109/15412550903499522,20214461,,1123
10.1016/j.cell.2008.07.032,Genomics & epigenomics,Global analysis of host-pathogen interactions that regulate early-stage HIV-1 replication.,"König R, Zhou Y, Elleder D, Diamond TL, Bonamy GM, Irelan JT, Chiang CY, Tu BP, De Jesus PD, Lilley CE, Seidel S, Opaluch AM, Caldwell JS, Weitzman MD, Kuhen KL, Bandyopadhyay S, Ideker T, Orth AP, Miraglia LJ, Bushman FD, Young JA, Chanda SK.",Cell,2008,10.1016/j.cell.2008.07.032,18854154,,787
10.1038/77023,Genomics & epigenomics,"DNMT1 binds HDAC2 and a new co-repressor, DMAP1, to form a complex at replication foci.","Rountree MR, Bachman KE, Baylin SB.",Nat Genet,2000,10.1038/77023,10888872,,773
10.1016/j.cell.2019.08.051,Genomics & epigenomics,"Genome-wide Association Studies in Ancestrally Diverse Populations: Opportunities, Methods, Pitfalls, and Recommendations.","Peterson RE, Kuchenbaecker K, Walters RK, Chen CY, Popejoy AB, Periyasamy S, Lam M, Iyegbe C, Strawbridge RJ, Brick L, Carey CE, Martin AR, Meyers JL, Su J, Chen J, Edwards AC, Kalungi A, Koen N, Majara L, Schwarz E, Smoller JW, Stahl EA, Sullivan PF, Vassos E, Mowry B, Prieto ML, Cuellar-Barboza A, Bigdeli TB, Edenberg HJ, Huang H, Duncan LE.",Cell,2019,10.1016/j.cell.2019.08.051,31607513,review,715
10.1038/nature08699,Genomics & epigenomics,Human host factors required for influenza virus replication.,"König R, Stertz S, Zhou Y, Inoue A, Hoffmann HH, Bhattacharyya S, Alamares JG, Tscherne DM, Ortigoza MB, Liang Y, Gao Q, Andrews SE, Bandyopadhyay S, De Jesus P, Tu BP, Pache L, Shih C, Orth A, Bonamy G, Miraglia L, Ideker T, García-Sastre A, Young JA, Palese P, Shaw ML, Chanda SK.",Nature,2010,10.1038/nature08699,20027183,,681
10.1038/ng.468,Genomics & epigenomics,"A large-scale replication study identifies TNIP1, PRDM1, JAZF1, UHRF1BP1 and IL10 as risk loci for systemic lupus erythematosus.","Gateva V, Sandling JK, Hom G, Taylor KE, Chung SA, Sun X, Ortmann W, Kosoy R, Ferreira RC, Nordmark G, Gunnarsson I, Svenungsson E, Padyukov L, Sturfelt G, Jönsen A, Bengtsson AA, Rantapää-Dahlqvist S, Baechler EC, Brown EE, Alarcón GS, Edberg JC, Ramsey-Goldman R, McGwin G, Reveille JD, Vilá LM, Kimberly RP, Manzi S, Petri MA, Lee A, Gregersen PK, Seldin MF, Rönnblom L, Criswell LA, Syvänen AC, Behrens TW, Graham RR.",Nat Genet,2009,10.1038/ng.468,19838195,,679
10.1261/rna.053959.115,Genomics & epigenomics; Transcriptomics (bulk & single-cell),How many biological replicates are needed in an RNA-seq experiment and which differential expression tool should you use?,"Schurch NJ, Schofield P, Gierliński M, Cole C, Sherstnev A, Singh V, Wrobel N, Gharbi K, Simpson GG, Owen-Hughes T, Blaxter M, Barton GJ.",RNA,2016,10.1261/rna.053959.115,27022035,,669
10.1093/eurheartj/ehad736,Genomics & epigenomics,Mendelian randomization for cardiovascular diseases: principles and applications.,"Larsson SC, Butterworth AS, Burgess S.",Eur Heart J,2023,10.1093/eurheartj/ehad736,37935836,review,644
10.1038/ng.401,Genomics & epigenomics,"Meta-analysis of genome scans and replication identify CD6, IRF8 and TNFRSF1A as new multiple sclerosis susceptibility loci.","De Jager PL, Jia X, Wang J, de Bakker PI, Ottoboni L, Aggarwal NT, Piccio L, Raychaudhuri S, Tran D, Aubin C, Briskin R, Romano S, International MS Genetics Consortium, Baranzini SE, McCauley JL, Pericak-Vance MA, Haines JL, Gibson RA, Naeglin Y, Uitdehaag B, Matthews PM, Kappos L, Polman C, McArdle WL, Strachan DP, Evans D, Cross AH, Daly MJ, Compston A, Sawcer SJ, Weiner HL, Hauser SL, Hafler DA, Oksenberg JR.",Nat Genet,2009,10.1038/ng.401,19525953,,623
10.1001/jamapsychiatry.2019.3671,Genomics & epigenomics; Neuroscience,Establishment of Best Practices for Evidence for Prediction: A Review.,"Poldrack RA, Huckins G, Varoquaux G.",JAMA Psychiatry,2020,10.1001/jamapsychiatry.2019.3671,31774490,review,595
10.1038/nature08760,Genomics & epigenomics; Functional genomics screens; Preclinical animal research,Genome-wide RNAi screen identifies human host factors crucial for influenza virus replication.,"Karlas A, Machuy N, Shin Y, Pleissner KP, Artarini A, Heuer D, Becker D, Khalil H, Ogilvie LA, Hess S, Mäurer AP, Müller E, Wolff T, Rudel T, Meyer TF.",Nature,2010,10.1038/nature08760,20081832,,579
10.1093/nar/gkh247,Genomics & epigenomics,Guidelines for the selection of highly effective siRNA sequences for mammalian and chick RNA interference.,"Ui-Tei K, Naito Y, Takahashi F, Haraguchi T, Ohki-Hamazaki H, Juni A, Ueda R, Saigo K.",Nucleic Acids Res,2004,10.1093/nar/gkh247,14769950,,574
10.1002/gepi.22295,Genomics & epigenomics; Bioinformatics & computational biology,A comparison of robust Mendelian randomization methods using summary data.,"Slob EAW, Burgess S.",Genet Epidemiol,2020,10.1002/gepi.22295,32249995,,573
10.1038/nrg3457,Genomics & epigenomics,Pitfalls of predicting complex traits from SNPs.,"Wray NR, Yang J, Hayes BJ, Price AL, Goddard ME, Visscher PM.",Nat Rev Genet,2013,10.1038/nrg3457,23774735,review,570
10.1001/jamapsychiatry.2018.4175,Genomics & epigenomics,Assessment of Bidirectional Relationships Between Physical Activity and Depression Among Adults: A 2-Sample Mendelian Randomization Study.,"Choi KW, Chen CY, Stein MB, Klimentidis YC, Wang MJ, Koenen KC, Smoller JW, Major Depressive Disorder Working Group of the Psychiatric Genomics Consortium.",JAMA Psychiatry,2019,10.1001/jamapsychiatry.2018.4175,30673066,,563
10.1016/j.virusres.2012.10.020,Genomics & epigenomics,African swine fever virus replication and genomics.,"Dixon LK, Chapman DA, Netherton CL, Upton C.",Virus Res,2013,10.1016/j.virusres.2012.10.020,23142553,review,552
10.3945/ajcn.115.118216,Genomics & epigenomics,"Best (but oft-forgotten) practices: the design, analysis, and interpretation of Mendelian randomization studies.","Haycock PC, Burgess S, Wade KH, Bowden J, Relton C, Davey Smith G.",Am J Clin Nutr,2016,10.3945/ajcn.115.118216,26961927,,550
10.1038/s41588-020-0631-4,Genomics & epigenomics,Mendelian randomization accounting for correlated and uncorrelated pleiotropic effects using genome-wide summary statistics.,"Morrison J, Knoblauch N, Marcus JH, Stephens M, He X.",Nat Genet,2020,10.1038/s41588-020-0631-4,32451458,,536
10.1038/gim.2017.210,Genomics & epigenomics,Modeling the ACMG/AMP variant classification guidelines as a Bayesian classification framework.,"Tavtigian SV, Greenblatt MS, Harrison SM, Nussbaum RL, Prabhu SA, Boucher KM, Biesecker LG, ClinGen Sequence Variant Interpretation Working Group (ClinGen SVI).",Genet Med,2018,10.1038/gim.2017.210,29300386,,536
10.1016/j.ajhg.2011.03.003,Genomics & epigenomics; Proteomics & metabolomics,Tobacco-smoking-related differential DNA methylation: 27K discovery and replication.,"Breitling LP, Yang R, Korn B, Burwinkel B, Brenner H.",Am J Hum Genet,2011,10.1016/j.ajhg.2011.03.003,21457905,,535
10.1101/gr.099655.109,Genomics & epigenomics,Evolutionarily conserved replication timing profiles predict long-range chromatin interactions and distinguish closely related cell types.,"Ryba T, Hiratani I, Lu J, Itoh M, Kulik M, Zhang J, Schulz TC, Robins AJ, Dalton S, Gilbert DM.",Genome Res,2010,10.1101/gr.099655.109,20430782,,516
10.1093/ije/dyr233,Genomics & epigenomics,Two-step epigenetic Mendelian randomization: a strategy for establishing the causal role of epigenetic processes in pathways to disease.,"Relton CL, Davey Smith G.",Int J Epidemiol,2012,10.1093/ije/dyr233,22422451,,507
10.1016/j.cell.2011.04.015,Genomics & epigenomics,DNA replication through G-quadruplex motifs is promoted by the Saccharomyces cerevisiae Pif1 DNA helicase.,"Paeschke K, Capra JA, Zakian VA.",Cell,2011,10.1016/j.cell.2011.04.015,21620135,,500
10.1101/gr.220640.117,Genomics & epigenomics,HiCRep: assessing the reproducibility of Hi-C data using a stratum-adjusted correlation coefficient.,"Yang T, Zhang F, Yardımcı GG, Song F, Hardison RC, Noble WS, Yue F, Li Q.",Genome Res,2017,10.1101/gr.220640.117,28855260,,486
10.1073/pnas.0912402107,Genomics & epigenomics,Sequencing newly replicated DNA reveals widespread plasticity in human replication timing.,"Hansen RS, Thomas S, Sandstrom R, Canfield TK, Thurman RE, Weaver M, Dorschner MO, Gartler SM, Stamatoyannopoulos JA.",Proc Natl Acad Sci U S A,2010,10.1073/pnas.0912402107,19966280,,484
10.1016/j.ajhg.2022.04.001,Genomics & epigenomics,Combining evidence from Mendelian randomization and colocalization: Review and comparison of approaches.,"Zuber V, Grinberg NF, Gill D, Manipur I, Slob EAW, Patel A, Wallace C, Burgess S.",Am J Hum Genet,2022,10.1016/j.ajhg.2022.04.001,35452592,review,461
10.1038/ng.133,Genomics & epigenomics,Genome-wide association scan identifies a colorectal cancer susceptibility locus on 11q23 and replicates risk loci at 8q24 and 18q21.,"Tenesa A, Farrington SM, Prendergast JG, Porteous ME, Walker M, Haq N, Barnetson RA, Theodoratou E, Cetnarskyj R, Cartwright N, Semple C, Clark AJ, Reid FJ, Smith LA, Kavoussanakis K, Koessler T, Pharoah PD, Buch S, Schafmayer C, Tepel J, Schreiber S, Völzke H, Schmidt CO, Hampe J, Chang-Claude J, Hoffmeister M, Brenner H, Wilkening S, Canzian F, Capella G, Moreno V, Deary IJ, Starr JM, Tomlinson IP, Kemp Z, Howarth K, Carvajal-Carmona L, Webb E, Broderick P, Vijayakrishnan J, Houlston RS, Rennert G, Ballinger D, Rozek L, Gruber SB, Matsuda K, Kidokoro T, Nakamura Y, Zanke BW, Greenwood CM, Rangrej J, Kustra R, Montpetit A, Hudson TJ, Gallinger S, Campbell H, Dunlop MG.",Nat Genet,2008,10.1038/ng.133,18372901,,461
10.1001/jamaoncol.2016.5945,Genomics & epigenomics,Association Between Telomere Length and Risk of Cancer and Non-Neoplastic Diseases: A Mendelian Randomization Study.,"Telomeres Mendelian Randomization Collaboration, Haycock PC, Burgess S, Nounu A, Zheng J, Okoli GN, Bowden J, Wade KH, Timpson NJ, Evans DM, Willeit P, Aviv A, Gaunt TR, Hemani G, Mangino M, Ellis HP, Kurian KM, Pooley KA, Eeles RA, Lee JE, Fang S, Chen WV, Law MH, Bowdler LM, Iles MM, Yang Q, Worrall BB, Markus HS, Hung RJ, Amos CI, Spurdle AB, Thompson DJ, O'Mara TA, Wolpin B, Amundadottir L, Stolzenberg-Solomon R, Trichopoulou A, Onland-Moret NC, Lund E, Duell EJ, Canzian F, Severi G, Overvad K, Gunter MJ, Tumino R, Svenson U, van Rij A, Baas AF, Bown MJ, Samani NJ, van t'Hof FNG, Tromp G, Jones GT, Kuivaniemi H, Elmore JR, Johansson M, Mckay J, Scelo G, Carreras-Torres R, Gaborieau V, Brennan P, Bracci PM, Neale RE, Olson SH, Gallinger S, Li D, Petersen GM, Risch HA, Klein AP, Han J, Abnet CC, Freedman ND, Taylor PR, Maris JM, Aben KK, Kiemeney LA, Vermeulen SH, Wiencke JK, Walsh KM, Wrensch M, Rice T, Turnbull C, Litchfield K, Paternoster L, Standl M, Abecasis GR, SanGiovanni JP, Li Y, Mijatovic V, Sapkota Y, Low SK, Zondervan KT, Montgomery GW, Nyholt DR, van Heel DA, Hunt K, Arking DE, Ashar FN, Sotoodehnia N, Woo D, Rosand J, Comeau ME, Brown WM, Silverman EK, Hokanson JE, Cho MH, Hui J, Ferreira MA, Thompson PJ, Morrison AC, Felix JF, Smith NL, Christiano AM, Petukhova L, Betz RC, Fan X, Zhang X, Zhu C, Langefeld CD, Thompson SD, Wang F, Lin X, Schwartz DA, Fingerlin T, Rotter JI, Cotch MF, Jensen RA, Munz M, Dommisch H, Schaefer AS, Han F, Ollila HM, Hillary RP, Albagha O, Ralston SH, Zeng C, Zheng W, Shu XO, Reis A, Uebe S, Hüffmeier U, Kawamura Y, Otowa T, Sasaki T, Hibberd ML, Davila S, Xie G, Siminovitch K, Bei JX, Zeng YX, Försti A, Chen B, Landi S, Franke A, Fischer A, Ellinghaus D, Flores C, Noth I, Ma SF, Foo JN, Liu J, Kim JW, Cox DG, Delattre O, Mirabeau O, Skibola CF, Tang CS, Garcia-Barcelo M, Chang KP, Su WH, Chang YS, Martin NG, Gordon S, Wade TD, Lee C, Kubo M, Cha PC, Nakamura Y, Levy D, Kimura M, Hwang SJ, Hunt S, Spector T, Soranzo N, Manichaikul AW, Barr RG, Kahali B, Speliotes E, Yerges-Armstrong LM, Cheng CY, Jonas JB, Wong TY, Fogh I, Lin K, Powell JF, Rice K, Relton CL, Martin RM, Davey Smith G.",JAMA Oncol,2017,10.1001/jamaoncol.2016.5945,28241208,,460
10.1038/nrm.2017.47,Genomics & epigenomics,Understanding nucleosome dynamics and their links to gene expression and DNA replication.,"Lai WKM, Pugh BF.",Nat Rev Mol Cell Biol,2017,10.1038/nrm.2017.47,28537572,review,453
10.1038/nrg3706,Genomics & epigenomics,Statistical power and significance testing in large-scale genetic studies.,"Sham PC, Purcell SM.",Nat Rev Genet,2014,10.1038/nrg3706,24739678,review,446
10.1038/s41436-021-01172-3,Genomics & epigenomics,ACMG SF v3.0 list for reporting of secondary findings in clinical exome and genome sequencing: a policy statement of the American College of Medical Genetics and Genomics (ACMG).,"Miller DT, Lee K, Chung WK, Gordon AS, Herman GE, Klein TE, Stewart DR, Amendola LM, Adelman K, Bale SJ, Gollob MH, Harrison SM, Hershberger RE, McKelvey K, Richards CS, Vlangos CN, Watson MS, Martin CL, ACMG Secondary Findings Working Group.",Genet Med,2021,10.1038/s41436-021-01172-3,34012068,,435
10.1093/bioinformatics/btw026,Genomics & epigenomics; Bioinformatics & computational biology,Differential methylation analysis for BS-seq data under general experimental design.,"Park Y, Wu H.",Bioinformatics,2016,10.1093/bioinformatics/btw026,26819470,,433
10.1002/humu.23630,Genomics & epigenomics,Expert specification of the ACMG/AMP variant interpretation guidelines for genetic hearing loss.,"Oza AM, DiStefano MT, Hemphill SE, Cushman BJ, Grant AR, Siegert RK, Shen J, Chapin A, Boczek NJ, Schimmenti LA, Murry JB, Hasadsri L, Nara K, Kenna M, Booth KT, Azaiez H, Griffith A, Avraham KB, Kremer H, Rehm HL, Amr SS, Abou Tayoun AN, ClinGen Hearing Loss Clinical Domain Working Group.",Hum Mutat,2018,10.1002/humu.23630,30311386,,427
10.1371/journal.pgen.1000477,Genomics & epigenomics,"Designing genome-wide association studies: sample size, power, imputation, and the choice of genotyping chip.","Spencer CC, Su Z, Donnelly P, Marchini J.",PLoS Genet,2009,10.1371/journal.pgen.1000477,19492015,,425
10.1101/gad.1463706,Genomics & epigenomics,Direct interaction between DNMT1 and G9a coordinates DNA and histone methylation during replication.,"Estève PO, Chin HG, Smallwood A, Feehery GR, Gangisetty O, Karpf AR, Carey MF, Pradhan S.",Genes Dev,2006,10.1101/gad.1463706,17085482,,409
10.1016/j.gim.2023.100866,Genomics & epigenomics,ACMG SF v3.2 list for reporting of secondary findings in clinical exome and genome sequencing: A policy statement of the American College of Medical Genetics and Genomics (ACMG).,"Miller DT, Lee K, Abul-Husn NS, Amendola LM, Brothers K, Chung WK, Gollob MH, Gordon AS, Harrison SM, Hershberger RE, Klein TE, Richards CS, Stewart DR, Martin CL, ACMG Secondary Findings Working Group. Electronic address: documents@acmg.net.",Genet Med,2023,10.1016/j.gim.2023.100866,37347242,,402
10.5808/gi.2012.10.2.117,Genomics & epigenomics,Sample size and statistical power calculation in genetic association studies.,"Hong EP, Park JW.",Genomics Inform,2012,10.5808/gi.2012.10.2.117,23105939,,402
10.1093/biostatistics/kxj037,Transcriptomics (bulk & single-cell),Adjusting batch effects in microarray expression data using empirical Bayes methods.,"Johnson WE, Li C, Rabinovic A.",Biostatistics,2007,10.1093/biostatistics/kxj037,16632515,,6871
10.1002/(sici)1098-2280(2000)35:3<206::aid-em8>3.0.co;2-j,Transcriptomics (bulk & single-cell),Single cell gel/comet assay: guidelines for in vitro and in vivo genetic toxicology testing.,"Tice RR, Agurell E, Anderson D, Burlinson B, Hartmann A, Kobayashi H, Miyamae Y, Rojas E, Ryu JC, Sasaki YF.",Environ Mol Mutagen,2000,10.1002/(sici)1098-2280(2000)35:3<206::aid-em8>3.0.co;2-j,10737956,,3313
10.1038/nbt.4091,Transcriptomics (bulk & single-cell),Batch effects in single-cell RNA-sequencing data are corrected by matching mutual nearest neighbors.,"Haghverdi L, Lun ATL, Morgan MD, Marioni JC.",Nat Biotechnol,2018,10.1038/nbt.4091,29608177,,2193
10.1101/gr.079558.108,Transcriptomics (bulk & single-cell),RNA-seq: an assessment of technical reproducibility and comparison with gene expression arrays.,"Marioni JC, Mason CE, Mane SM, Stephens M, Gilad Y.",Genome Res,2008,10.1101/gr.079558.108,18550803,,1985
10.15252/msb.20188746,Transcriptomics (bulk & single-cell),Current best practices in single-cell RNA-seq analysis: a tutorial.,"Luecken MD, Theis FJ.",Mol Syst Biol,2019,10.15252/msb.20188746,31217225,review,1943
10.1038/nbt1239,Transcriptomics (bulk & single-cell),The MicroArray Quality Control (MAQC) project shows inter- and intraplatform reproducibility of gene expression measurements.,"MAQC Consortium, Shi L, Reid LH, Jones WD, Shippy R, Warrington JA, Baker SC, Collins PJ, de Longueville F, Kawasaki ES, Lee KY, Luo Y, Sun YA, Willey JC, Setterquist RA, Fischer GM, Tong W, Dragan YP, Dix DJ, Frueh FW, Goodsaid FM, Herman D, Jensen RV, Johnson CD, Lobenhofer EK, Puri RK, Schrf U, Thierry-Mieg J, Wang C, Wilson M, Wolber PK, Zhang L, Amur S, Bao W, Barbacioru CC, Lucas AB, Bertholet V, Boysen C, Bromley B, Brown D, Brunner A, Canales R, Cao XM, Cebula TA, Chen JJ, Cheng J, Chu TM, Chudin E, Corson J, Corton JC, Croner LJ, Davies C, Davison TS, Delenstarr G, Deng X, Dorris D, Eklund AC, Fan XH, Fang H, Fulmer-Smentek S, Fuscoe JC, Gallagher K, Ge W, Guo L, Guo X, Hager J, Haje PK, Han J, Han T, Harbottle HC, Harris SC, Hatchwell E, Hauser CA, Hester S, Hong H, Hurban P, Jackson SA, Ji H, Knight CR, Kuo WP, LeClerc JE, Levy S, Li QZ, Liu C, Liu Y, Lombardi MJ, Ma Y, Magnuson SR, Maqsodi B, McDaniel T, Mei N, Myklebost O, Ning B, Novoradovskaya N, Orr MS, Osborn TW, Papallo A, Patterson TA, Perkins RG, Peters EH, Peterson R, Philips KL, Pine PS, Pusztai L, Qian F, Ren H, Rosen M, Rosenzweig BA, Samaha RR, Schena M, Schroth GP, Shchegrova S, Smith DD, Staedtler F, Su Z, Sun H, Szallasi Z, Tezak Z, Thierry-Mieg D, Thompson KL, Tikhonova I, Turpaz Y, Vallanat B, Van C, Walker SJ, Wang SJ, Wang Y, Wolfinger R, Wong A, Wu J, Xiao C, Xie Q, Xu J, Yang W, Zhang L, Zhong S, Zong Y, Slikker W.",Nat Biotechnol,2006,10.1038/nbt1239,16964229,,1482
10.1093/nargab/lqaa078,Transcriptomics (bulk & single-cell),<i>ComBat-seq</i>: batch effect adjustment for RNA-seq count data.,"Zhang Y, Parmigiani G, Johnson WE.",NAR Genom Bioinform,2020,10.1093/nargab/lqaa078,33015620,,1326
10.1038/s41576-023-00586-w,Transcriptomics (bulk & single-cell); Bioinformatics & computational biology,Best practices for single-cell analysis across modalities.,"Heumos L, Schaar AC, Lance C, Litinetskaya A, Drost F, Zappia L, Lücken MD, Strobl DC, Henao J, Curion F, Single-cell Best Practices Consortium, Schiller HB, Theis FJ.",Nat Rev Genet,2023,10.1038/s41576-023-00586-w,37002403,review,997
10.1101/gad.949802,Transcriptomics (bulk & single-cell),"E2F integrates cell cycle progression with DNA repair, replication, and G(2)/M checkpoints.","Ren B, Cam H, Takahashi Y, Volkert T, Terragni J, Young RA, Dynlacht BD.",Genes Dev,2002,10.1101/gad.949802,11799067,,915
10.1186/s13059-019-1850-9,Transcriptomics (bulk & single-cell); Bioinformatics & computational biology,A benchmark of batch-effect correction methods for single-cell RNA sequencing data.,"Tran HTN, Ang KS, Chevrier M, Zhang X, Lee NYS, Goh M, Chen J.",Genome Biol,2020,10.1186/s13059-019-1850-9,31948481,,878
10.1186/s13059-014-0503-2,Transcriptomics (bulk & single-cell); Medical & clinical sciences,Functional normalization of 450k methylation array data improves replication in large cancer studies.,"Fortin JP, Labbe A, Lemire M, Zanke BW, Hudson TJ, Fertig EJ, Greenwood CM, Hansen KD.",Genome Biol,2014,10.1186/s13059-014-0503-2,25599564,,700
10.1038/s41592-019-0690-6,Transcriptomics (bulk & single-cell); Bioinformatics & computational biology,Benchmarking algorithms for gene regulatory network inference from single-cell transcriptomic data.,"Pratapa A, Jalihal AP, Law JN, Bharadwaj A, Murali TM.",Nat Methods,2020,10.1038/s41592-019-0690-6,31907445,,662
10.1093/jnci/95.1.14,Transcriptomics (bulk & single-cell),Pitfalls in the use of DNA microarray data for diagnostic and prognostic classification.,"Simon R, Radmacher MD, Dobbin K, McShane LM.",J Natl Cancer Inst,2003,10.1093/jnci/95.1.14,12509396,review,633
10.1126/science.294.5540.115,Transcriptomics (bulk & single-cell),Replication dynamics of the yeast genome.,"Raghuraman MK, Winzeler EA, Collingwood D, Hunt S, Wodicka L, Conway A, Lockhart DJ, Davis RW, Brewer BJ, Fangman WL.",Science,2001,10.1126/science.294.5540.115,11588253,,614
10.1038/ng1031,Transcriptomics (bulk & single-cell),Fundamentals of experimental design for cDNA microarrays.,Churchill GA.,Nat Genet,2002,10.1038/ng1031,12454643,review,593
10.1038/nmeth.4220,Transcriptomics (bulk & single-cell),Power analysis of single-cell RNA-sequencing experiments.,"Svensson V, Natarajan KN, Ly LH, Miragaia RJ, Labalette C, Macaulay IC, Cvejic A, Teichmann SA.",Nat Methods,2017,10.1038/nmeth.4220,28263961,,489
10.1128/mcb.21.14.4684-4699.2001,Transcriptomics (bulk & single-cell),Role for E2F in control of both DNA replication and mitotic functions as revealed from DNA microarray analysis.,"Ishida S, Huang E, Zuzan H, Spang R, Leone G, West M, Nevins JR.",Mol Cell Biol,2001,10.1128/mcb.21.14.4684-4699.2001,11416145,,463
10.1073/pnas.97.18.9834,Transcriptomics (bulk & single-cell),Importance of replication in microarray gene expression studies: statistical methods and evidence from repetitive cDNA hybridizations.,"Lee ML, Kuo FC, Whitmore GA, Sklar J.",Proc Natl Acad Sci U S A,2000,10.1073/pnas.97.18.9834,10963655,,451
10.1084/jem.179.1.101,Transcriptomics (bulk & single-cell),The human immunodeficiency virus-1 nef gene product: a positive factor for viral infection and replication in primary lymphocytes and macrophages.,"Miller MD, Warmerdam MT, Gaston I, Greene WC, Feinberg MB.",J Exp Med,1994,10.1084/jem.179.1.101,8270859,,423
10.1038/s41587-020-0469-4,Transcriptomics (bulk & single-cell); Bioinformatics & computational biology,Benchmarking single-cell RNA-sequencing protocols for cell atlas projects.,"Mereu E, Lafzi A, Moutinho C, Ziegenhain C, McCarthy DJ, Álvarez-Varela A, Batlle E, Sagar, Grün D, Lau JK, Boutet SC, Sanada C, Ooi A, Jones RC, Kaihara K, Brampton C, Talaga Y, Sasagawa Y, Tanaka K, Hayashi T, Braeuning C, Fischer C, Sauer S, Trefzer T, Conrad C, Adiconis X, Nguyen LT, Regev A, Levin JZ, Parekh S, Janjic A, Wange LE, Bagnoli JW, Enard W, Gut M, Sandberg R, Nikaido I, Gut I, Stegle O, Heyn H.",Nat Biotechnol,2020,10.1038/s41587-020-0469-4,32518403,,420
10.1093/jnci/djk018,Transcriptomics (bulk & single-cell),Critical review of published microarray studies for cancer outcome and guidelines on statistical analysis and reporting.,"Dupuy A, Simon RM.",J Natl Cancer Inst,2007,10.1093/jnci/djk018,17227998,review,403
10.1038/nbt.3001,Transcriptomics (bulk & single-cell),The concordance between RNA-seq and microarray data depends on chemical treatment and transcript abundance.,"Wang C, Gong B, Bushel PR, Thierry-Mieg J, Thierry-Mieg D, Xu J, Fang H, Hong H, Shen J, Su Z, Meehan J, Li X, Yang L, Li H, Łabaj PP, Kreil DP, Megherbi D, Gaj S, Caiment F, van Delft J, Kleinjans J, Scherer A, Devanarayan V, Wang J, Yang Y, Qian HR, Lancashire LJ, Bessarabova M, Nikolsky Y, Furlanello C, Chierici M, Albanese D, Jurman G, Riccadonna S, Filosi M, Visintainer R, Zhang KK, Li J, Hsieh JH, Svoboda DL, Fuscoe JC, Deng Y, Shi L, Paules RS, Auerbach SS, Tong W.",Nat Biotechnol,2014,10.1038/nbt.3001,25150839,,401
10.1038/s41592-022-01480-9,Transcriptomics (bulk & single-cell); Bioinformatics & computational biology,Benchmarking spatial and single-cell transcriptomics integration methods for transcript distribution prediction and cell type deconvolution.,"Li B, Zhang W, Guo C, Xu H, Li L, Fang M, Hu Y, Zhang X, Yao X, Tang M, Liu K, Zhao X, Lin J, Cheng L, Chen F, Xue T, Qu K.",Nat Methods,2022,10.1038/s41592-022-01480-9,35577954,,396
10.1371/journal.pone.0017238,Transcriptomics (bulk & single-cell),Removing batch effects in analysis of expression microarray data: an evaluation of six batch adjustment methods.,"Chen C, Grennan K, Badner J, Zhang D, Gershon E, Jin L, Liu C.",PLoS One,2011,10.1371/journal.pone.0017238,21386892,,389
10.1146/annurev.biochem.052308.103205,Transcriptomics (bulk & single-cell),"Eukaryotic chromosome DNA replication: where, when, and how?","Masai H, Matsumoto S, You Z, Yoshizawa-Sugata N, Oda M.",Annu Rev Biochem,2010,10.1146/annurev.biochem.052308.103205,20373915,review,389
10.1016/j.tig.2005.12.005,Transcriptomics (bulk & single-cell),Reliability and reproducibility issues in DNA microarray measurements.,"Draghici S, Khatri P, Eklund AC, Szallasi Z.",Trends Genet,2006,10.1016/j.tig.2005.12.005,16380191,review,388
10.1093/bioinformatics/btt688,Transcriptomics (bulk & single-cell),RNA-seq differential expression studies: more sequence or more replication?,"Liu Y, Zhou J, White KP.",Bioinformatics,2014,10.1093/bioinformatics/btt688,24319002,,373
10.1038/s41467-020-19015-1,Transcriptomics (bulk & single-cell); Bioinformatics & computational biology,Benchmarking of cell type deconvolution pipelines for transcriptomics data.,"Avila Cobos F, Alquicira-Hernandez J, Powell JE, Mestdagh P, De Preter K.",Nat Commun,2020,10.1038/s41467-020-19015-1,33159064,,367
10.1093/biostatistics/2.2.183,Transcriptomics (bulk & single-cell),Experimental design for gene expression microarrays.,"Kerr MK, Churchill GA.",Biostatistics,2001,10.1093/biostatistics/2.2.183,12933549,,355
10.1093/bioinformatics/bti422,Transcriptomics (bulk & single-cell),"Penalized Cox regression analysis in the high-dimensional and low-sample size settings, with applications to microarray gene expression data.","Gui J, Li H.",Bioinformatics,2005,10.1093/bioinformatics/bti422,15814556,,339
10.1186/s13059-015-0762-6,Transcriptomics (bulk & single-cell),Tools and best practices for data processing in allelic expression analysis.,"Castel SE, Levy-Moonshine A, Mohammadi P, Banks E, Lappalainen T.",Genome Biol,2015,10.1186/s13059-015-0762-6,26381377,,336
10.1093/bioinformatics/bti448,Transcriptomics (bulk & single-cell),"False discovery rate, sensitivity and sample size for microarray studies.","Pawitan Y, Michiels S, Koscielny S, Gusnanto A, Ploner A.",Bioinformatics,2005,10.1093/bioinformatics/bti448,15840707,,329
10.1038/s41598-017-01617-3,Transcriptomics (bulk & single-cell); Bioinformatics & computational biology,Benchmarking of RNA-sequencing analysis workflows using whole-transcriptome RT-qPCR expression data.,"Everaert C, Luypaert M, Maag JLV, Cheng QX, Dinger ME, Hellemans J, Mestdagh P.",Sci Rep,2017,10.1038/s41598-017-01617-3,28484260,,308
10.1097/pas.0b013e31827f576a,Transcriptomics (bulk & single-cell),Poor interobserver reproducibility in the diagnosis of high-grade endometrial carcinoma.,"Gilks CB, Oliva E, Soslow RA.",Am J Surg Pathol,2013,10.1097/pas.0b013e31827f576a,23629444,,302
10.1038/srep39921,Transcriptomics (bulk & single-cell),Batch effects and the effective design of single-cell gene expression studies.,"Tung PY, Blischak JD, Hsiao CJ, Knowles DA, Burnett JE, Pritchard JK, Gilad Y.",Sci Rep,2017,10.1038/srep39921,28045081,,301
10.1093/biostatistics/kxv027,Transcriptomics (bulk & single-cell),Methods that remove batch effects while retaining group differences may lead to exaggerated confidence in downstream analyses.,"Nygaard V, Rødland EA, Hovig E.",Biostatistics,2016,10.1093/biostatistics/kxv027,26272994,,293
10.1038/s41467-020-15851-3,"Transcriptomics (bulk & single-cell); Data science, ML & health informatics",Deep learning enables accurate clustering with batch effect removal in single-cell RNA-seq analysis.,"Li X, Wang K, Lyu Y, Pan H, Zhang J, Stambolian D, Susztak K, Reilly MP, Hu G, Li M.",Nat Commun,2020,10.1038/s41467-020-15851-3,32393754,,290
10.1038/s41592-019-0425-8,Transcriptomics (bulk & single-cell); Bioinformatics & computational biology,Benchmarking single cell RNA-sequencing analysis pipelines using mixture control experiments.,"Tian L, Dong X, Freytag S, Lê Cao KA, Su S, JalalAbadi A, Amann-Zalcenstein D, Weber TS, Seidi A, Jabbari JS, Naik SH, Ritchie ME.",Nat Methods,2019,10.1038/s41592-019-0425-8,31133762,,281
10.1038/nmeth757,Transcriptomics (bulk & single-cell),Independence and reproducibility across microarray platforms.,"Larkin JE, Frank BC, Gavras H, Sultana R, Quackenbush J.",Nat Methods,2005,10.1038/nmeth757,15846360,,274
10.1371/journal.pmed.1002215,Transcriptomics (bulk & single-cell),Association of Body Mass Index with DNA Methylation and Gene Expression in Blood Cells and Relations to Cardiometabolic Disease: A Mendelian Randomization Approach.,"Mendelson MM, Marioni RE, Joehanes R, Liu C, Hedman ÅK, Aslibekyan S, Demerath EW, Guan W, Zhi D, Yao C, Huan T, Willinger C, Chen B, Courchesne P, Multhaup M, Irvin MR, Cohain A, Schadt EE, Grove ML, Bressler J, North K, Sundström J, Gustafsson S, Shah S, McRae AF, Harris SE, Gibson J, Redmond P, Corley J, Murphy L, Starr JM, Kleinbrink E, Lipovich L, Visscher PM, Wray NR, Krauss RM, Fallin D, Feinberg A, Absher DM, Fornage M, Pankow JS, Lind L, Fox C, Ingelsson E, Arnett DK, Boerwinkle E, Liang L, Levy D, Deary IJ.",PLoS Med,2017,10.1371/journal.pmed.1002215,28095459,,269
10.1073/pnas.1000041107,Transcriptomics (bulk & single-cell),Dynamics of intracellular bacterial replication at the single cell level.,"Helaine S, Thompson JA, Watson KG, Liu M, Boyle C, Holden DW.",Proc Natl Acad Sci U S A,2010,10.1073/pnas.1000041107,20133586,,269
10.1002/pd.5102,Transcriptomics (bulk & single-cell),"Promises, pitfalls and practicalities of prenatal whole exome sequencing.","Best S, Wou K, Vora N, Van der Veyver IB, Wapner R, Chitty LS.",Prenat Diagn,2018,10.1002/pd.5102,28654730,review,262
10.1016/j.molcel.2007.07.011,Transcriptomics (bulk & single-cell),Genome-wide replication-independent histone H3 exchange occurs predominantly at promoters and implicates H3 K56 acetylation and Asf1.,"Rufiange A, Jacques PE, Bhat W, Robert F, Nourani A.",Mol Cell,2007,10.1016/j.molcel.2007.07.011,17679090,,259
10.1038/s41596-020-00409-w,Transcriptomics (bulk & single-cell),Tutorial: guidelines for the computational analysis of single-cell RNA sequencing data.,"Andrews TS, Kiselev VY, McCarthy D, Hemberg M.",Nat Protoc,2021,10.1038/s41596-020-00409-w,33288955,review,256
10.1038/s41467-021-21038-1,Transcriptomics (bulk & single-cell),A practical solution to pseudoreplication bias in single-cell studies.,"Zimmerman KD, Espeland MA, Langefeld CD.",Nat Commun,2021,10.1038/s41467-021-21038-1,33531494,,254
10.1001/jamapsychiatry.2022.0407,Transcriptomics (bulk & single-cell),Inflammation and Brain Structure in Schizophrenia and Other Neuropsychiatric Disorders: A Mendelian Randomization Study.,"Williams JA, Burgess S, Suckling J, Lalousis PA, Batool F, Griffiths SL, Palmer E, Karwath A, Barsky A, Gkoutos GV, Wood S, Barnes NM, David AS, Donohoe G, Neill JC, Deakin B, Khandaker GM, Upthegrove R, PIMS Collaboration.",JAMA Psychiatry,2022,10.1001/jamapsychiatry.2022.0407,35353173,,251
10.1016/j.molcel.2015.07.020,Transcriptomics (bulk & single-cell),Condensin- and Replication-Mediated Bacterial Chromosome Folding and Origin Condensation Revealed by Hi-C and Super-resolution Imaging.,"Marbouty M, Le Gall A, Cattoni DI, Cournac A, Koh A, Fiche JB, Mozziconacci J, Murray H, Koszul R, Nollmann M.",Mol Cell,2015,10.1016/j.molcel.2015.07.020,26295962,,251
10.1089/cmb.2012.0283,Transcriptomics (bulk & single-cell),Calculating sample size estimates for RNA sequencing data.,"Hart SN, Therneau TM, Zhang Y, Poland GA, Kocher JP.",J Comput Biol,2013,10.1089/cmb.2012.0283,23961961,,249
10.1128/jvi.71.1.314-324.1997,Transcriptomics (bulk & single-cell),Selective switch between latency and lytic replication of Kaposi's sarcoma herpesvirus and Epstein-Barr virus in dually infected body cavity lymphoma cells.,"Miller G, Heston L, Grogan E, Gradoville L, Rigsby M, Sun R, Shedd D, Kushnaryov VM, Grossberg S, Chang Y.",J Virol,1997,10.1128/jvi.71.1.314-324.1997,8985352,,248
10.1038/gim.2013.129,Transcriptomics (bulk & single-cell),"ACMG Standards and Guidelines for constitutional cytogenomic microarray analysis, including postnatal and prenatal applications: revision 2013.","South ST, Lee C, Lamb AN, Higgins AW, Kearney HM, Working Group for the American College of Medical Genetics and Genomics Laboratory Quality Assurance Committee.",Genet Med,2013,10.1038/gim.2013.129,24071793,,247
10.1101/gad.1246404,Transcriptomics (bulk & single-cell),Coordination of replication and transcription along a Drosophila chromosome.,"MacAlpine DM, Rodríguez HK, Bell SP.",Genes Dev,2004,10.1101/gad.1246404,15601823,,241
10.1016/j.cell.2019.10.026,Transcriptomics (bulk & single-cell),Clonal Decomposition and DNA Replication States Defined by Scaled Single-Cell Genome Sequencing.,"Laks E, McPherson A, Zahn H, Lai D, Steif A, Brimhall J, Biele J, Wang B, Masud T, Ting J, Grewal D, Nielsen C, Leung S, Bojilova V, Smith M, Golovko O, Poon S, Eirew P, Kabeer F, Ruiz de Algara T, Lee SR, Taghiyar MJ, Huebner C, Ngo J, Chan T, Vatrt-Watts S, Walters P, Abrar N, Chan S, Wiens M, Martin L, Scott RW, Underhill TM, Chavez E, Steidl C, Da Costa D, Ma Y, Coope RJN, Corbett R, Pleasance S, Moore R, Mungall AJ, Mar C, Cafferty F, Gelmon K, Chia S, CRUK IMAXT Grand Challenge Team, Marra MA, Hansen C, Shah SP, Aparicio S.",Cell,2019,10.1016/j.cell.2019.10.026,31730858,,240
10.1038/nmeth.2015,Proteomics & metabolomics,"Selected reaction monitoring-based proteomics: workflows, potential, pitfalls and future directions.","Picotti P, Aebersold R.",Nat Methods,2012,10.1038/nmeth.2015,22669653,review,945
10.1038/nbt.1546,Proteomics & metabolomics; Bioinformatics & computational biology; Preclinical animal research,Multi-site assessment of the precision and reproducibility of multiple reaction monitoring-based measurements of proteins in plasma.,"Addona TA, Abbatiello SE, Schilling B, Skates SJ, Mani DR, Bunk DM, Spiegelman CH, Zimmerman LJ, Ham AJ, Keshishian H, Hall SC, Allen S, Blackman RK, Borchers CH, Buck C, Cardasis HL, Cusack MP, Dodder NG, Gibson BW, Held JM, Hiltke T, Jackson A, Johansen EB, Kinsinger CR, Li J, Mesri M, Neubert TA, Niles RK, Pulsipher TC, Ransohoff D, Rodriguez H, Rudnick PA, Smith D, Tabb DL, Tegeler TJ, Variyath AM, Vega-Montoto LJ, Wahlander A, Waldemarson S, Wang M, Whiteaker JR, Zhao L, Anderson NL, Fisher SJ, Liebler DC, Paulovich AG, Regnier FE, Tempst P, Carr SA.",Nat Biotechnol,2009,10.1038/nbt.1546,19561596,,820
10.1038/s41592-021-01197-1,Proteomics & metabolomics,"Mass spectrometry-based metabolomics: a guide for annotation, quantification and best reporting practices.","Alseekh S, Aharoni A, Brotman Y, Contrepois K, D'Auria J, Ewald J, C Ewald J, Fraser PD, Giavalisco P, Hall RD, Heinemann M, Link H, Luo J, Neumann S, Nielsen J, Perez de Souza L, Saito K, Sauer U, Schroeder FC, Schuster S, Siuzdak G, Skirycz A, Sumner LW, Snyder MP, Tang H, Tohge T, Wang Y, Wen W, Wu S, Xu G, Zamboni N, Fernie AR.",Nat Methods,2021,10.1038/s41592-021-01197-1,34239102,review,813
10.1038/s41592-019-0459-y,Proteomics & metabolomics,"Recommendations for performing, interpreting and reporting hydrogen deuterium exchange mass spectrometry (HDX-MS) experiments.","Masson GR, Burke JE, Ahn NG, Anand GS, Borchers C, Brier S, Bou-Assaf GM, Engen JR, Englander SW, Faber J, Garlish R, Griffin PR, Gross ML, Guttman M, Hamuro Y, Heck AJR, Houde D, Iacob RE, Jørgensen TJD, Kaltashov IA, Klinman JP, Konermann L, Man P, Mayne L, Pascal BD, Reichmann D, Skehel M, Snijder J, Strutzenberg TS, Underbakke ES, Wagner C, Wales TE, Walters BT, Weis DD, Wilson DJ, Wintrode PL, Zhang Z, Zheng J, Schriemer DC, Rand KD.",Nat Methods,2019,10.1038/s41592-019-0459-y,31249422,review,684
10.1007/s11306-018-1367-3,Proteomics & metabolomics,Guidelines and considerations for the use of system suitability and quality control samples in mass spectrometry assays applied in untargeted clinical metabolomic studies.,"Broadhurst D, Goodacre R, Reinke SN, Kuligowski J, Wilson ID, Lewis MR, Dunn WB.",Metabolomics,2018,10.1007/s11306-018-1367-3,29805336,review,661
10.1002/pmic.200390006,Proteomics & metabolomics,A novel experimental design for comparative two-dimensional gel analysis: two-dimensional difference gel electrophoresis incorporating a pooled internal standard.,"Alban A, David SO, Bjorkesten L, Andersson C, Sloge E, Lewis S, Currie I.",Proteomics,2003,10.1002/pmic.200390006,12548632,,643
10.1111/j.1365-313x.2007.03387.x,Proteomics & metabolomics,Quality control for plant metabolomics: reporting MSI-compliant studies.,"Fiehn O, Wohlgemuth G, Scholz M, Kind T, Lee DY, Lu Y, Moon S, Nikolau B.",Plant J,2008,10.1111/j.1365-313x.2007.03387.x,18269577,,522
10.1038/s41467-017-00249-5,Proteomics & metabolomics,"Multi-laboratory assessment of reproducibility, qualitative and quantitative performance of SWATH-mass spectrometry.","Collins BC, Hunter CL, Liu Y, Schilling B, Rosenberger G, Bader SL, Chan DW, Gibson BW, Gingras AC, Held JM, Hirayama-Kurogi M, Hou G, Krisp C, Larsen B, Lin L, Liu S, Molloy MP, Moritz RL, Ohtsuki S, Schlapbach R, Selevsek N, Thomas SN, Tzeng SC, Zhang H, Aebersold R.",Nat Commun,2017,10.1038/s41467-017-00249-5,28827567,,507
10.1074/mcp.ra117.000314,Proteomics & metabolomics,Optimization of Experimental Parameters in Data-Independent Mass Spectrometry Significantly Increases Depth and Reproducibility of Results.,"Bruderer R, Bernhardt OM, Gandhi T, Xuan Y, Sondermann J, Schmidt M, Gomez-Varela D, Reiter L.",Mol Cell Proteomics,2017,10.1074/mcp.ra117.000314,29070702,,481
10.1074/mcp.m113.036095,Proteomics & metabolomics,Targeted peptide measurements in biology and medicine: best practices for mass spectrometry-based assay development using a fit-for-purpose approach.,"Carr SA, Abbatiello SE, Ackermann BL, Borchers C, Domon B, Deutsch EW, Grant RP, Hoofnagle AN, Hüttenhain R, Koomen JM, Liebler DC, Liu T, MacLean B, Mani DR, Mansfield E, Neubert H, Paulovich AG, Reiter L, Vitek O, Aebersold R, Anderson L, Bethem R, Blonder J, Boja E, Botelho J, Boyne M, Bradshaw RA, Burlingame AL, Chan D, Keshishian H, Kuhn E, Kinsinger C, Lee JS, Lee SW, Moritz R, Oses-Prieto J, Rifai N, Ritchie J, Rodriguez H, Srinivas PR, Townsend RR, Van Eyk J, Whiteley G, Wiita A, Weintraub S.",Mol Cell Proteomics,2014,10.1074/mcp.m113.036095,24443746,,469
10.1021/pr9006365,Proteomics & metabolomics,Repeatability and reproducibility in proteomic identifications by liquid chromatography-tandem mass spectrometry.,"Tabb DL, Vega-Montoto L, Rudnick PA, Variyath AM, Ham AJ, Bunk DM, Kilpatrick LE, Billheimer DD, Blackman RK, Cardasis HL, Carr SA, Clauser KR, Jaffe JD, Kowalski KA, Neubert TA, Regnier FE, Schilling B, Tegeler TJ, Wang M, Wang P, Whiteaker JR, Zimmerman LJ, Fisher SJ, Gibson BW, Kinsinger CR, Mesri M, Rodriguez H, Stein SE, Tempst P, Paulovich AG, Liebler DC, Spiegelman C.",J Proteome Res,2010,10.1021/pr9006365,19921851,,462
10.1021/pr070183p,Proteomics & metabolomics; Multi-omics & systems biology,Within-day reproducibility of an HPLC-MS-based method for metabonomic analysis: application to human urine.,"Gika HG, Theodoridis GA, Wingate JE, Wilson ID.",J Proteome Res,2007,10.1021/pr070183p,17625818,,399
10.1016/j.cell.2013.02.027,Proteomics & metabolomics; Preclinical animal research,The lipid mediator protectin D1 inhibits influenza virus replication and improves severe influenza.,"Morita M, Kuba K, Ichikawa A, Nakayama M, Katahira J, Iwamoto R, Watanebe T, Sakabe S, Daidoji T, Nakamura S, Kadowaki A, Ohto T, Nakanishi H, Taguchi R, Nakaya T, Murakami M, Yoneda Y, Arai H, Kawaoka Y, Penninger JM, Arita M, Imai Y.",Cell,2013,10.1016/j.cell.2013.02.027,23477864,,375
10.1186/2047-217x-2-13,Proteomics & metabolomics,The role of reporting standards for metabolite annotation and identification in metabolomic studies.,"Salek RM, Steinbeck C, Viant MR, Goodacre R, Dunn WB.",Gigascience,2013,10.1186/2047-217x-2-13,24131531,,361
10.1002/mas.21585,Proteomics & metabolomics,Recommendations for reporting ion mobility Mass Spectrometry measurements.,"Gabelica V, Shvartsburg AA, Afonso C, Barran P, Benesch JLP, Bleiholder C, Bowers MT, Bilbao A, Bush MF, Campbell JL, Campuzano IDG, Causon T, Clowers BH, Creaser CS, De Pauw E, Far J, Fernandez-Lima F, Fjeldsted JC, Giles K, Groessl M, Hogan CJ, Hann S, Kim HI, Kurulugama RT, May JC, McLean JA, Pagel K, Richardson K, Ridgeway ME, Rosu F, Sobott F, Thalassinos K, Valentine SJ, Wyttenbach T.",Mass Spectrom Rev,2019,10.1002/mas.21585,30707468,review,355
10.1016/j.molcel.2015.07.030,Proteomics & metabolomics,The Replication Checkpoint Prevents Two Types of Fork Collapse without Regulating Replisome Stability.,"Dungrawala H, Rose KL, Bhat KP, Mohni KN, Glick GG, Couch FB, Cortez D.",Mol Cell,2015,10.1016/j.molcel.2015.07.030,26365379,,343
10.1146/annurev-biochem-061516-044952,Proteomics & metabolomics,Metabolite Measurement: Pitfalls to Avoid and Practices to Follow.,"Lu W, Su X, Klein MS, Lewis IA, Fiehn O, Rabinowitz JD.",Annu Rev Biochem,2017,10.1146/annurev-biochem-061516-044952,28654323,review,338
10.1038/ncb2918,Proteomics & metabolomics,Nascent chromatin capture proteomics determines chromatin dynamics during DNA replication and identifies unknown fork components.,"Alabert C, Bukowski-Wills JC, Lee SB, Kustatscher G, Nakamura K, de Lima Alves F, Menard P, Mejlvang J, Rappsilber J, Groth A.",Nat Cell Biol,2014,10.1038/ncb2918,24561620,,326
10.1016/j.ab.2004.04.037,Proteomics & metabolomics,Design of experiments: an efficient strategy to identify factors influencing extraction and derivatization of Arabidopsis thaliana samples in metabolomic studies with gas chromatography/mass spectrometry.,"Gullberg J, Jonsson P, Nordström A, Sjöström M, Moritz T.",Anal Biochem,2004,10.1016/j.ab.2004.04.037,15265734,,312
10.4155/bio.12.204,Proteomics & metabolomics,The importance of experimental design and QC samples in large-scale and MS-driven untargeted metabolomic studies of humans.,"Dunn WB, Wilson ID, Nicholls AW, Broadhurst D.",Bioanalysis,2012,10.4155/bio.12.204,23046267,review,308
10.1038/s41592-019-0457-0,Proteomics & metabolomics,Best practices and benchmarks for intact protein analysis for top-down mass spectrometry.,"Donnelly DP, Rawlins CM, DeHart CJ, Fornelli L, Schachner LF, Lin Z, Lippens JL, Aluri KC, Sarin R, Chen B, Lantz C, Jung W, Johnson KR, Koller A, Wolff JJ, Campuzano IDG, Auclair JR, Ivanov AR, Whitelegge JP, Paša-Tolić L, Chamot-Rooke J, Danis PO, Smith LM, Tsybin YO, Loo JA, Ge Y, Kelleher NL, Agar JN.",Nat Methods,2019,10.1038/s41592-019-0457-0,31249407,review,283
10.1016/j.celrep.2016.08.026,Proteomics & metabolomics,Hepatitis B Virus X Protein Promotes Degradation of SMC5/6 to Enhance HBV Replication.,"Murphy CM, Xu Y, Li F, Nio K, Reszka-Blanco N, Li X, Wu Y, Yu Y, Xiong Y, Su L.",Cell Rep,2016,10.1016/j.celrep.2016.08.026,27626656,,281
10.1289/ehp.02110515,Proteomics & metabolomics,Reproducibility of urinary phthalate metabolites in first morning urine samples.,"Hoppin JA, Brock JW, Davis BJ, Baird DD.",Environ Health Perspect,2002,10.1289/ehp.02110515,12003755,,272
10.1373/clinchem.2004.038950,Proteomics & metabolomics,Evaluation of serum protein profiling by surface-enhanced laser desorption/ionization time-of-flight mass spectrometry for the detection of prostate cancer: I. Assessment of platform reproducibility.,"Semmes OJ, Feng Z, Adam BL, Banez LL, Bigbee WL, Campos D, Cazares LH, Chan DW, Grizzle WE, Izbicka E, Kagan J, Malik G, McLerran D, Moul JW, Partin A, Prasanna P, Rosenzweig J, Sokoll LJ, Srivastava S, Srivastava S, Thompson I, Welsh MJ, White N, Winget M, Yasui Y, Zhang Z, Zhu L.",Clin Chem,2005,10.1373/clinchem.2004.038950,15613711,,257
10.1002/alz.12748,Proteomics & metabolomics,The AHEAD 3-45 Study: Design of a prevention trial for Alzheimer's disease.,"Rafii MS, Sperling RA, Donohue MC, Zhou J, Roberts C, Irizarry MC, Dhadda S, Sethuraman G, Kramer LD, Swanson CJ, Li D, Krause S, Rissman RA, Walter S, Raman R, Johnson KA, Aisen PS.",Alzheimers Dement,2023,10.1002/alz.12748,35971310,,256
10.1371/journal.pmed.1001765,Proteomics & metabolomics,Metabolic signatures of adiposity in young adults: Mendelian randomization analysis and effects of weight change.,"Würtz P, Wang Q, Kangas AJ, Richmond RC, Skarp J, Tiainen M, Tynkkynen T, Soininen P, Havulinna AS, Kaakinen M, Viikari JS, Savolainen MJ, Kähönen M, Lehtimäki T, Männistö S, Blankenberg S, Zeller T, Laitinen J, Pouta A, Mäntyselkä P, Vanhala M, Elliott P, Pietiläinen KH, Ripatti S, Salomaa V, Raitakari OT, Järvelin MR, Smith GD, Ala-Korpela M.",PLoS Med,2014,10.1371/journal.pmed.1001765,25490400,,256
10.1194/jlr.s087163,Proteomics & metabolomics,MS-based lipidomics of human blood plasma: a community-initiated position paper to develop accepted guidelines.,"Burla B, Arita M, Arita M, Bendt AK, Cazenave-Gassiot A, Dennis EA, Ekroos K, Han X, Ikeda K, Liebisch G, Lin MK, Loh TP, Meikle PJ, Orešič M, Quehenberger O, Shevchenko A, Torta F, Wakelam MJO, Wheelock CE, Wenk MR.",J Lipid Res,2018,10.1194/jlr.s087163,30115755,,253
10.1021/acs.est.9b02293,Proteomics & metabolomics,Benchmarking the in Vitro Toxicity and Chemical Composition of Plastic Consumer Products.,"Zimmermann L, Dierkes G, Ternes TA, Völker C, Wagner M.",Environ Sci Technol,2019,10.1021/acs.est.9b02293,31380625,,247
10.1038/s41467-018-03309-6,Proteomics & metabolomics,Benchmarking common quantification strategies for large-scale phosphoproteomics.,"Hogrebe A, von Stechow L, Bekker-Jensen DB, Weinert BT, Kelstrup CD, Olsen JV.",Nat Commun,2018,10.1038/s41467-018-03309-6,29535314,,243
10.1074/jbc.m113.511337,Proteomics & metabolomics,"Identification of proteins at active, stalled, and collapsed replication forks using isolation of proteins on nascent DNA (iPOND) coupled with mass spectrometry.","Sirbu BM, McDonald WH, Dungrawala H, Badu-Nkansah A, Kavanaugh GM, Chen Y, Tabb DL, Cortez D.",J Biol Chem,2013,10.1074/jbc.m113.511337,24047897,,231
10.3390/v11010073,Proteomics & metabolomics,Characterization of the Lipidomic Profile of Human Coronavirus-Infected Cells: Implications for Lipid Metabolism Remodeling upon Coronavirus Replication.,"Yan B, Chu H, Yang D, Sze KH, Lai PM, Yuan S, Shuai H, Wang Y, Kao RY, Chan JF, Yuen KY.",Viruses,2019,10.3390/v11010073,30654597,,226
10.1373/clinchem.2012.199133,Proteomics & metabolomics,Reproducibility of metabolomic profiles among men and women in 2 large cohort studies.,"Townsend MK, Clish CB, Kraft P, Wu C, Souza AL, Deik AA, Tworoger SS, Wolpin BM.",Clin Chem,2013,10.1373/clinchem.2012.199133,23897902,,217
10.1002/pmic.200500856,Proteomics & metabolomics,Guidelines for the next 10 years of proteomics.,"Wilkins MR, Appel RD, Van Eyk JE, Chung MC, Görg A, Hecker M, Huber LA, Langen H, Link AJ, Paik YK, Patterson SD, Pennington SR, Rabilloud T, Simpson RJ, Weiss W, Dunn MJ.",Proteomics,2006,10.1002/pmic.200500856,16400714,,215
10.1007/s00216-008-2231-5,Proteomics & metabolomics,Chances and pitfalls of chemical cross-linking with amine-reactive N-hydroxysuccinimide esters.,"Kalkhof S, Sinz A.",Anal Bioanal Chem,2008,10.1007/s00216-008-2231-5,18724398,,213
10.1007/s10545-017-0130-7,Proteomics & metabolomics,Promises and pitfalls of untargeted metabolomics.,"Gertsman I, Barshop BA.",J Inherit Metab Dis,2018,10.1007/s10545-017-0130-7,29536203,review,207
10.1021/acs.analchem.6b02930,Proteomics & metabolomics,Interlaboratory Reproducibility of a Targeted Metabolomics Platform for Analysis of Human Serum and Plasma.,"Siskos AP, Jain P, Römisch-Margl W, Bennett M, Achaintre D, Asad Y, Marney L, Richardson L, Koulman A, Griffin JL, Raynaud F, Scalbert A, Adamski J, Prehn C, Keun HC.",Anal Chem,2017,10.1021/acs.analchem.6b02930,27959516,,207
10.1038/s41596-021-00566-6,Proteomics & metabolomics,Tutorial: best practices and considerations for mass-spectrometry-based protein biomarker discovery and validation.,"Nakayasu ES, Gritsenko M, Piehowski PD, Gao Y, Orton DJ, Schepmoes AA, Fillmore TL, Frohnert BI, Rewers M, Krischer JP, Ansong C, Suchy-Dicey AM, Evans-Molina C, Qian WJ, Webb-Robertson BM, Metz TO.",Nat Protoc,2021,10.1038/s41596-021-00566-6,34244696,review,206
10.1128/jvi.78.11.5856-5866.2004,Proteomics & metabolomics,"Proteomics of herpes simplex virus replication compartments: association of cellular DNA replication, repair, recombination, and chromatin remodeling proteins with ICP8.","Taylor TJ, Knipe DM.",J Virol,2004,10.1128/jvi.78.11.5856-5866.2004,15140983,,203
10.1021/pr050406g,Proteomics & metabolomics,"Label-free protein quantification using LC-coupled ion trap or FT mass spectrometry: Reproducibility, linearity, and application with complex proteomes.","Wang G, Wu WW, Zeng W, Chou CL, Shen RF.",J Proteome Res,2006,10.1021/pr050406g,16674111,,196
10.1373/clinchem.2009.138602,Proteomics & metabolomics,Pitfalls associated with the use of liquid chromatography-tandem mass spectrometry in the clinical laboratory.,"Vogeser M, Seger C.",Clin Chem,2010,10.1373/clinchem.2009.138602,20511452,review,192
10.1371/journal.ppat.1004682,Proteomics & metabolomics,A crystal structure of the Dengue virus NS5 protein reveals a novel inter-domain interface essential for protein flexibility and virus replication.,"Zhao Y, Soh TS, Zheng J, Chan KW, Phoo WW, Lee CC, Tay MY, Swaminathan K, Cornvik TC, Lim SP, Shi PY, Lescar J, Vasudevan SG, Luo D.",PLoS Pathog,2015,10.1371/journal.ppat.1004682,25775415,,188
10.1021/ac035229m,Proteomics & metabolomics,Improving reproducibility and sensitivity in identifying human proteins by shotgun proteomics.,"Resing KA, Meyer-Arendt K, Mendoza AM, Aveline-Wolf LD, Jonscher KR, Pierce KG, Old WM, Cheung HT, Russell S, Wattawa JL, Goehle GR, Knight RD, Ahn NG.",Anal Chem,2004,10.1021/ac035229m,15228325,,183
10.1073/pnas.1621485114,Proteomics & metabolomics,ADP-ribosylhydrolase activity of Chikungunya virus macrodomain is critical for virus replication and virulence.,"McPherson RL, Abraham R, Sreekumar E, Ong SE, Cheng SJ, Baxter VK, Kistemaker HA, Filippov DV, Griffin DE, Leung AK.",Proc Natl Acad Sci U S A,2017,10.1073/pnas.1621485114,28143925,,182
10.1038/s41598-018-26640-w,Proteomics & metabolomics,Stability and reproducibility of proteomic profiles measured with an aptamer-based platform.,"Kim CH, Tworoger SS, Stampfer MJ, Dillon ST, Gu X, Sawyer SJ, Chan AT, Libermann TA, Eliassen AH.",Sci Rep,2018,10.1038/s41598-018-26640-w,29849057,,176
10.1038/s41592-023-01785-3,Proteomics & metabolomics,"Initial recommendations for performing, benchmarking and reporting single-cell proteomics experiments.","Gatto L, Aebersold R, Cox J, Demichev V, Derks J, Emmott E, Franks AM, Ivanov AR, Kelly RT, Khoury L, Leduc A, MacCoss MJ, Nemes P, Perlman DH, Petelski AA, Rose CM, Schoof EM, Van Eyk J, Vanderaa C, Yates JR, Slavov N.",Nat Methods,2023,10.1038/s41592-023-01785-3,36864200,review,175
10.1038/nmeth.2400,Proteomics & metabolomics,Interlaboratory reproducibility of large-scale human protein-complex analysis by standardized AP-MS.,"Varjosalo M, Sacco R, Stukalov A, van Drogen A, Planyavsky M, Hauri S, Aebersold R, Bennett KL, Colinge J, Gstaiger M, Superti-Furga G.",Nat Methods,2013,10.1038/nmeth.2400,23455922,,175
10.1128/jvi.02418-08,Proteomics & metabolomics,Class III phosphatidylinositol 4-kinase alpha and beta are novel host factor regulators of hepatitis C virus replication.,"Borawski J, Troke P, Puyang X, Gibaja V, Zhao S, Mickanin C, Leighton-Davies J, Wilson CJ, Myer V, Cornellataracido I, Baryza J, Tallarico J, Joberty G, Bantscheff M, Schirle M, Bouwmeester T, Mathy JE, Lin K, Compton T, Labow M, Wiedmann B, Gaither LA.",J Virol,2009,10.1128/jvi.02418-08,19605471,,169
10.1074/mcp.ra119.001714,Proteomics & metabolomics,"Reproducibility, Specificity and Accuracy of Relative Quantification Using Spectral Library-based Data-independent Acquisition.","Barkovits K, Pacharra S, Pfeiffer K, Steinbach S, Eisenacher M, Marcus K, Uszkoreit J.",Mol Cell Proteomics,2020,10.1074/mcp.ra119.001714,31699904,,168
10.1016/j.molcel.2020.04.012,Proteomics & metabolomics,Cryo-EM Structure of the Fork Protection Complex Bound to CMG at a Replication Fork.,"Baretić D, Jenkyn-Bedford M, Aria V, Cannone G, Skehel M, Yeeles JTP.",Mol Cell,2020,10.1016/j.molcel.2020.04.012,32369734,,162
10.1128/jvi.00157-12,Proteomics & metabolomics,Evidence for a genetic and physical interaction between nonstructural proteins NS1 and NS4B that modulates replication of West Nile virus.,"Youn S, Li T, McCune BT, Edeling MA, Fremont DH, Cristea IM, Diamond MS.",J Virol,2012,10.1128/jvi.00157-12,22553322,,157
10.1016/s0960-9822(99)00263-8,Proteomics & metabolomics,A novel Rad24 checkpoint protein complex closely related to replication factor C.,"Green CM, Erdjument-Bromage H, Tempst P, Lowndes NF.",Curr Biol,2000,10.1016/s0960-9822(99)00263-8,10660302,,157
10.1161/circulationaha.121.056663,Proteomics & metabolomics,Therapeutic Targets for Heart Failure Identified Using Proteomics and Mendelian Randomization.,"Henry A, Gordillo-Marañón M, Finan C, Schmidt AF, Ferreira JP, Karra R, Sundström J, Lind L, Ärnlöv J, Zannad F, Mälarstig A, Hingorani AD, Lumbers RT, HERMES and SCALLOP Consortia.",Circulation,2022,10.1161/circulationaha.121.056663,35300523,,152
10.1128/jvi.80.5.2162-2169.2006,Proteomics & metabolomics,Proteomics analysis of the tombusvirus replicase: Hsp70 molecular chaperone is associated with the replicase and enhances viral RNA replication.,"Serva S, Nagy PD.",J Virol,2006,10.1128/jvi.80.5.2162-2169.2006,16474124,,151
10.1007/s11306-022-01926-3,Proteomics & metabolomics,Quality assurance and quality control reporting in untargeted metabolic phenotyping: mQACC recommendations for analytical quality management.,"Kirwan JA, Gika H, Beger RD, Bearden D, Dunn WB, Goodacre R, Theodoridis G, Witting M, Yu LR, Wilson ID, metabolomics Quality Assurance and Quality Control Consortium (mQACC).",Metabolomics,2022,10.1007/s11306-022-01926-3,36029375,review,148
10.1128/jvi.79.14.8742-8749.2005,Proteomics & metabolomics,Activation of the N-Ras-PI3K-Akt-mTOR pathway by hepatitis C virus: control of cell survival and viral replication.,"Mannová P, Beretta L.",J Virol,2005,10.1128/jvi.79.14.8742-8749.2005,15994768,,146
10.3233/jad-130380,Proteomics & metabolomics,Candidate blood proteome markers of Alzheimer's disease onset and progression: a systematic review and replication study.,"Kiddle SJ, Sattlecker M, Proitsi P, Simmons A, Westman E, Bazenet C, Nelson SK, Williams S, Hodges A, Johnston C, Soininen H, Kłoszewska I, Mecocci P, Tsolaki M, Vellas B, Newhouse S, Lovestone S, Dobson RJ.",J Alzheimers Dis,2014,10.3233/jad-130380,24121966,review,145
10.1146/annurev-genom-090314-050016,Multi-omics & systems biology,Mendelian Randomization: New Applications in the Coming Age of Hypothesis-Free Causality.,"Evans DM, Davey Smith G.",Annu Rev Genomics Hum Genet,2015,10.1146/annurev-genom-090314-050016,25939054,review,446
10.1371/journal.pcbi.1005456,Multi-omics & systems biology,Interrogating the topological robustness of gene regulatory circuits by randomization.,"Huang B, Lu M, Jia D, Ben-Jacob E, Levine H, Onuchic JN.",PLoS Comput Biol,2017,10.1371/journal.pcbi.1005456,28362798,,171
10.1186/s12916-023-02878-8,Multi-omics & systems biology,"Oxidative stress gene expression, DNA methylation, and gut microbiota interaction trigger Crohn's disease: a multi-omics Mendelian randomization study.","Xu S, Li X, Zhang S, Qi C, Zhang Z, Ma R, Xiang L, Chen L, Zhu Y, Tang C, Bourgonje AR, Li M, He Y, Zeng Z, Hu S, Feng R, Chen M.",BMC Med,2023,10.1186/s12916-023-02878-8,37170220,,170
10.1038/s41467-020-20430-7,Multi-omics & systems biology,Benchmarking joint multi-omics dimensionality reduction approaches for the study of cancer.,"Cantini L, Zakeri P, Hernandez C, Naldi A, Thieffry D, Remy E, Baudot A.",Nat Commun,2021,10.1038/s41467-020-20430-7,33402734,,153
10.1111/j.1742-4658.2008.06843.x,Multi-omics & systems biology,Systems biology: experimental design.,"Kreutz C, Timmer J.",FEBS J,2009,10.1111/j.1742-4658.2008.06843.x,19215298,review,145
10.1371/journal.ppat.1004196,Multi-omics & systems biology,An invertebrate Warburg effect: a shrimp virus achieves successful replication by altering the host metabolome via the PI3K-Akt-mTOR pathway.,"Su MA, Huang YT, Chen IT, Lee DY, Hsieh YC, Li CY, Ng TH, Liang SY, Lin SY, Huang SW, Chiang YA, Yu HT, Khoo KH, Chang GD, Lo CF, Wang HC.",PLoS Pathog,2014,10.1371/journal.ppat.1004196,24945378,,142
10.1186/s13059-017-1359-z,Multi-omics & systems biology,Experimental design and quantitative analysis of microbial community multiomics.,"Mallick H, Ma S, Franzosa EA, Vatanen T, Morgan XC, Huttenhower C.",Genome Biol,2017,10.1186/s13059-017-1359-z,29187204,review,140
10.15252/msb.202110240,Multi-omics & systems biology,Diagnostics and correction of batch effects in large-scale proteomic studies: a tutorial.,"Čuklina J, Čuklina J, Lee CH, Williams EG, Sajic T, Collins BC, Rodríguez Martínez M, Sharma VS, Wendt F, Goetze S, Keele GR, Wollscheid B, Aebersold R, Pedrioli PGA.",Mol Syst Biol,2021,10.15252/msb.202110240,34432947,review,135
10.1039/d0mo00041h,Multi-omics & systems biology,Multi-omics data integration considerations and study design for biological systems and disease.,"Graw S, Chappell K, Washam CL, Gies A, Bird J, Robeson MS, Byrum SD.",Mol Omics,2021,10.1039/d0mo00041h,33347526,review,116
10.3390/ijms17050632,Multi-omics & systems biology,Advantages and Pitfalls of Mass Spectrometry Based Metabolome Profiling in Systems Biology.,"Aretz I, Meierhofer D.",Int J Mol Sci,2016,10.3390/ijms17050632,27128910,review,112
10.1038/s41590-021-00898-1,Multi-omics & systems biology,Multi-omics analyses reveal that HIV-1 alters CD4<sup>+</sup> T cell immunometabolism to fuel virus replication.,"Guo H, Wang Q, Ghneim K, Wang L, Rampanelli E, Holley-Guthrie E, Cheng L, Garrido C, Margolis DM, Eller LA, Robb ML, Sekaly RP, Chen X, Su L, Ting JP.",Nat Immunol,2021,10.1038/s41590-021-00898-1,33767427,,105
10.1016/j.mcpro.2021.100159,Multi-omics & systems biology,Metabolic Perturbation Associated With COVID-19 Disease Severity and SARS-CoV-2 Replication.,"Krishnan S, Nordqvist H, Ambikan AT, Gupta S, Sperk M, Svensson-Akusjärvi S, Mikaeloff F, Benfeitas R, Saccon E, Ponnan SM, Rodriguez JE, Nikouyan N, Odeh A, Ahlén G, Asghar M, Sällberg M, Vesterbacka J, Nowak P, Végvári Á, Sönnerborg A, Treutiger CJ, Neogi U.",Mol Cell Proteomics,2021,10.1016/j.mcpro.2021.100159,34619366,,101
10.15252/msb.20209982,Multi-omics & systems biology,Reproducibility in systems biology modelling.,"Tiwari K, Kananathan S, Roberts MG, Meyer JP, Sharif Shohan MU, Xavier A, Maire M, Zyoud A, Men J, Ng S, Nguyen TVN, Glont M, Hermjakob H, Malik-Sheriff RS.",Mol Syst Biol,2021,10.15252/msb.20209982,33620773,,101
10.1186/s13024-022-00517-z,Multi-omics & systems biology,"Guidelines for bioinformatics of single-cell sequencing data analysis in Alzheimer's disease: review, recommendation, implementation and application.","Wang M, Song WM, Ming C, Wang Q, Zhou X, Xu P, Krek A, Yoon Y, Ho L, Orr ME, Yuan GC, Zhang B.",Mol Neurodegener,2022,10.1186/s13024-022-00517-z,35236372,review,90
10.1186/1752-0509-7-97,Multi-omics & systems biology,A comprehensive map of the influenza A virus replication cycle.,"Matsuoka Y, Matsumae H, Katoh M, Eisfeld AJ, Neumann G, Hase T, Ghosh S, Shoemaker JE, Lopes TJ, Watanabe T, Watanabe S, Fukuyama S, Kitano H, Kawaoka Y.",BMC Syst Biol,2013,10.1186/1752-0509-7-97,24088197,,87
10.1186/s10194-024-01828-w,Multi-omics & systems biology,"Multi-omics Mendelian randomization integrating GWAS, eQTL and pQTL data revealed GSTM4 as a potential drug target for migraine.","Sun X, Chen B, Qi Y, Wei M, Chen W, Wu X, Wang Q, Li J, Lei X, Luo G.",J Headache Pain,2024,10.1186/s10194-024-01828-w,39039470,,82
10.1186/s13059-023-03047-z,Multi-omics & systems biology,Correcting batch effects in large-scale multiomics studies using a reference-material-based ratio method.,"Yu Y, Zhang N, Mai Y, Ren L, Chen Q, Cao Z, Chen Q, Liu Y, Hou W, Yang J, Hong H, Xu J, Tong W, Dong L, Shi L, Fang X, Zheng Y.",Genome Biol,2023,10.1186/s13059-023-03047-z,37674217,,79
10.1063/1.3528102,Multi-omics & systems biology,Identifiability and observability analysis for experimental design in nonlinear dynamical models.,"Raue A, Becker V, Klingmüller U, Timmer J.",Chaos,2010,10.1063/1.3528102,21198117,,79
10.1042/bse0450195,Multi-omics & systems biology,Parameter estimation and optimal experimental design.,"Banga JR, Balsa-Canto E.",Essays Biochem,2008,10.1042/bse0450195,18793133,review,76
10.1038/s41467-025-64292-3,Multi-omics & systems biology,Systematic benchmarking of high-throughput subcellular spatial transcriptomics platforms across human tumors.,"Ren P, Zhang R, Wang Y, Zhang P, Luo C, Wang S, Li X, Zhang Z, Zhao Y, He Y, Zhang H, Li Y, Gao Z, Zhang X, Zhao Y, Liu Z, Meng Y, Zhang Z, Zeng Z.",Nat Commun,2025,10.1038/s41467-025-64292-3,41107232,,75
10.1152/physiolgenomics.00104.2020,Multi-omics & systems biology,A multimodal and integrated approach to interrogate human kidney biopsies with rigor and reproducibility: guidelines from the Kidney Precision Medicine Project.,"El-Achkar TM, Eadon MT, Menon R, Lake BB, Sigdel TK, Alexandrov T, Parikh S, Zhang G, Dobi D, Dunn KW, Otto EA, Anderton CR, Carson JM, Luo J, Park C, Hamidi H, Zhou J, Hoover P, Schroeder A, Joanes M, Azeloglu EU, Sealfon R, Winfree S, Steck B, He Y, D'Agati V, Iyengar R, Troyanskaya OG, Barisoni L, Gaut J, Zhang K, Laszik Z, Rovin BH, Dagher PC, Sharma K, Sarwal MM, Hodgin JB, Alpers CE, Kretzler M, Jain S.",Physiol Genomics,2021,10.1152/physiolgenomics.00104.2020,33197228,,70
10.1186/s12967-023-04335-9,Multi-omics & systems biology,Identification of host gene-microbiome associations in colorectal cancer patients using mendelian randomization.,"Xiang Y, Zhang C, Wang J, Cheng Y, Wang L, Tong Y, Yan D.",J Transl Med,2023,10.1186/s12967-023-04335-9,37563724,,69
10.1016/j.ab.2007.10.037,Multi-omics & systems biology,Simultaneous extraction of several metabolites of energy metabolism and related substances in mammalian cells: optimization using experimental design.,"Ritter JB, Genzel Y, Reichl U.",Anal Biochem,2008,10.1016/j.ab.2007.10.037,18036549,,68
10.1016/j.arr.2009.10.006,Multi-omics & systems biology,"Next-generation sequencing in aging research: emerging applications, problems, pitfalls and possible solutions.","de Magalhães JP, Finch CE, Janssens G.",Ageing Res Rev,2010,10.1016/j.arr.2009.10.006,19900591,review,65
10.1016/j.jep.2011.12.017,Multi-omics & systems biology,Guidelines for randomised controlled trials investigating Chinese herbal medicine.,"Flower A, Witt C, Liu JP, Ulrich-Merzenich G, Yu H, Lewith G.",J Ethnopharmacol,2012,10.1016/j.jep.2011.12.017,22210103,review,64
10.1017/s0033291724000321,Multi-omics & systems biology,Mendelian randomization: causal inference leveraging genetic data.,"Chen LG, Tubbs JD, Liu Z, Thach TQ, Sham PC.",Psychol Med,2024,10.1017/s0033291724000321,38639006,review,62
10.1097/pn9.0000000000000011,Multi-omics & systems biology,Boston Birth Cohort profile: rationale and study design.,"Pearson C, Bartell T, Wang G, Hong X, Rusk SA, Fu L, Cerda S, Bustamante-Helfrich B, Kuohung W, Yarrington C, Adams WG, Wang X.",Precis Nutr,2022,10.1097/pn9.0000000000000011,37745944,,61
10.1371/journal.pone.0040052,Multi-omics & systems biology,Experimental design for parameter estimation of gene regulatory networks.,"Steiert B, Raue A, Timmer J, Kreutz C.",PLoS One,2012,10.1371/journal.pone.0040052,22815723,,55
10.1038/s41592-024-02429-w,Multi-omics & systems biology,Benchmarking algorithms for single-cell multi-omics prediction and integration.,"Hu Y, Wan S, Luo Y, Li Y, Wu T, Deng W, Jiang C, Jiang S, Zhang Y, Liu N, Yang Z, Chen F, Li B, Qu K.",Nat Methods,2024,10.1038/s41592-024-02429-w,39322753,,51
10.1007/s00125-007-0711-3,Multi-omics & systems biology,Insulin resistance and the metabolic syndrome--or the pitfalls of epidemiology.,Yudkin JS.,Diabetologia,2007,10.1007/s00125-007-0711-3,17593345,review,48
10.1001/jamapsychiatry.2022.2196,Multi-omics & systems biology,Association Between Brain Structure and Alcohol Use Behaviors in Adults: A Mendelian Randomization and Multiomics Study.,"Mavromatis LA, Rosoff DB, Cupertino RB, Garavan H, Mackey S, Lohoff FW.",JAMA Psychiatry,2022,10.1001/jamapsychiatry.2022.2196,35947372,,47
10.1128/jvi.05605-11,Multi-omics & systems biology,"Systems virology identifies a mitochondrial fatty acid oxidation enzyme, dodecenoyl coenzyme A delta isomerase, required for hepatitis C virus replication and likely pathogenesis.","Rasmussen AL, Diamond DL, McDermott JE, Gao X, Metz TO, Matzke MM, Carter VS, Belisle SE, Korth MJ, Waters KM, Smith RD, Katze MG.",J Virol,2011,10.1128/jvi.05605-11,21917952,,47
10.1093/aje/kwy284,Multi-omics & systems biology,"A Pregnancy Cohort to Study Multidimensional Correlates of Preterm Birth in India: Study Design, Implementation, and Baseline Characteristics of the Participants.","Bhatnagar S, Majumder PP, Salunke DM, Interdisciplinary Group for Advanced Research on Birth Outcomes—DBT India Initiative (GARBH-Ini).",Am J Epidemiol,2019,10.1093/aje/kwy284,30770926,,46
10.1007/s00281-020-00821-0,Multi-omics & systems biology,Shelter from the cytokine storm: pitfalls and prospects in the development of SARS-CoV-2 vaccines for an elderly population.,"Ciabattini A, Garagnani P, Santoro F, Rappuoli R, Franceschi C, Medaglini D.",Semin Immunopathol,2020,10.1007/s00281-020-00821-0,33159214,review,45
10.1371/journal.pcbi.1003650,Multi-omics & systems biology,Model selection in systems biology depends on experimental design.,"Silk D, Kirk PD, Barnes CP, Toni T, Stumpf MP.",PLoS Comput Biol,2014,10.1371/journal.pcbi.1003650,24922483,,45
10.3390/v14020297,Multi-omics & systems biology,Effects of the NF-κB Signaling Pathway Inhibitor BAY11-7082 in the Replication of ASFV.,"Gao Q, Yang Y, Feng Y, Quan W, Luo Y, Wang H, Zheng J, Chen X, Huang Z, Chen X, Xu R, Zhang G, Gong L.",Viruses,2022,10.3390/v14020297,35215890,,43
10.3390/ijms26093949,Multi-omics & systems biology,Spatial Omics in Clinical Research: A Comprehensive Review of Technologies and Guidelines for Applications.,"Lee Y, Lee M, Shin Y, Kim K, Kim T.",Int J Mol Sci,2025,10.3390/ijms26093949,40362187,review,42
10.1186/s12967-023-04512-w,Multi-omics & systems biology,"DNA methylation regulator-mediated modification patterns and risk of intracranial aneurysm: a multi-omics and epigenome-wide association study integrating machine learning, Mendelian randomization, eQTL and mQTL data.","Maimaiti A, Turhon M, Abulaiti A, Dilixiati Y, Zhang F, Axieer A, Kadeer K, Zhang Y, Maimaitili A, Yang X.",J Transl Med,2023,10.1186/s12967-023-04512-w,37742034,,37
10.3390/v5071607,Multi-omics & systems biology,Histone deacetylases in herpesvirus replication and virus-stimulated host defense.,"Guise AJ, Budayeva HG, Diner BA, Cristea IM.",Viruses,2013,10.3390/v5071607,23807710,review,37
10.1016/j.ajcnut.2022.12.021,Multi-omics & systems biology,"Evidence for human milk as a biological system and recommendations for study design-a report from ""Breastmilk Ecology: Genesis of Infant Nutrition (BEGIN)"" Working Group 4.","Donovan SM, Aghaeepour N, Andres A, Azad MB, Becker M, Carlson SE, Järvinen KM, Lin W, Lönnerdal B, Slupsky CM, Steiber AL, Raiten DJ.",Am J Clin Nutr,2023,10.1016/j.ajcnut.2022.12.021,37173061,,35
10.3389/fgene.2022.990486,Multi-omics & systems biology,From classical mendelian randomization to causal networks for systematic integration of multi-omics.,"Yazdani A, Yazdani A, Mendez-Giraldez R, Samiei A, Kosorok MR, Schaid DJ.",Front Genet,2022,10.3389/fgene.2022.990486,36186433,review,35
10.1038/s41398-021-01632-z,Multi-omics & systems biology,Multi-omics driven predictions of response to acute phase combination antidepressant therapy: a machine learning approach with cross-trial replication.,"Joyce JB, Grant CW, Liu D, MahmoudianDehkordi S, Kaddurah-Daouk R, Skime M, Biernacka J, Frye MA, Mayes T, Carmody T, Croarkin PE, Wang L, Weinshilboum R, Bobo WV, Trivedi MH, Athreya AP.",Transl Psychiatry,2021,10.1038/s41398-021-01632-z,34620827,,35
10.3389/fimmu.2022.982746,Multi-omics & systems biology,"The 2000HIV study: Design, multi-omics methods and participant characteristics.","Vos WAJW, Groenendijk AL, Blaauw MJT, van Eekeren LE, Navas A, Cleophas MCP, Vadaq N, Matzaraki V, Dos Santos JC, Meeder EMG, Fröberg J, Weijers G, Zhang Y, Fu J, Ter Horst R, Bock C, Knoll R, Aschenbrenner AC, Schultze J, Vanderkerckhove L, Hwandih T, Wonderlich ER, Vemula SV, van der Kolk M, de Vet SCP, Blok WL, Brinkman K, Rokx C, Schellekens AFA, de Mast Q, Joosten LAB, Berrevoets MAH, Stalenhoef JE, Verbon A, van Lunzen J, Netea MG, van der Ven AJAM.",Front Immunol,2022,10.3389/fimmu.2022.982746,36605197,,34
10.1109/tbme.2016.2555481,Multi-omics & systems biology,"How Modeling Standards, Software, and Initiatives Support Reproducibility in Systems Biology and Systems Medicine.","Waltemath D, Wolkenhauer O.",IEEE Trans Biomed Eng,2016,10.1109/tbme.2016.2555481,27295645,,34
10.1007/s11306-007-0080-4,Multi-omics & systems biology,Standard reporting requirements for biological samples in metabolomics experiments: microbial and in vitro biology experiments.,"van der Werf MJ, Takors R, Smedsgaard J, Nielsen J, Ferenci T, Portais JC, Wittmann C, Hooks M, Tomassini A, Oldiges M, Fostel J, Sauer U.",Metabolomics,2007,10.1007/s11306-007-0080-4,25653575,,34
10.1002/biot.200900226,Multi-omics & systems biology,From experimental setup to bioinformatics: an RNAi screening platform to identify host factors involved in HIV-1 replication.,"Börner K, Hermle J, Sommer C, Brown NP, Knapp B, Glass B, Kunkel J, Torralba G, Reymann J, Beil N, Beneke J, Pepperkok R, Schneider R, Ludwig T, Hausmann M, Hamprecht F, Erfle H, Kaderali L, Kräusslich HG, Lehmann MJ.",Biotechnol J,2010,10.1002/biot.200900226,20013946,,33
10.1093/bioinformatics/btad065,Multi-omics & systems biology,Benchmarking tools for a priori identifiability analysis.,"Rey Barreiro X, Villaverde AF.",Bioinformatics,2023,10.1093/bioinformatics/btad065,36721336,,32
10.1093/bib/bbac376,Multi-omics & systems biology,Integrating multi-omics summary data using a Mendelian randomization framework.,"Jin C, Lee B, Shen L, Long Q, Alzheimer’s Disease Neuroimaging Initiative, Alzheimer’s Disease Metabolomics Consortium.",Brief Bioinform,2022,10.1093/bib/bbac376,36094096,,31
10.1038/s41587-025-02811-9,Multi-omics & systems biology,Standardized metrics for assessment and reproducibility of imaging-based spatial transcriptomics datasets.,"Plummer JT, Dezem FS, Cook DP, Park J, Zhang L, Liu Y, Marção M, DuBose H, Wani A, Wise K, Roach M, Harvey K, Wang T, Jensen KB, Morosini N, De Gregorio R, Alonso A, Houlihan SL, Schwartz RE, Hissong E, Snopkowski C, Wrana JL, Ryan N, Butler LM, Church G, Swarbrick A, Mason CE, Martelotto LG.",Nat Biotechnol,2026,10.1038/s41587-025-02811-9,41339526,,30
10.1016/j.csbj.2024.03.016,Multi-omics & systems biology,Benchmarking feature selection and feature extraction methods to improve the performances of machine-learning algorithms for patient classification using metabolomics biomedical data.,"Labory J, Njomgue-Fotso E, Bottini S.",Comput Struct Biotechnol J,2024,10.1016/j.csbj.2024.03.016,38560281,,29
10.1128/mbio.01007-23,Multi-omics & systems biology,SARS-CoV-2 hijacks p38β/MAPK11 to promote virus replication.,"Higgins CA, Nilsson-Payant BE, Bonaventure B, Kurland AP, Ye C, Yaron TM, Johnson JL, Adhikary P, Golynker I, Panis M, Danziger O, Rosenberg BR, Cantley LC, Martínez-Sobrido L, tenOever B, Johnson JR.",mBio,2023,10.1128/mbio.01007-23,37345956,,29
10.1093/bib/bbac212,Multi-omics & systems biology,"Addressing barriers in comprehensiveness, accessibility, reusability, interoperability and reproducibility of computational models in systems biology.","Niarakis A, Waltemath D, Glazier J, Schreiber F, Keating SM, Nickerson D, Chaouiya C, Siegel A, Noël V, Hermjakob H, Helikar T, Soliman S, Calzone L.",Brief Bioinform,2022,10.1093/bib/bbac212,35671510,review,29
10.5936/csbj.201301002,Multi-omics & systems biology,LC-MS metabolomics from study design to data-analysis - using a versatile pathogen as a test case.,"Berg M, Vanaerschot M, Jankevics A, Cuypers B, Breitling R, Dujardin JC.",Comput Struct Biotechnol J,2013,10.5936/csbj.201301002,24688684,review,29
10.1097/js9.0000000000001990,Multi-omics & systems biology,"Identification of immune-inflammation targets for intracranial aneurysms: a multiomics and epigenome-wide study integrating summary-data-based Mendelian randomization, single-cell-type expression analysis, and DNA methylation regulation.","Lin PW, Lin ZR, Wang WW, Guo AS, Chen YX.",Int J Surg,2025,10.1097/js9.0000000000001990,39051921,,28
10.1093/bib/bbae095,Multi-omics & systems biology,Benchmarking multi-omics integration algorithms across single-cell RNA and ATAC data.,"Xiao C, Chen Y, Meng Q, Wei L, Zhang X.",Brief Bioinform,2024,10.1093/bib/bbae095,38493343,review,28
10.1038/s41598-021-82196-2,Multi-omics & systems biology,Benchmarking of numerical integration methods for ODE models of biological systems.,"Städter P, Schälte Y, Schmiester L, Hasenauer J, Stapor PL.",Sci Rep,2021,10.1038/s41598-021-82196-2,33514831,,28
10.3390/brainsci10100743,Multi-omics & systems biology,"Genome, Environment, Microbiome and Metabolome in Autism (GEMMA) Study Design: Biomarkers Identification for Precision Treatment and Primary Prevention of Autism Spectrum Disorders by an Integrated Multi-Omics Systems Biology Approach.","Troisi J, Autio R, Beopoulos T, Bravaccio C, Carraturo F, Corrivetti G, Cunningham S, Devane S, Fallin D, Fetissov S, Gea M, Giorgi A, Iris F, Joshi L, Kadzielski S, Kraneveld A, Kumar H, Ladd-Acosta C, Leader G, Mannion A, Maximin E, Mezzelani A, Milanesi L, Naudon L, Marzal LNP, Pardo PP, Prince NZ, Rabot S, Roeselers G, Roos C, Roussin L, Scala G, Tuccinardi FP, Fasano A.",Brain Sci,2020,10.3390/brainsci10100743,33081368,,28
10.1186/s12967-024-04996-0,Multi-omics & systems biology,"Exploring the interplay of gut microbiota, inflammation, and LDL-cholesterol: a multiomics Mendelian randomization analysis of their causal relationship in acute pancreatitis and non-alcoholic fatty liver disease.","Yan C, Bao J, Jin J.",J Transl Med,2024,10.1186/s12967-024-04996-0,38374155,,27
10.1371/journal.pcbi.1011224,Multi-omics & systems biology,Ten quick tips for avoiding pitfalls in multi-omics data integration analyses.,"Chicco D, Cumbo F, Angione C.",PLoS Comput Biol,2023,10.1371/journal.pcbi.1011224,37410704,,27
10.1016/j.chom.2008.10.004,Functional genomics screens,Genome-scale RNAi screen for host factors required for HIV replication.,"Zhou H, Xu M, Huang Q, Gates AT, Zhang XD, Castle JC, Stec E, Ferrer M, Strulovici B, Hazuda DJ, Espeseth AS.",Cell Host Microbe,2008,10.1016/j.chom.2008.10.004,18976975,,628
10.1038/nature07151,Functional genomics screens,Drosophila RNAi screen identifies host genes important for influenza virus replication.,"Hao L, Sakurai A, Watanabe T, Sorensen E, Nidom CA, Newton MA, Ahlquist P, Kawaoka Y.",Nature,2008,10.1038/nature07151,18615016,,360
10.1016/0092-8674(95)90528-6,Functional genomics screens,ORC and Cdc6p interact and determine the frequency of initiation of DNA replication in the genome.,"Liang C, Weinreich M, Stillman B.",Cell,1995,10.1016/0092-8674(95)90528-6,7774008,,298
10.1371/journal.ppat.1002056,Functional genomics screens,The Coxiella burnetii Dot/Icm system delivers a unique repertoire of type IV effectors into host cells and is required for intracellular replication.,"Carey KL, Newton HJ, Lührmann A, Roy CR.",PLoS Pathog,2011,10.1371/journal.ppat.1002056,21637816,,228
10.1128/mcb.19.4.3184,Functional genomics screens,A genetic screen for ribosomal DNA silencing defects identifies multiple DNA replication and chromatin-modulating factors.,"Smith JS, Caputo E, Boeke JD.",Mol Cell Biol,1999,10.1128/mcb.19.4.3184,10082585,,194
10.1038/s41564-018-0244-1,Functional genomics screens,A CRISPR screen identifies IFI6 as an ER-resident interferon effector that blocks flavivirus replication.,"Richardson RB, Ohlson MB, Eitson JL, Kumar A, McDougal MB, Boys IN, Mar KB, De La Cruz-Rivera PC, Douglas C, Konopka G, Xing C, Schoggins JW.",Nat Microbiol,2018,10.1038/s41564-018-0244-1,30224801,,166
10.1038/s43018-021-00200-0,Functional genomics screens,A systematic CRISPR screen defines mutational mechanisms underpinning signatures caused by replication errors and endogenous DNA damage.,"Zou X, Koh GCC, Nanda AS, Degasperi A, Urgo K, Roumeliotis TI, Agu CA, Badja C, Momen S, Young J, Amarante TD, Side L, Brice G, Perez-Alonso V, Rueda D, Gomez C, Bushell W, Harris R, Choudhary JS, Genomics England Research Consortium, Jiricny J, Skarnes WC, Nik-Zainal S.",Nat Cancer,2021,10.1038/s43018-021-00200-0,34164627,,150
10.1016/s0092-8674(00)00063-5,Functional genomics screens,"swi1 and swi3 perform imprinting, pausing, and termination of DNA replication in S. pombe.","Dalgaard JZ, Klar AJ.",Cell,2000,10.1016/s0092-8674(00)00063-5,11030618,,135
10.15252/embj.201591293,Functional genomics screens,BRPF3-HBO1 regulates replication origin activation and histone H3K14 acetylation.,"Feng Y, Vlassis A, Roques C, Lalonde ME, González-Aguilera C, Lambert JP, Lee SB, Zhao X, Alabert C, Johansen JV, Paquet E, Yang XJ, Gingras AC, Côté J, Groth A.",EMBO J,2016,10.15252/embj.201591293,26620551,,122
10.1128/jvi.79.20.13105-13115.2005,Functional genomics screens,Inhibitors of respiratory syncytial virus replication target cotranscriptional mRNA guanylylation by viral RNA-dependent RNA polymerase.,"Liuzzi M, Mason SW, Cartier M, Lawetz C, McCollum RS, Dansereau N, Bolger G, Lapeyre N, Gaudette Y, Lagacé L, Massariol MJ, Dô F, Whitehead P, Lamarre L, Scouten E, Bordeleau J, Landry S, Rancourt J, Fazal G, Simoneau B.",J Virol,2005,10.1128/jvi.79.20.13105-13115.2005,16189012,,106
10.1128/aac.01256-12,Functional genomics screens,Efficient replication of genotype 3a and 4a hepatitis C virus replicons in human hepatoma cells.,"Saeed M, Scheel TK, Gottwein JM, Marukian S, Dustin LB, Bukh J, Rice CM.",Antimicrob Agents Chemother,2012,10.1128/aac.01256-12,22869572,,102
10.1016/j.cell.2020.11.042,Functional genomics screens,FBXO44 promotes DNA replication-coupled repetitive element silencing in cancer cells.,"Shen JZ, Qiu Z, Wu Q, Finlay D, Garcia G, Sun D, Rantala J, Barshop W, Hope JL, Gimple RC, Sangfelt O, Bradley LM, Wohlschlegel J, Rich JN, Spruck C.",Cell,2021,10.1016/j.cell.2020.11.042,33357448,,100
10.1016/s0960-9822(06)00416-7,Functional genomics screens,Programmed translational frameshifting in a gene required for yeast telomere replication.,"Morris DK, Lundblad V.",Curr Biol,1997,10.1016/s0960-9822(06)00416-7,9382847,,96
10.1158/0008-5472.can-14-0725,Functional genomics screens,Enhancing reproducibility in cancer drug screening: how do we move forward?,"Hatzis C, Bedard PL, Birkbak NJ, Beck AH, Aerts HJ, Stem DF, Shi L, Clarke R, Quackenbush J, Haibe-Kains B.",Cancer Res,2014,10.1158/0008-5472.can-14-0725,25015668,review,90
10.1371/journal.ppat.1000110,Functional genomics screens,RNAi screen of endoplasmic reticulum-associated host factors reveals a role for IRE1alpha in supporting Brucella replication.,"Qin QM, Pei J, Ancona V, Shaw BD, Ficht TA, de Figueiredo P.",PLoS Pathog,2008,10.1371/journal.ppat.1000110,18654626,,88
10.1128/aac.02574-15,Functional genomics screens,"Ebselen, a Small-Molecule Capsid Inhibitor of HIV-1 Replication.","Thenin-Houssier S, de Vera IM, Pedro-Rosa L, Brady A, Richard A, Konnick B, Opp S, Buffone C, Fuhrmann J, Kota S, Billack B, Pietka-Ottlik M, Tellinghuisen T, Choe H, Spicer T, Scampavia L, Diaz-Griffero F, Kojetin DJ, Valente ST.",Antimicrob Agents Chemother,2016,10.1128/aac.02574-15,26810656,,86
10.1371/journal.ppat.1003514,Functional genomics screens,A systematic analysis of host factors reveals a Med23-interferon-λ regulatory axis against herpes simplex virus type 1 replication.,"Griffiths SJ, Koegl M, Boutell C, Zenner HL, Crump CM, Pica F, Gonzalez O, Friedel CC, Barry G, Martin K, Craigon MH, Chen R, Kaza LN, Fossum E, Fazakerley JK, Efstathiou S, Volpi A, Zimmer R, Ghazal P, Haas J.",PLoS Pathog,2013,10.1371/journal.ppat.1003514,23950709,,86
10.1101/gad.215384.113,Functional genomics screens,A genome-wide RNAi screen reveals that mRNA decapping restricts bunyaviral replication by limiting the pools of Dcp2-accessible targets for cap-snatching.,"Hopkins KC, McLane LM, Maqbool T, Panda D, Gordesky-Gold B, Cherry S.",Genes Dev,2013,10.1101/gad.215384.113,23824541,,83
10.1006/viro.2000.0431,Functional genomics screens,LuSIV cells: a reporter cell line for the detection and quantitation of a single cycle of HIV and SIV replication.,"Roos JW, Maughan MF, Liao Z, Hildreth JE, Clements JE.",Virology,2000,10.1006/viro.2000.0431,10915601,,83
10.1016/s0092-8674(02)00805-x,Functional genomics screens,"Noc3p, a bHLH protein, plays an integral role in the initiation of DNA replication in budding yeast.","Zhang Y, Yu Z, Fu X, Liang C.",Cell,2002,10.1016/s0092-8674(02)00805-x,12110182,,82
10.1128/aac.50.4.1320-1329.2006,Functional genomics screens,Triaryl pyrazoline compound inhibits flavivirus RNA replication.,"Puig-Basagoiti F, Tilgner M, Forshey BM, Philpott SM, Espina NG, Wentworth DE, Goebel SJ, Masters PS, Falgout B, Ren P, Ferguson DM, Shi PY.",Antimicrob Agents Chemother,2006,10.1128/aac.50.4.1320-1329.2006,16569847,,77
10.1038/nchembio0807-438,Functional genomics screens,Reporting data from high-throughput screening of small-molecule libraries.,"Inglese J, Shamu CE, Guy RK.",Nat Chem Biol,2007,10.1038/nchembio0807-438,17637769,,76
10.1053/j.gastro.2006.10.032,Functional genomics screens,"A cell-based, high-throughput screen for small molecule regulators of hepatitis C virus replication.","Kim SS, Peng LF, Lin W, Choe WH, Sakamoto N, Kato N, Ikeda M, Schreiber SL, Chung RT.",Gastroenterology,2007,10.1053/j.gastro.2006.10.032,17241881,,75
10.7554/elife.14740,Functional genomics screens,Small-molecule inhibitors identify the RAD52-ssDNA interaction as critical for recovery from replication stress and for survival of BRCA2 deficient cells.,"Hengel SR, Malacaria E, Folly da Silva Constantino L, Bain FE, Diaz A, Koch BG, Yu L, Wu M, Pichierri P, Spies MA, Spies M.",Elife,2016,10.7554/elife.14740,27434671,,71
10.1038/emboj.2010.304,Functional genomics screens,RNAi-based screening identifies the Mms22L-Nfkbil2 complex as a novel regulator of DNA replication in human cells.,"Piwko W, Olma MH, Held M, Bianco JN, Pedrioli PG, Hofmann K, Pasero P, Gerlich DW, Peter M.",EMBO J,2010,10.1038/emboj.2010.304,21113133,,71
10.1128/jvi.00164-09,Functional genomics screens,Simulating henipavirus multicycle replication in a screening assay leads to identification of a promising candidate for therapy.,"Porotto M, Orefice G, Yokoyama CC, Mungall BA, Realubit R, Sganga ML, Aljofan M, Whitt M, Glickman F, Moscona A.",J Virol,2009,10.1128/jvi.00164-09,19264786,,70
10.1021/acsinfecdis.5b00053,Functional genomics screens,High-Throughput Minigenome System for Identifying Small-Molecule Inhibitors of Ebola Virus Replication.,"Edwards MR, Pietzsch C, Vausselin T, Shaw ML, Bukreyev A, Basler CF.",ACS Infect Dis,2015,10.1021/acsinfecdis.5b00053,26284260,,69
10.1016/j.antiviral.2017.10.008,Functional genomics screens,Identification of 2'-deoxy-2'-fluorocytidine as a potent inhibitor of Crimean-Congo hemorrhagic fever virus replication using a recombinant fluorescent reporter virus.,"Welch SR, Scholte FEM, Flint M, Chatterjee P, Nichol ST, Bergeron É, Spiropoulou CF.",Antiviral Res,2017,10.1016/j.antiviral.2017.10.008,29024765,,65
10.1021/jm500335h,Functional genomics screens,"Discovery of daclatasvir, a pan-genotypic hepatitis C virus NS5A replication complex inhibitor with potent clinical effect.","Belema M, Meanwell NA.",J Med Chem,2014,10.1021/jm500335h,24749835,,64
10.1371/journal.ppat.1010113,Functional genomics screens,Genome-scale CRISPR screen identifies TMEM41B as a multi-function host factor required for coronavirus replication.,"Sun L, Zhao C, Fu Z, Fu Y, Su Z, Li Y, Zhou Y, Tan Y, Li J, Xiang Y, Nie X, Zhang J, Liu F, Zhao S, Xie S, Peng G.",PLoS Pathog,2021,10.1371/journal.ppat.1010113,34871328,,63
10.1128/mcb.16.7.3235,Functional genomics screens,"Yeast pip3/mec3 mutants fail to delay entry into S phase and to slow DNA replication in response to DNA damage, and they define a functional link between Mec3 and DNA primase.","Longhese MP, Fraschini R, Plevani P, Lucchini G.",Mol Cell Biol,1996,10.1128/mcb.16.7.3235,8668138,,61
10.1128/jvi.00596-21,Functional genomics screens,Genome-Wide CRISPR Screen Identifies RACK1 as a Critical Host Factor for Flavivirus Replication.,"Shue B, Chiramel AI, Cerikan B, To TH, Frölich S, Pederson SM, Kirby EN, Eyre NS, Bartenschlager RFW, Best SM, Beard MR.",J Virol,2021,10.1128/jvi.00596-21,34586867,,57
10.1128/jvi.77.23.12901-12906.2003,Functional genomics screens,Potential high-throughput assay for screening inhibitors of West Nile virus replication.,"Lo MK, Tilgner M, Shi PY.",J Virol,2003,10.1128/jvi.77.23.12901-12906.2003,14610212,,56
10.1126/scisignal.aba8091,Functional genomics screens,Degradation of 5hmC-marked stalled replication forks by APE1 causes genomic instability.,"Kharat SS, Ding X, Swaminathan D, Suresh A, Singh M, Sengodan SK, Burkett S, Marks H, Pamala C, He Y, Fox SD, Buehler EC, Muegge K, Martin SE, Sharan SK.",Sci Signal,2020,10.1126/scisignal.aba8091,32817374,,55
10.3390/molecules18010735,Functional genomics screens,Benchmarking ligand-based virtual High-Throughput Screening with the PubChem database.,"Butkiewicz M, Lowe EW, Mueller R, Mendenhall JL, Teixeira PL, Weaver CD, Meiler J.",Molecules,2013,10.3390/molecules18010735,23299552,,54
10.1093/genetics/153.2.595,Functional genomics screens,A requirement for recombinational repair in Saccharomyces cerevisiae is caused by DNA replication defects of mec1 mutants.,"Merrill BJ, Holm C.",Genetics,1999,10.1093/genetics/153.2.595,10511542,,52
10.1128/jvi.00365-14,Functional genomics screens,Inhibition of dengue virus replication by a class of small-molecule compounds that antagonize dopamine receptor d4 and downstream mitogen-activated protein kinase signaling.,"Smith JL, Stein DA, Shum D, Fischer MA, Radu C, Bhinder B, Djaballah H, Nelson JA, Früh K, Hirsch AJ.",J Virol,2014,10.1128/jvi.00365-14,24599995,,49
10.1128/aac.00074-09,Functional genomics screens,Identification of inhibitors of yellow fever virus replication using a replicon-based high-throughput assay.,"Patkar CG, Larsen M, Owston M, Smith JL, Kuhn RJ.",Antimicrob Agents Chemother,2009,10.1128/aac.00074-09,19651907,,49
10.1016/j.antiviral.2009.04.007,Functional genomics screens,A reporter cell line for rapid and sensitive evaluation of hepatitis C virus infectivity and replication.,"Iro M, Witteveldt J, Angus AG, Woerz I, Kaul A, Bartenschlager R, Patel AH.",Antiviral Res,2009,10.1016/j.antiviral.2009.04.007,19397930,,48
10.1186/s12864-025-11600-2,Functional genomics screens,Benchmarking foundation cell models for post-perturbation RNA-seq prediction.,"Csendes G, Sanz G, Szalay KZ, Szalai B.",BMC Genomics,2025,10.1186/s12864-025-11600-2,40269681,,47
10.1016/j.virusres.2015.11.014,Functional genomics screens,Replication-competent fluorescent-expressing influenza B virus.,"Nogales A, Rodríguez-Sánchez I, Monte K, Lenschow DJ, Perez DR, Martínez-Sobrido L.",Virus Res,2016,10.1016/j.virusres.2015.11.014,26590325,,47
10.2144/000112072,Functional genomics screens,T-cell line for HIV drug screening using EGFP as a quantitative marker of HIV-1 replication.,"Ochsenbauer-Jambor C, Jones J, Heil M, Zammit KP, Kutsch O.",Biotechniques,2006,10.2144/000112072,16454046,,47
10.1038/bjc.2017.319,Functional genomics screens,Ailanthone inhibits non-small cell lung cancer cell growth through repressing DNA replication via downregulating RPA1.,"Ni Z, Yao C, Zhu X, Gong C, Xu Z, Wang L, Li S, Zou C, Zhu S.",Br J Cancer,2017,10.1038/bjc.2017.319,29024939,,46
10.1073/pnas.96.20.11440,Functional genomics screens,CDC45 and DPB11 are required for processive DNA replication and resistance to DNA topoisomerase I-mediated DNA damage.,"Reid RJ, Fiorani P, Sugawara M, Bjornsti MA.",Proc Natl Acad Sci U S A,1999,10.1073/pnas.96.20.11440,10500195,,46
10.1038/ncomms13150,Functional genomics screens,Human genome-wide RNAi screen reveals host factors required for enterovirus 71 replication.,"Wu KX, Phuektes P, Kumar P, Goh GY, Moreau D, Chow VT, Bard F, Chu JJ.",Nat Commun,2016,10.1038/ncomms13150,27748395,,45
10.1016/j.crtox.2024.100197,Functional genomics screens,iPSC-derived and Patient-Derived Organoids: Applications and challenges in scalability and reproducibility as pre-clinical models.,"Heinzelmann E, Piraino F, Costa M, Roch A, Norkin M, Garnier V, Homicsko K, Brandenberg N.",Curr Res Toxicol,2024,10.1016/j.crtox.2024.100197,40276485,,44
10.1371/journal.ppat.1008845,Functional genomics screens,Zinc-finger antiviral protein (ZAP) is a restriction factor for replication of modified vaccinia virus Ankara (MVA) in human cells.,"Peng C, Wyatt LS, Glushakow-Smith SG, Lal-Nag M, Weisberg AS, Moss B.",PLoS Pathog,2020,10.1371/journal.ppat.1008845,32866210,,42
10.1128/aac.00138-10,Functional genomics screens,Minigenome-based reporter system suitable for high-throughput screening of compounds able to inhibit Ebolavirus replication and/or transcription.,"Jasenosky LD, Neumann G, Kawaoka Y.",Antimicrob Agents Chemother,2010,10.1128/aac.00138-10,20421407,,42
10.1261/rna.1782209,Functional genomics screens,Combined proteomic-RNAi screen for host factors involved in human hepatitis delta virus replication.,"Cao D, Haussecker D, Huang Y, Kay MA.",RNA,2009,10.1261/rna.1782209,19776158,,42
10.1016/j.ab.2004.07.031,Functional genomics screens,A cell-based beta-lactamase reporter gene assay for the identification of inhibitors of hepatitis C virus replication.,"Zuck P, Murray EM, Stec E, Grobler JA, Simon AJ, Strulovici B, Inglese J, Flores OA, Ferrer M.",Anal Biochem,2004,10.1016/j.ab.2004.07.031,15494142,,42
10.1093/nar/gkaa1082,Functional genomics screens,The ATR-WEE1 kinase module inhibits the MAC complex to regulate replication stress response.,"Wang L, Zhan L, Zhao Y, Huang Y, Wu C, Pan T, Qin Q, Xu Y, Deng Z, Li J, Hu H, Xue S, Yan S.",Nucleic Acids Res,2021,10.1093/nar/gkaa1082,33450002,,41
10.1016/j.antiviral.2022.105389,Functional genomics screens,Punicalagin as an allosteric NSP13 helicase inhibitor potently suppresses SARS-CoV-2 replication in vitro.,"Lu L, Peng Y, Yao H, Wang Y, Li J, Yang Y, Lin Z.",Antiviral Res,2022,10.1016/j.antiviral.2022.105389,35985407,,40
10.1186/s13073-021-00981-0,Functional genomics screens,Targeting CDC7 potentiates ATR-CHK1 signaling inhibition through induction of DNA replication stress in liver cancer.,"Guo Y, Wang J, Benedict B, Yang C, van Gemert F, Ma X, Gao D, Wang H, Zhang S, Lieftink C, Beijersbergen RL, Te Riele H, Qiao X, Gao Q, Sun C, Qin W, Bernards R, Wang C.",Genome Med,2021,10.1186/s13073-021-00981-0,34663432,,39
10.1021/jm301735k,Functional genomics screens,Design of potent poxvirus inhibitors of the heterodimeric processivity factor required for viral replication.,"Nuth M, Guan H, Zhukovskaya N, Saw YL, Ricciardi RP.",J Med Chem,2013,10.1021/jm301735k,23527789,,39
10.1534/genetics.112.142349,Functional genomics screens,DNA replication origin function is promoted by H3K4 di-methylation in Saccharomyces cerevisiae.,"Rizzardi LF, Dorn ES, Strahl BD, Cook JG.",Genetics,2012,10.1534/genetics.112.142349,22851644,,38
10.1021/acs.biochem.5b00623,Functional genomics screens,Replication-Competent Influenza Virus and Respiratory Syncytial Virus Luciferase Reporter Strains Engineered for Co-Infections Identify Antiviral Compounds in Combination Screens.,"Yan D, Weisshaar M, Lamb K, Chung HK, Lin MZ, Plemper RK.",Biochemistry,2015,10.1021/acs.biochem.5b00623,26307636,,37
10.3390/v8050122,Functional genomics screens,Dengue Virus Reporter Replicon is a Valuable Tool for Antiviral Drug Discovery and Analysis of Virus Replication Mechanisms.,"Kato F, Hishiki T.",Viruses,2016,10.3390/v8050122,27164125,review,36
10.1093/ps/81.2.202,Functional genomics screens,Consistent production of transgenic chickens using replication-deficient retroviral vectors and high-throughput screening procedures.,"Harvey AJ, Speksnijder G, Baugh LR, Morris JA, Ivarie R.",Poult Sci,2002,10.1093/ps/81.2.202,11873828,,36
10.1002/0471250953.bi1110s43,Bioinformatics & computational biology,From FastQ data to high confidence variant calls: the Genome Analysis Toolkit best practices pipeline.,"Van der Auwera GA, Carneiro MO, Hartl C, Poplin R, Del Angel G, Levy-Moonshine A, Jordan T, Shakir K, Roazen D, Thibault J, Banks E, Garimella KV, Altshuler D, Gabriel S, DePristo MA.",Curr Protoc Bioinformatics,2013,10.1002/0471250953.bi1110s43,25431634,,5106
10.1021/ja407115p,Bioinformatics & computational biology; Ecology & evolution,Benchmarking heterogeneous electrocatalysts for the oxygen evolution reaction.,"McCrory CC, Jung S, Peters JC, Jaramillo TF.",J Am Chem Soc,2013,10.1021/ja407115p,24171402,,1872
10.1021/jm300687e,Bioinformatics & computational biology,"Directory of useful decoys, enhanced (DUD-E): better ligands and decoys for better benchmarking.","Mysinger MM, Carchia M, Irwin JJ, Shoichet BK.",J Med Chem,2012,10.1021/jm300687e,22716043,,1720
10.1186/s13059-019-1905-y,Bioinformatics & computational biology; Ecology & evolution,"Benchmarking transposable element annotation methods for creation of a streamlined, comprehensive pipeline.","Ou S, Su W, Liao Y, Chougule K, Agda JRA, Hellinga AJ, Lugo CSB, Elliott TA, Ware D, Peterson T, Jiang N, Hirsch CN, Hufford MB.",Genome Biol,2019,10.1186/s13059-019-1905-y,31843001,,1274
10.1021/ja510442p,Bioinformatics & computational biology; Ecology & evolution,Benchmarking hydrogen evolving reaction and oxygen evolving reaction electrocatalysts for solar water splitting devices.,"McCrory CC, Jung S, Ferrer IM, Chatman SM, Peters JC, Jaramillo TF.",J Am Chem Soc,2015,10.1021/ja510442p,25668483,,1087
10.1186/1472-6963-6-44,Bioinformatics & computational biology,"The Safety Attitudes Questionnaire: psychometric properties, benchmarking data, and emerging research.","Sexton JB, Helmreich RL, Neilands TB, Rowan K, Vella K, Boyden J, Roberts PR, Thomas EJ.",BMC Health Serv Res,2006,10.1186/1472-6963-6-44,16584553,,1037
10.1016/j.neuroimage.2017.03.020,Bioinformatics & computational biology,Benchmarking of participant-level confound regression strategies for the control of motion artifact in studies of functional connectivity.,"Ciric R, Wolf DH, Power JD, Roalf DR, Baum GL, Ruparel K, Shinohara RT, Elliott MA, Eickhoff SB, Davatzikos C, Gur RC, Gur RE, Bassett DS, Satterthwaite TD.",Neuroimage,2017,10.1016/j.neuroimage.2017.03.020,28302591,,992
10.1097/ccm.0b013e31827c09f8,Bioinformatics & computational biology,Benchmarking the incidence and mortality of severe sepsis in the United States.,"Gaieski DF, Edwards JM, Kallan MJ, Carr BG.",Crit Care Med,2013,10.1097/ccm.0b013e31827c09f8,23442987,,981
10.1021/jm0608356,Bioinformatics & computational biology,Benchmarking sets for molecular docking.,"Huang N, Shoichet BK, Irwin JJ.",J Med Chem,2006,10.1021/jm0608356,17154509,,928
10.1080/10705511.2013.824781,Bioinformatics & computational biology,Statistical Power to Detect the Correct Number of Classes in Latent Profile Analysis.,"Tein JY, Coxe S, Cham H.",Struct Equ Modeling,2013,10.1080/10705511.2013.824781,24489457,,913
10.1021/ci300604z,Bioinformatics & computational biology,Lessons learned in empirical scoring with smina from the CSAR 2011 benchmarking exercise.,"Koes DR, Baumgartner MP, Camacho CJ.",J Chem Inf Model,2013,10.1021/ci300604z,23379370,,879
10.1016/s0140-6736(10)62231-3,Bioinformatics & computational biology,"Cancer survival in Australia, Canada, Denmark, Norway, Sweden, and the UK, 1995-2007 (the International Cancer Benchmarking Partnership): an analysis of population-based cancer registry data.","Coleman MP, Forman D, Bryant H, Butler J, Rachet B, Maringe C, Nur U, Tracey E, Coory M, Hatcher J, McGahan CE, Turner D, Marrett L, Gjerstorff ML, Johannesen TB, Adolfsson J, Lambe M, Lawrence G, Meechan D, Morris EJ, Middleton R, Steward J, Richards MA, ICBP Module 1 Working Group.",Lancet,2011,10.1016/s0140-6736(10)62231-3,21183212,,867
10.1002/nbm.1543,Bioinformatics & computational biology,Twenty-five pitfalls in the analysis of diffusion MRI data.,"Jones DK, Cercignani M.",NMR Biomed,2010,10.1002/nbm.1543,20886566,review,694
10.1097/sla.0000000000002611,Bioinformatics & computational biology; Medical & clinical sciences,Benchmarking Complications Associated with Esophagectomy.,"Low DE, Kuppusamy MK, Alderson D, Cecconello I, Chang AC, Darling G, Davies A, D'Journo XB, Gisbertz SS, Griffin SM, Hardwick R, Hoelscher A, Hofstetter W, Jobe B, Kitagawa Y, Law S, Mariette C, Maynard N, Morse CR, Nafteux P, Pera M, Pramesh CS, Puig S, Reynolds JV, Schroeder W, Smithers M, Wijnhoven BPL.",Ann Surg,2019,10.1097/sla.0000000000002611,29206677,,673
10.1021/ct049977a,Bioinformatics & computational biology,Benchmarking the Conductor-like Polarizable Continuum Model (CPCM) for Aqueous Solvation Free Energies of Neutral and Ionic Organic Molecules.,"Takano Y, Houk KN.",J Chem Theory Comput,2005,10.1021/ct049977a,26641117,,623
10.1186/1745-6215-15-264,Bioinformatics & computational biology,Sample size requirements to estimate key design parameters from external pilot randomised controlled trials: a simulation study.,"Teare MD, Dimairo M, Shephard N, Hayman A, Whitehead A, Walters SJ.",Trials,2014,10.1186/1745-6215-15-264,24993581,,547
10.1371/journal.pcbi.1002829,Bioinformatics & computational biology,Reliable B cell epitope predictions: impacts of method development and improved benchmarking.,"Kringelum JV, Lundegaard C, Lund O, Nielsen M.",PLoS Comput Biol,2012,10.1371/journal.pcbi.1002829,23300419,,523
10.1177/0962280218784726,Bioinformatics & computational biology,Sample size for binary logistic prediction models: Beyond events per variable criteria.,"van Smeden M, Moons KG, de Groot JA, Collins GS, Altman DG, Eijkemans MJ, Reitsma JB.",Stat Methods Med Res,2019,10.1177/0962280218784726,29966490,,496
10.1111/dme.12245,Bioinformatics & computational biology,"Diabetes Attitudes, Wishes and Needs second study (DAWN2™): cross-national benchmarking of diabetes-related psychosocial outcomes for people with diabetes.","Nicolucci A, Kovacs Burns K, Holt RI, Comaschi M, Hermanns N, Ishii H, Kokoszka A, Pouwer F, Skovlund SE, Stuckey H, Tarkun I, Vallis M, Wens J, Peyrot M, DAWN2 Study Group.",Diabet Med,2013,10.1111/dme.12245,23711019,,496
10.1016/j.cell.2019.07.010,Bioinformatics & computational biology,Benchmarking Metagenomics Tools for Taxonomic Classification.,"Ye SH, Siddle KJ, Park DJ, Sabeti PC.",Cell,2019,10.1016/j.cell.2019.07.010,31398336,review,462
10.1093/ije/dyu176,Bioinformatics & computational biology,Network Mendelian randomization: using genetic variants as instrumental variables to investigate mediation in causal pathways.,"Burgess S, Daniel RM, Butterworth AS, Thompson SG, EPIC-InterAct Consortium.",Int J Epidemiol,2015,10.1093/ije/dyu176,25150977,,461
10.1021/acs.jcim.8b00839,"Bioinformatics & computational biology; Data science, ML & health informatics",GuacaMol: Benchmarking Models for de Novo Molecular Design.,"Brown N, Fiscato M, Segler MHS, Vaucher AC.",J Chem Inf Model,2019,10.1021/acs.jcim.8b00839,30887799,,428
10.3389/fphar.2020.565644,Bioinformatics & computational biology,Molecular Sets (MOSES): A Benchmarking Platform for Molecular Generation Models.,"Polykovskiy D, Zhebrak A, Sanchez-Lengeling B, Golovanov S, Tatanov O, Belyaev S, Kurbanov R, Artamonov A, Aladinskiy V, Veselov M, Kadurin A, Johansson S, Chen H, Nikolenko S, Aspuru-Guzik A, Zhavoronkov A.",Front Pharmacol,2020,10.3389/fphar.2020.565644,33390943,,420
10.1016/j.jclinepi.2016.02.031,Bioinformatics & computational biology,Adequate sample size for developing prediction models is not simply related to events per variable.,"Ogundimu EO, Altman DG, Collins GS.",J Clin Epidemiol,2016,10.1016/j.jclinepi.2016.02.031,26964707,,414
10.1136/jitc-2019-000147,Bioinformatics & computational biology,Establishing guidelines to harmonize tumor mutational burden (TMB): in silico assessment of variation in TMB quantification across diagnostic platforms: phase I of the Friends of Cancer Research TMB Harmonization Project.,"Merino DM, McShane LM, Fabrizio D, Funari V, Chen SJ, White JR, Wenz P, Baden J, Barrett JC, Chaudhary R, Chen L, Chen WS, Cheng JH, Cyanam D, Dickey JS, Gupta V, Hellmann M, Helman E, Li Y, Maas J, Papin A, Patidar R, Quinn KJ, Rizvi N, Tae H, Ward C, Xie M, Zehir A, Zhao C, Dietel M, Stenzinger A, Stewart M, Allen J, TMB Harmonization Consortium.",J Immunother Cancer,2020,10.1136/jitc-2019-000147,32217756,,407
10.1002/sim.7492,Bioinformatics & computational biology,Extending the MR-Egger method for multivariable Mendelian randomization to correct for both measured and unmeasured pleiotropy.,"Rees JMB, Wood AM, Burgess S.",Stat Med,2017,10.1002/sim.7492,28960498,,381
10.1371/journal.ppat.1000896,Bioinformatics & computational biology; Ecology & evolution,Infidelity of SARS-CoV Nsp14-exonuclease mutant virus replication is revealed by complete genome sequencing.,"Eckerle LD, Becker MM, Halpin RA, Li K, Venter E, Lu X, Scherbakova S, Graham RL, Baric RS, Stockwell TB, Spiro DJ, Denison MR.",PLoS Pathog,2010,10.1371/journal.ppat.1000896,20463816,,375
10.1038/s41587-019-0054-x,Bioinformatics & computational biology,Best practices for benchmarking germline small-variant calls in human genomes.,"Krusche P, Trigg L, Boutros PC, Mason CE, De La Vega FM, Moore BL, Gonzalez-Porta M, Eberle MA, Tezak Z, Lababidi S, Truty R, Asimenos G, Funke B, Fleharty M, Chapman BA, Salit M, Zook JM, Global Alliance for Genomics and Health Benchmarking Team.",Nat Biotechnol,2019,10.1038/s41587-019-0054-x,30858580,,358
10.1016/j.jmoldx.2017.11.003,"Bioinformatics & computational biology; Data science, ML & health informatics",Standards and Guidelines for Validating Next-Generation Sequencing Bioinformatics Pipelines: A Joint Recommendation of the Association for Molecular Pathology and the College of American Pathologists.,"Roy S, Coldren C, Karunamurthy A, Kip NS, Klee EW, Lincoln SE, Leon A, Pullambhatla M, Temple-Smolkin RL, Voelkerding KV, Wang C, Carter AB.",J Mol Diagn,2018,10.1016/j.jmoldx.2017.11.003,29154853,review,339
10.1089/vim.2008.0007,Bioinformatics & computational biology,Guidelines for Plaque-Reduction Neutralization Testing of  Human Antibodies to Dengue Viruses.,"Roehrig JT, Hombach J, Barrett AD.",Viral Immunol,2008,10.1089/vim.2008.0007,18476771,review,323
10.1038/s41587-019-0074-6,Bioinformatics & computational biology,An open resource for accurately benchmarking small variant and reference calls.,"Zook JM, McDaniel J, Olson ND, Wagner J, Parikh H, Heaton H, Irvine SA, Trigg L, Truty R, McLean CY, De La Vega FM, Xiao C, Sherry S, Salit M.",Nat Biotechnol,2019,10.1038/s41587-019-0074-6,30936564,,317
10.1038/s41597-019-0103-9,"Bioinformatics & computational biology; Data science, ML & health informatics",Multitask learning and benchmarking with clinical time series data.,"Harutyunyan H, Khachatrian H, Kale DC, Ver Steeg G, Galstyan A.",Sci Data,2019,10.1038/s41597-019-0103-9,31209213,,314
10.1021/es403899t,Bioinformatics & computational biology,"Benchmarking organic micropollutants in wastewater, recycled water and drinking water with in vitro bioassays.","Escher BI, Allinson M, Altenburger R, Bain PA, Balaguer P, Busch W, Crago J, Denslow ND, Dopp E, Hilscherova K, Humpage AR, Kumar A, Grimaldi M, Jayasinghe BS, Jarosova B, Jia A, Makarov S, Maruya KA, Medvedev A, Mehinto AC, Mendez JE, Poulsen A, Prochazka E, Richard J, Schifferli A, Schlenk D, Scholz S, Shiraishi F, Snyder S, Su G, Tang JY, van der Burg B, van der Linden SC, Werner I, Westerheide SD, Wong CK, Yang M, Yeung BH, Zhang X, Leusch FD.",Environ Sci Technol,2014,10.1021/es403899t,24369993,,308
10.1093/bioinformatics/btz749,Bioinformatics & computational biology,Bayesian weighted Mendelian randomization for causal inference based on summary statistics.,"Zhao J, Ming J, Hu X, Chen G, Liu J, Yang C.",Bioinformatics,2020,10.1093/bioinformatics/btz749,31593215,,300
10.1002/pro.4379,"Bioinformatics & computational biology; Data science, ML & health informatics",Benchmarking AlphaFold for protein complex modeling reveals accuracy determinants.,"Yin R, Feng BY, Varshney A, Pierce BG.",Protein Sci,2022,10.1002/pro.4379,35900023,,299
10.1186/s13073-020-00791-w,Bioinformatics & computational biology,Best practices for variant calling in clinical sequencing.,Koboldt DC.,Genome Med,2020,10.1186/s13073-020-00791-w,33106175,review,296
10.1093/aje/kwr026,Bioinformatics & computational biology,Instrumental variable estimation of causal risk ratios and causal odds ratios in Mendelian randomization analyses.,"Palmer TM, Sterne JA, Harbord RM, Lawlor DA, Sheehan NA, Meng S, Granell R, Smith GD, Didelez V.",Am J Epidemiol,2011,10.1093/aje/kwr026,21555716,,286
10.1186/s12864-015-2194-9,Bioinformatics & computational biology,A comprehensive benchmarking study of protocols and sequencing platforms for 16S rRNA community profiling.,"D'Amore R, Ijaz UZ, Schirmer M, Kenny JG, Gregory R, Darby AC, Shakya M, Podar M, Quince C, Hall N.",BMC Genomics,2016,10.1186/s12864-015-2194-9,26763898,,275
10.1371/journal.pone.0022477,Bioinformatics & computational biology,Benchmarking and analysis of protein docking performance in Rosetta v3.2.,"Chaudhury S, Berrondo M, Weitzner BD, Muthu P, Bergman H, Gray JJ.",PLoS One,2011,10.1371/journal.pone.0022477,21829626,,266
10.1073/pnas.191384398,Bioinformatics & computational biology,A universal protein-protein interaction motif in the eubacterial DNA replication and repair systems.,"Dalrymple BP, Kongsuwan K, Wijffels G, Dixon NE, Jennings PA.",Proc Natl Acad Sci U S A,2001,10.1073/pnas.191384398,11573000,,265
10.1136/bmj-2023-078378,"Data science, ML & health informatics",TRIPOD+AI statement: updated guidance for reporting clinical prediction models that use regression or machine learning methods.,"Collins GS, Moons KGM, Dhiman P, Riley RD, Beam AL, Van Calster B, Ghassemi M, Liu X, Reitsma JB, van Smeden M, Boulesteix AL, Camaradou JC, Celi LA, Denaxas S, Denniston AK, Glocker B, Golub RM, Harvey H, Heinze G, Hoffman MM, Kengne AP, Lam E, Lee N, Loder EW, Maier-Hein L, Mateen BA, McCradden MD, Oakden-Rayner L, Ordish J, Parnell R, Rose S, Singh K, Wynants L, Logullo P.",BMJ,2024,10.1136/bmj-2023-078378,38626948,,3117
10.1371/journal.pone.0224365,"Data science, ML & health informatics; Neuroscience",Machine learning algorithm validation with a limited sample size.,"Vabalas A, Gowen E, Poliakoff E, Casson AJ.",PLoS One,2019,10.1371/journal.pone.0224365,31697686,,815
10.1016/j.jbi.2014.02.013,"Data science, ML & health informatics",Sample size estimation in diagnostic test studies of biomedical informatics.,Hajian-Tilaki K.,J Biomed Inform,2014,10.1016/j.jbi.2014.02.013,24582925,,739
10.2196/jmir.5870,"Data science, ML & health informatics",Guidelines for Developing and Reporting Machine Learning Predictive Models in Biomedical Research: A Multidisciplinary View.,"Luo W, Phung D, Tran T, Gupta S, Gupta S, Rana S, Karmakar C, Shilton A, Yearwood J, Dimitrova N, Ho TB, Venkatesh S, Berk M.",J Med Internet Res,2016,10.2196/jmir.5870,27986644,,716
10.1016/j.neuroimage.2016.02.079,"Data science, ML & health informatics; Neuroscience",Single subject prediction of brain disorders in neuroimaging: Promises and pitfalls.,"Arbabshirani MR, Plis S, Sui J, Calhoun VD.",Neuroimage,2017,10.1016/j.neuroimage.2016.02.079,27012503,review,650
10.1136/bmj.m689,"Data science, ML & health informatics","Artificial intelligence versus clinicians: systematic review of design, reporting standards, and claims of deep learning studies.","Nagendran M, Chen Y, Lovejoy CA, Gordon AC, Komorowski M, Harvey H, Topol EJ, Ioannidis JPA, Collins GS, Maruthappu M.",BMJ,2020,10.1136/bmj.m689,32213531,review,631
10.1136/bmjopen-2020-048008,"Data science, ML & health informatics",Protocol for development of a reporting guideline (TRIPOD-AI) and risk of bias tool (PROBAST-AI) for diagnostic and prognostic prediction model studies based on artificial intelligence.,"Collins GS, Dhiman P, Andaur Navarro CL, Ma J, Hooft L, Reitsma JB, Logullo P, Beam AL, Peng L, Van Calster B, van Smeden M, Riley RD, Moons KG.",BMJ Open,2021,10.1136/bmjopen-2020-048008,34244270,,612
10.1038/s41746-020-00341-z,"Data science, ML & health informatics",Fusion of medical imaging and electronic health records using deep learning: a systematic review and implementation guidelines.,"Huang SC, Pareek A, Seyyedi S, Banerjee I, Lungren MP.",NPJ Digit Med,2020,10.1038/s41746-020-00341-z,33083571,review,400
10.1016/j.jacr.2017.12.026,"Data science, ML & health informatics","Artificial Intelligence and Machine Learning in Radiology: Opportunities, Challenges, Pitfalls, and Criteria for Success.","Thrall JH, Li X, Li Q, Cruz C, Do S, Dreyer K, Brink J.",J Am Coll Radiol,2018,10.1016/j.jacr.2017.12.026,29402533,,345
10.1016/j.patter.2023.100804,"Data science, ML & health informatics",Leakage and the reproducibility crisis in machine-learning-based science.,"Kapoor S, Narayanan A.",Patterns (N Y),2023,10.1016/j.patter.2023.100804,37720327,,309
10.1038/s41592-019-0458-z,"Data science, ML & health informatics","Applications, promises, and pitfalls of deep learning for fluorescence image reconstruction.","Belthangady C, Royer LA.",Nat Methods,2019,10.1038/s41592-019-0458-z,31285623,review,301
10.1093/jamia/ocx084,"Data science, ML & health informatics",The MIMIC Code Repository: enabling reproducibility in critical care research.,"Johnson AE, Stone DJ, Celi LA, Pollard TJ.",J Am Med Inform Assoc,2018,10.1093/jamia/ocx084,29036464,,281
10.1016/j.jbiomech.2018.09.009,"Data science, ML & health informatics","Machine learning in human movement biomechanics: Best practices, common pitfalls, and new opportunities.","Halilaj E, Rajagopal A, Fiterau M, Hicks JL, Hastie TJ, Delp SL.",J Biomech,2018,10.1016/j.jbiomech.2018.09.009,30279002,review,274
10.1016/j.ijmedinf.2006.11.006,"Data science, ML & health informatics",Predictive data mining in clinical medicine: current issues and guidelines.,"Bellazzi R, Zupan B.",Int J Med Inform,2008,10.1016/j.ijmedinf.2006.11.006,17188928,review,273
10.1016/j.neuroimage.2018.06.001,"Data science, ML & health informatics",The effect of machine learning regression algorithms and sample size on individualized behavioral prediction with functional connectivity features.,"Cui Z, Gong G.",Neuroimage,2018,10.1016/j.neuroimage.2018.06.001,29870817,,268
10.1097/pcc.0000000000003147,"Data science, ML & health informatics",Executive Summary of the Second International Guidelines for the Diagnosis and Management of Pediatric Acute Respiratory Distress Syndrome (PALICC-2).,"Emeriaud G, López-Fernández YM, Iyer NP, Bembea MM, Agulnik A, Barbaro RP, Baudin F, Bhalla A, Brunow de Carvalho W, Carroll CL, Cheifetz IM, Chisti MJ, Cruces P, Curley MAQ, Dahmer MK, Dalton HJ, Erickson SJ, Essouri S, Fernández A, Flori HR, Grunwell JR, Jouvet P, Killien EY, Kneyber MCJ, Kudchadkar SR, Korang SK, Lee JH, Macrae DJ, Maddux A, Modesto I Alapont V, Morrow BM, Nadkarni VM, Napolitano N, Newth CJL, Pons-Odena M, Quasney MW, Rajapreyar P, Rambaud J, Randolph AG, Rimensberger P, Rowan CM, Sanchez-Pinto LN, Sapru A, Sauthier M, Shein SL, Smith LS, Steffen K, Takeuchi M, Thomas NJ, Tse SM, Valentine S, Ward S, Watson RS, Yehya N, Zimmerman JJ, Khemani RG, Second Pediatric Acute Lung Injury Consensus Conference (PALICC-2) Group on behalf of the Pediatric Acute Lung Injury and Sepsis Investigators (PALISI) Network.",Pediatr Crit Care Med,2023,10.1097/pcc.0000000000003147,36661420,,252
10.1186/1472-6947-12-8,"Data science, ML & health informatics",Predicting sample size required for classification performance.,"Figueroa RL, Zeng-Treitler Q, Kandula S, Ngo LH.",BMC Med Inform Decis Mak,2012,10.1186/1472-6947-12-8,22336388,,249
10.1021/acs.est.3c00026,"Data science, ML & health informatics",Machine Learning in Environmental Research: Common Pitfalls and Best Practices.,"Zhu JJ, Yang M, Ren ZJ.",Environ Sci Technol,2023,10.1021/acs.est.3c00026,37384597,review,246
26619183,"Data science, ML & health informatics",Evaluation of the treatment gap between clinical guidelines and the utilization of renin-angiotensin-aldosterone system inhibitors.,"Epstein M, Reaven NL, Funk SE, McGaughey KJ, Oestreicher N, Knispel J.",Am J Manag Care,2015,,26619183,,231
10.1016/j.jaci.2009.10.059,"Data science, ML & health informatics",Mutations in STAT3 and diagnostic guidelines for hyper-IgE syndrome.,"Woellner C, Gertz EM, Schäffer AA, Lagos M, Perro M, Glocker EO, Pietrogrande MC, Cossu F, Franco JL, Matamoros N, Pietrucha B, Heropolitańska-Pliszka E, Yeganeh M, Moin M, Español T, Ehl S, Gennery AR, Abinun M, Breborowicz A, Niehues T, Kilic SS, Junker A, Turvey SE, Plebani A, Sánchez B, Garty BZ, Pignata C, Cancrini C, Litzman J, Sanal O, Baumann U, Bacchetta R, Hsu AP, Davis JN, Hammarström L, Davies EG, Eren E, Arkwright PD, Moilanen JS, Viemann D, Khan S, Maródi L, Cant AJ, Freeman AF, Puck JM, Holland SM, Grimbacher B.",J Allergy Clin Immunol,2010,10.1016/j.jaci.2009.10.059,20159255,,221
10.1053/j.gastro.2019.11.030,"Data science, ML & health informatics",Deep-Learning System Detects Neoplasia in Patients With Barrett's Esophagus With Higher Accuracy Than Endoscopists in a Multistep Training and Validation Study With Benchmarking.,"de Groof AJ, Struyvenberg MR, van der Putten J, van der Sommen F, Fockens KN, Curvers WL, Zinger S, Pouw RE, Coron E, Baldaque-Silva F, Pech O, Weusten B, Meining A, Neuhaus H, Bisschops R, Dent J, Schoon EJ, de With PH, Bergman JJ.",Gastroenterology,2020,10.1053/j.gastro.2019.11.030,31759929,,220
10.1001/jama.2019.20866,"Data science, ML & health informatics",Challenges to the Reproducibility of Machine Learning Models in Health Care.,"Beam AL, Manrai AK, Ghassemi M.",JAMA,2020,10.1001/jama.2019.20866,31904799,,214
10.1016/j.fertnstert.2012.09.046,"Data science, ML & health informatics",The accuracy and reproducibility of the endometrial receptivity array is superior to histology as a diagnostic method for endometrial receptivity.,"Díaz-Gimeno P, Ruiz-Alonso M, Blesa D, Bosch N, Martínez-Conejero JA, Alamá P, Garrido N, Pellicer A, Simón C.",Fertil Steril,2013,10.1016/j.fertnstert.2012.09.046,23102856,,211
10.15252/msb.202211081,"Data science, ML & health informatics",Benchmarking AlphaFold-enabled molecular docking predictions for antibiotic discovery.,"Wong F, Krishnan A, Zheng EJ, Stärk H, Manson AL, Earl AM, Jaakkola T, Collins JJ.",Mol Syst Biol,2022,10.15252/msb.202211081,36065847,,209
10.1038/s41596-021-00620-3,"Data science, ML & health informatics",Chemometric analysis in Raman spectroscopy from experimental design to machine learning-based modeling.,"Guo S, Popp J, Bocklitz T.",Nat Protoc,2021,10.1038/s41596-021-00620-3,34741152,review,203
10.1038/s41576-021-00434-9,"Data science, ML & health informatics",Navigating the pitfalls of applying machine learning in genomics.,"Whalen S, Schreiber J, Noble WS, Pollard KS.",Nat Rev Genet,2022,10.1038/s41576-021-00434-9,34837041,review,198
10.1186/s12859-023-05156-9,"Data science, ML & health informatics",Evaluation of a decided sample size in machine learning applications.,"Rajput D, Wang WJ, Chen CC.",BMC Bioinformatics,2023,10.1186/s12859-023-05156-9,36788550,,196
10.4065/mcp.2009.0479,"Data science, ML & health informatics","Informatics infrastructure for syndrome surveillance, decision support, reporting, and modeling of critical illness.","Herasevich V, Pickering BW, Dong Y, Peters SG, Gajic O.",Mayo Clin Proc,2010,10.4065/mcp.2009.0479,20194152,,195
10.1161/circoutcomes.120.006556,"Data science, ML & health informatics",Recommendations for Reporting Machine Learning Analyses in Clinical Research.,"Stevens LM, Mortazavi BJ, Deo RC, Curtis L, Kao DP.",Circ Cardiovasc Qual Outcomes,2020,10.1161/circoutcomes.120.006556,33079589,,194
10.1093/toxsci/kfy152,"Data science, ML & health informatics",Machine Learning of Toxicological Big Data Enables Read-Across Structure Activity Relationships (RASAR) Outperforming Animal Test Reproducibility.,"Luechtefeld T, Marsh D, Rowlands C, Hartung T.",Toxicol Sci,2018,10.1093/toxsci/kfy152,30007363,,194
10.1038/s41746-023-00811-0,"Data science, ML & health informatics",Self-supervised learning for medical image classification: a systematic review and implementation guidelines.,"Huang SC, Pareek A, Jensen M, Lungren MP, Yeung S, Chaudhari AS.",NPJ Digit Med,2023,10.1038/s41746-023-00811-0,37100953,review,193
10.1148/radiol.2019181960,"Data science, ML & health informatics",Deep Learning-based Image Conversion of CT Reconstruction Kernels Improves Radiomics Reproducibility for Pulmonary Nodules or Masses.,"Choe J, Lee SM, Do KH, Lee G, Lee JG, Lee SM, Seo JB.",Radiology,2019,10.1148/radiol.2019181960,31210613,,190
10.1038/s41557-021-00716-z,"Data science, ML & health informatics",Best practices in machine learning for chemistry.,"Artrith N, Butler KT, Coudert FX, Han S, Isayev O, Jain A, Walsh A.",Nat Chem,2021,10.1038/s41557-021-00716-z,34059804,,189
10.1126/scitranslmed.abb1655,"Data science, ML & health informatics",Reproducibility in machine learning for health research: Still a ways to go.,"McDermott MBA, Wang S, Marinsek N, Ranganath R, Foschini L, Ghassemi M.",Sci Transl Med,2021,10.1126/scitranslmed.abb1655,33762434,review,176
10.1016/j.neuroimage.2011.11.066,"Data science, ML & health informatics",Does feature selection improve classification accuracy? Impact of sample size and feature selection on classification using anatomical magnetic resonance images.,"Chu C, Hsu AL, Chou KH, Bandettini P, Lin C, Alzheimer's Disease Neuroimaging Initiative.",Neuroimage,2012,10.1016/j.neuroimage.2011.11.066,22166797,,173
10.1126/sciadv.aax5727,"Data science, ML & health informatics","Necrotizing enterocolitis is preceded by increased gut bacterial replication, <i>Klebsiella</i>, and fimbriae-encoding bacteria.","Olm MR, Bhattacharya N, Crits-Christoph A, Firek BA, Baker R, Song YS, Morowitz MJ, Banfield JF.",Sci Adv,2019,10.1126/sciadv.aax5727,31844663,,161
10.1016/j.carj.2019.06.002,"Data science, ML & health informatics",Sample-Size Determination Methodologies for Machine Learning in Medical Imaging Research: A Systematic Review.,"Balki I, Amirabadi A, Levman J, Martel AL, Emersic Z, Meden B, Garcia-Pedrero A, Ramirez SC, Kong D, Moody AR, Tyrrell PN.",Can Assoc Radiol J,2019,10.1016/j.carj.2019.06.002,31522841,review,160
10.3389/fpsyt.2016.00050,"Data science, ML & health informatics",Detecting Neuroimaging Biomarkers for Psychiatric Disorders: Sample Size Matters.,"Schnack HG, Kahn RS.",Front Psychiatry,2016,10.3389/fpsyt.2016.00050,27064972,,160
10.1016/j.neuron.2020.09.017,"Data science, ML & health informatics","A Primer on Motion Capture with Deep Learning: Principles, Pitfalls, and Perspectives.","Mathis A, Schneider S, Lauer J, Mathis MW.",Neuron,2020,10.1016/j.neuron.2020.09.017,33058765,review,153
10.1016/j.jbi.2018.04.007,"Data science, ML & health informatics",Benchmarking deep learning models on large healthcare datasets.,"Purushotham S, Meng C, Che Z, Liu Y.",J Biomed Inform,2018,10.1016/j.jbi.2018.04.007,29879470,,152
10.1038/s41592-023-01879-y,"Data science, ML & health informatics",The Cell Tracking Challenge: 10 years of objective benchmarking.,"Maška M, Ulman V, Delgado-Rodriguez P, Gómez-de-Mariscal E, Nečasová T, Guerrero Peña FA, Ren TI, Meyerowitz EM, Scherr T, Löffler K, Mikut R, Guo T, Wang Y, Allebach JP, Bao R, Al-Shakarji NM, Rahmon G, Toubal IE, Palaniappan K, Lux F, Matula P, Sugawara K, Magnusson KEG, Aho L, Cohen AR, Arbelle A, Ben-Haim T, Raviv TR, Isensee F, Jäger PF, Maier-Hein KH, Zhu Y, Ederra C, Urbiola A, Meijering E, Cunha A, Muñoz-Barrutia A, Kozubek M, Ortiz-de-Solórzano C.",Nat Methods,2023,10.1038/s41592-023-01879-y,37202537,,148
10.1371/journal.pcbi.1006457,"Data science, ML & health informatics",Systematically benchmarking peptide-MHC binding predictors: From synthetic to naturally processed epitopes.,"Zhao W, Sher X.",PLoS Comput Biol,2018,10.1371/journal.pcbi.1006457,30408041,,148
10.1038/s41588-023-01524-6,"Data science, ML & health informatics",Benchmarking of deep neural networks for predicting personal gene expression from DNA sequence highlights shortcomings.,"Sasse A, Ng B, Spiro AE, Tasaki S, Bennett DA, Gaiteri C, De Jager PL, Chikina M, Mostafavi S.",Nat Genet,2023,10.1038/s41588-023-01524-6,38036778,,141
10.7326/m19-0876,"Data science, ML & health informatics",Using Electronic Health Record Portals to Improve Patient Engagement: Research Priorities and Best Practices.,"Lyles CR, Nelson EC, Frampton S, Dykes PC, Cemballi AG, Sarkar U.",Ann Intern Med,2020,10.7326/m19-0876,32479176,review,141
10.1016/j.jbi.2013.06.009,"Data science, ML & health informatics",Computer-interpretable clinical guidelines: a methodological review.,Peleg M.,J Biomed Inform,2013,10.1016/j.jbi.2013.06.009,23806274,review,140
10.1016/j.ajhg.2013.05.002,"Data science, ML & health informatics","Large sample size, wide variant spectrum, and advanced machine-learning technique boost risk prediction for inflammatory bowel disease.","Wei Z, Wang W, Bradfield J, Li J, Cardinale C, Frackelton E, Kim C, Mentch F, Van Steen K, Visscher PM, Baldassano RN, Hakonarson H, International IBD Genetics Consortium.",Am J Hum Genet,2013,10.1016/j.ajhg.2013.05.002,23731541,,136
10.1038/s41576-023-00590-0,"Data science, ML & health informatics",Variant calling and benchmarking in an era of complete human genome sequences.,"Olson ND, Wagner J, Dwarshuis N, Miga KH, Sedlazeck FJ, Salit M, Zook JM.",Nat Rev Genet,2023,10.1038/s41576-023-00590-0,37059810,review,133
10.1016/j.ijmedinf.2008.09.002,"Data science, ML & health informatics",STARE-HI--Statement on reporting of evaluation studies in Health Informatics.,"Talmon J, Ammenwerth E, Brender J, de Keizer N, Nykänen P, Rigby M.",Int J Med Inform,2009,10.1016/j.ijmedinf.2008.09.002,18930696,,131
10.1038/s41746-024-01270-x,"Data science, ML & health informatics",A scoping review of reporting gaps in FDA-approved AI medical devices.,"Muralidharan V, Adewale BA, Huang CJ, Nta MT, Ademiju PO, Pathmarajah P, Hang MK, Adesanya O, Abdullateef RO, Babatunde AO, Ajibade A, Onyeka S, Cai ZR, Daneshjou R, Olatunji T.",NPJ Digit Med,2024,10.1038/s41746-024-01270-x,39362934,review,125
10.1016/j.neuroimage.2023.120125,"Data science, ML & health informatics",Image harmonization: A review of statistical and deep learning methods for removing batch effects and evaluation metrics for effective harmonization.,"Hu F, Chen AA, Horng H, Bashyam V, Davatzikos C, Alexander-Bloch A, Li M, Shou H, Satterthwaite TD, Yu M, Shinohara RT.",Neuroimage,2023,10.1016/j.neuroimage.2023.120125,37084926,review,124
10.3389/fonc.2021.633176,"Data science, ML & health informatics",Understanding Sources of Variation to Improve the Reproducibility of Radiomics.,Zhao B.,Front Oncol,2021,10.3389/fonc.2021.633176,33854969,review,123
10.1093/bib/bbaa275,"Data science, ML & health informatics",Computational prediction and interpretation of cell-specific replication origin sites from multiple eukaryotes by exploiting stacking framework.,"Wei L, He W, Malik A, Su R, Cui L, Manavalan B.",Brief Bioinform,2021,10.1093/bib/bbaa275,33152766,,123
10.1038/s41587-021-00993-6,"Data science, ML & health informatics","Establishing community reference samples, data and call sets for benchmarking cancer mutation detection using whole-genome sequencing.","Fang LT, Zhu B, Zhao Y, Chen W, Yang Z, Kerrigan L, Langenbach K, de Mars M, Lu C, Idler K, Jacob H, Zheng Y, Ren L, Yu Y, Jaeger E, Schroth GP, Abaan OD, Talsania K, Lack J, Shen TW, Chen Z, Stanbouly S, Tran B, Shetty J, Kriga Y, Meerzaman D, Nguyen C, Petitjean V, Sultan M, Cam M, Mehta M, Hung T, Peters E, Kalamegham R, Sahraeian SME, Mohiyuddin M, Guo Y, Yao L, Song L, Lam HYK, Drabek J, Vojta P, Maestro R, Gasparotto D, Kõks S, Reimann E, Scherer A, Nordlund J, Liljedahl U, Jensen RV, Pirooznia M, Li Z, Xiao C, Sherry ST, Kusko R, Moos M, Donaldson E, Tezak Z, Ning B, Tong W, Li J, Duerken-Hughes P, Catalanotti C, Maheshwari S, Shuga J, Liang WS, Keats J, Adkins J, Tassone E, Zismann V, McDaniel T, Trent J, Foox J, Butler D, Mason CE, Hong H, Shi L, Wang C, Xiao W, Somatic Mutation Working Group of Sequencing Quality Control Phase II Consortium.",Nat Biotechnol,2021,10.1038/s41587-021-00993-6,34504347,,121
10.1038/s41592-021-01256-7,"Data science, ML & health informatics",Reproducibility standards for machine learning in the life sciences.,"Heil BJ, Hoffman MM, Markowetz F, Lee SI, Greene CS, Hicks SC.",Nat Methods,2021,10.1038/s41592-021-01256-7,34462593,,121
10.1016/s0140-6736(07)61602-x,Medical & clinical sciences,The Strengthening the Reporting of Observational Studies in  Epidemiology (STROBE) statement: guidelines for reporting observational studies.,"von Elm E, Altman DG, Egger M, Pocock SJ, Gøtzsche PC, Vandenbroucke JP, STROBE Initiative.",Lancet,2007,10.1016/s0140-6736(07)61602-x,18064739,,14549
10.1016/j.jclinepi.2007.11.008,Medical & clinical sciences,The Strengthening the Reporting of Observational Studies in Epidemiology (STROBE) statement: guidelines for reporting observational studies.,"von Elm E, Altman DG, Egger M, Pocock SJ, Gøtzsche PC, Vandenbroucke JP, STROBE Initiative.",J Clin Epidemiol,2008,10.1016/j.jclinepi.2007.11.008,18313558,,12449
10.1016/j.jalz.2011.03.005,Medical & clinical sciences,The diagnosis of dementia due to Alzheimer's disease: recommendations from the National Institute on Aging-Alzheimer's Association workgroups on diagnostic guidelines for Alzheimer's disease.,"McKhann GM, Knopman DS, Chertkow H, Hyman BT, Jack CR, Kawas CH, Klunk WE, Koroshetz WJ, Manly JJ, Mayeux R, Mohs RC, Morris JC, Rossor MN, Scheltens P, Carrillo MC, Thies B, Weintraub S, Phelps CH.",Alzheimers Dement,2011,10.1016/j.jalz.2011.03.005,21514250,,11974
10.1016/j.ijsu.2014.07.013,Medical & clinical sciences,The Strengthening the Reporting of Observational Studies in Epidemiology (STROBE) Statement: guidelines for reporting observational studies.,"von Elm E, Altman DG, Egger M, Pocock SJ, Gøtzsche PC, Vandenbroucke JP, STROBE Initiative.",Int J Surg,2014,10.1016/j.ijsu.2014.07.013,25046131,,7457
10.7326/0003-4819-147-8-200710160-00010,Medical & clinical sciences,The Strengthening the Reporting of Observational Studies in Epidemiology (STROBE) statement: guidelines for reporting observational studies.,"von Elm E, Altman DG, Egger M, Pocock SJ, Gøtzsche PC, Vandenbroucke JP, STROBE Initiative.",Ann Intern Med,2007,10.7326/0003-4819-147-8-200710160-00010,17938396,,7143
10.1371/journal.pmed.0040296,Medical & clinical sciences,The Strengthening the Reporting of Observational Studies in Epidemiology (STROBE) statement: guidelines for reporting observational studies.,"von Elm E, Altman DG, Egger M, Pocock SJ, Gøtzsche PC, Vandenbroucke JP, STROBE Initiative.",PLoS Med,2007,10.1371/journal.pmed.0040296,17941714,review,4499
10.1371/journal.pmed.0040297,Medical & clinical sciences,Strengthening the Reporting of Observational Studies in Epidemiology (STROBE): explanation and elaboration.,"Vandenbroucke JP, von Elm E, Altman DG, Gøtzsche PC, Mulrow CD, Pocock SJ, Poole C, Schlesselman JJ, Egger M, STROBE Initiative.",PLoS Med,2007,10.1371/journal.pmed.0040297,17941715,review,4184
10.1161/01.cir.0000133317.49796.0e,Medical & clinical sciences,Implications of recent clinical trials for the National Cholesterol Education Program Adult Treatment Panel III guidelines.,"Grundy SM, Cleeman JI, Merz CN, Brewer HB, Clark LT, Hunninghake DB, Pasternak RC, Smith SC, Stone NJ, National Heart, Lung, and Blood Institute, American College of Cardiology Foundation, American Heart Association.",Circulation,2004,10.1161/01.cir.0000133317.49796.0e,15249516,review,3630
10.4103/sja.sja_543_18,Medical & clinical sciences,The STROBE guidelines.,Cuschieri S.,Saudi J Anaesth,2019,10.4103/sja.sja_543_18,30930717,review,3021
10.1136/bmj.h5527,Medical & clinical sciences,STARD 2015: an updated list of essential items for reporting diagnostic accuracy studies.,"Bossuyt PM, Reitsma JB, Bruns DE, Gatsonis CA, Glasziou PP, Irwig L, Lijmer JG, Moher D, Rennie D, de Vet HC, Kressel HY, Rifai N, Golub RM, Altman DG, Hooft L, Korevaar DA, Cohen JF, STARD Group.",BMJ,2015,10.1136/bmj.h5527,26511519,,2757
10.1158/1078-0432.ccr-09-1624,Medical & clinical sciences,Guidelines for the evaluation of immune therapy activity in solid tumors: immune-related response criteria.,"Wolchok JD, Hoos A, O'Day S, Weber JS, Hamid O, Lebbé C, Maio M, Binder M, Bohnsack O, Nichol G, Humphrey R, Hodi FS.",Clin Cancer Res,2009,10.1158/1078-0432.ccr-09-1624,19934295,,2416
10.1016/j.ijsu.2014.07.014,Medical & clinical sciences,Strengthening the Reporting of Observational Studies in Epidemiology (STROBE): explanation and elaboration.,"Vandenbroucke JP, von Elm E, Altman DG, Gøtzsche PC, Mulrow CD, Pocock SJ, Poole C, Schlesselman JJ, Egger M, STROBE Initiative.",Int J Surg,2014,10.1016/j.ijsu.2014.07.014,25046751,,2165
10.1097/ede.0b013e3181577511,Medical & clinical sciences,Strengthening the Reporting of Observational Studies in Epidemiology (STROBE): explanation and elaboration.,"Vandenbroucke JP, von Elm E, Altman DG, Gøtzsche PC, Mulrow CD, Pocock SJ, Poole C, Schlesselman JJ, Egger M, STROBE Initiative.",Epidemiology,2007,10.1097/ede.0b013e3181577511,18049195,,2119
10.1136/bmjopen-2016-012799,Medical & clinical sciences,STARD 2015 guidelines for reporting diagnostic accuracy studies: explanation and elaboration.,"Cohen JF, Korevaar DA, Altman DG, Bruns DE, Gatsonis CA, Hooft L, Irwig L, Levine D, Reitsma JB, de Vet HC, Bossuyt PM.",BMJ Open,2016,10.1136/bmjopen-2016-012799,28137831,,2026
10.1016/j.ijsu.2021.106165,Medical & clinical sciences,"STROCSS 2021: Strengthening the reporting of cohort, cross-sectional and case-control studies in surgery.","Mathew G, Agha R, Albrecht J, Goel P, Mukherjee I, Pai P, D'Cruz AK, Nixon IJ, Roberto K, Enam SA, Basu S, Muensterer OJ, Giordano S, Pagano D, Machado-Aranda D, Bradley PJ, Bashashati M, Thoma A, Afifi RY, Johnston M, Challacombe B, Ngu JC, Chalkoo M, Raveendran K, Hoffman JR, Kirshtein B, Lau WY, Thorat MA, Miguel D, Beamish AJ, Roy G, Healy D, Ather HM, Raja SG, Mei Z, Manning TG, Kasivisvanathan V, Rivas JG, Coppola R, Ekser B, Karanth VL, Kadioglu H, Valmasoni M, Noureldin A, STROCSS Group.",Int J Surg,2021,10.1016/j.ijsu.2021.106165,34774726,,1911
10.1097/mpg.0b013e31821a23d0,Medical & clinical sciences,"European Society for Pediatric Gastroenterology, Hepatology, and Nutrition guidelines for the diagnosis of coeliac disease.","Husby S, Koletzko S, Korponay-Szabó IR, Mearin ML, Phillips A, Shamir R, Troncone R, Giersiepen K, Branski D, Catassi C, Lelgeman M, Mäki M, Ribes-Koninckx C, Ventura A, Zimmer KP, ESPGHAN Working Group on Coeliac Disease Diagnosis, ESPGHAN Gastroenterology Committee, European Society for Pediatric Gastroenterology, Hepatology, and Nutrition.",J Pediatr Gastroenterol Nutr,2012,10.1097/mpg.0b013e31821a23d0,22197856,,1763
10.1001/jama.2015.3656,Medical & clinical sciences,Preferred Reporting Items for Systematic Review and Meta-Analyses of individual participant data: the PRISMA-IPD Statement.,"Stewart LA, Clarke M, Rovers M, Riley RD, Simmonds M, Stewart G, Tierney JF, PRISMA-IPD Development Group.",JAMA,2015,10.1001/jama.2015.3656,25919529,,1685
10.7326/0003-4819-147-8-200710160-00010-w1,Medical & clinical sciences,Strengthening the Reporting of Observational Studies in Epidemiology (STROBE): explanation and elaboration.,"Vandenbroucke JP, von Elm E, Altman DG, Gøtzsche PC, Mulrow CD, Pocock SJ, Poole C, Schlesselman JJ, Egger M, STROBE initiative.",Ann Intern Med,2007,10.7326/0003-4819-147-8-200710160-00010-w1,17938389,,1534
10.1016/j.eururo.2020.03.055,Medical & clinical sciences,European Association of Urology Guidelines on Muscle-invasive and Metastatic Bladder Cancer: Summary of the 2020 Guidelines.,"Witjes JA, Bruins HM, Cathomas R, Compérat EM, Cowan NC, Gakis G, Hernández V, Linares Espinós E, Lorch A, Neuzillet Y, Rouanne M, Thalmann GN, Veskimäe E, Ribal MJ, van der Heijden AG.",Eur Urol,2021,10.1016/j.eururo.2020.03.055,32360052,review,1507
10.1097/ede.0b013e3181577654,Medical & clinical sciences,The Strengthening the Reporting of Observational Studies in Epidemiology (STROBE) statement: guidelines for reporting observational studies.,"von Elm E, Altman DG, Egger M, Pocock SJ, Gøtzsche PC, Vandenbroucke JP, STROBE Initiative.",Epidemiology,2007,10.1097/ede.0b013e3181577654,18049194,,1503
10.4158/ep161365.gl,Medical & clinical sciences; Neuroscience,AMERICAN ASSOCIATION OF CLINICAL ENDOCRINOLOGISTS AND AMERICAN COLLEGE OF ENDOCRINOLOGY COMPREHENSIVE CLINICAL PRACTICE GUIDELINES FOR MEDICAL CARE OF PATIENTS WITH OBESITY.,"Garvey WT, Mechanick JI, Brett EM, Garber AJ, Hurley DL, Jastreboff AM, Nadolsky K, Pessah-Pollack R, Plodkowski R, Reviewers of the AACE/ACE Obesity Clinical Practice Guidelines.",Endocr Pract,2016,10.4158/ep161365.gl,27219496,,1330
10.2471/blt.07.045120,Medical & clinical sciences,The Strengthening the Reporting of Observational Studies in Epidemiology (STROBE) statement: guidelines for reporting observational studies.,"von Elm E, Altman DG, Egger M, Pocock SJ, Gøtzsche PC, Vandenbroucke JP, STROBE Initiative.",Bull World Health Organ,2007,10.2471/blt.07.045120,18038077,,1315
10.1177/0962280215588241,Medical & clinical sciences,Estimating the sample size for a pilot randomised trial to minimise the overall trial sample size for the external pilot and main trial for a continuous outcome variable.,"Whitehead AL, Julious SA, Cooper CL, Campbell MJ.",Stat Methods Med Res,2016,10.1177/0962280215588241,26092476,,1309
10.1161/01.str.0000082721.62796.09,Medical & clinical sciences,Trial design and reporting standards for intra-arterial cerebral thrombolysis for acute ischemic stroke.,"Higashida RT, Furlan AJ, Roberts H, Tomsick T, Connors B, Barr J, Dillon W, Warach S, Broderick J, Tilley B, Sacks D, Technology Assessment Committee of the American Society of Interventional and Therapeutic Neuroradiology, Technology Assessment Committee of the Society of Interventional Radiology.",Stroke,2003,10.1161/01.str.0000082721.62796.09,12869717,,1230
10.1001/jama.291.20.2457,Medical & clinical sciences,Empirical evidence for selective reporting of outcomes in randomized trials: comparison of protocols to published articles.,"Chan AW, Hróbjartsson A, Haahr MT, Gøtzsche PC, Altman DG.",JAMA,2004,10.1001/jama.291.20.2457,15161896,,1197
10.1016/j.ijsu.2019.11.002,Medical & clinical sciences,STROCSS 2019 Guideline: Strengthening the reporting of cohort studies in surgery.,"Agha R, Abdall-Razak A, Crossley E, Dowlut N, Iosifidis C, Mathew G, STROCSS Group.",Int J Surg,2019,10.1016/j.ijsu.2019.11.002,31704426,,1189
10.1016/j.eururo.2008.07.031,Medical & clinical sciences,Defining early morbidity of radical cystectomy for patients with bladder cancer using a standardized reporting methodology.,"Shabsigh A, Korets R, Vora KC, Brooks CM, Cronin AM, Savage C, Raj G, Bochner BH, Dalbagni G, Herr HW, Donat SM.",Eur Urol,2009,10.1016/j.eururo.2008.07.031,18675501,,1020
10.1136/bmj.326.7379.41,Medical & clinical sciences,Towards complete and accurate reporting of studies of diagnostic accuracy: the STARD initiative.,"Bossuyt PM, Reitsma JB, Bruns DE, Gatsonis CA, Glasziou PP, Irwig LM, Lijmer JG, Moher D, Rennie D, de Vet HC, Standards for Reporting of Diagnostic Accuracy.",BMJ,2003,10.1136/bmj.326.7379.41,12511463,review,985
10.1016/s0197-2456(05)80019-4,Medical & clinical sciences,Reproducibility and responsiveness of health status measures. Statistics and strategies for evaluation.,"Deyo RA, Diehr P, Patrick DL.",Control Clin Trials,1991,10.1016/s0197-2456(05)80019-4,1663851,,950
10.1038/ajg.2009.727,Medical & clinical sciences,"Ulcerative colitis practice guidelines in adults: American College Of Gastroenterology, Practice Parameters Committee.","Kornbluth A, Sachar DB, Practice Parameters Committee of the American College of Gastroenterology.",Am J Gastroenterol,2010,10.1038/ajg.2009.727,20068560,,949
10.1148/radiol.10091808,Medical & clinical sciences; Preclinical animal research,The National Lung Screening Trial: overview and study design.,"National Lung Screening Trial Research Team, Aberle DR, Berg CD, Black WC, Church TR, Fagerstrom RM, Galen B, Gareen IF, Gatsonis C, Goldin J, Gohagan JK, Hillman B, Jaffe C, Kramer BS, Lynch D, Marcus PM, Schnall M, Sullivan DC, Sullivan D, Zylak CJ.",Radiology,2011,10.1148/radiol.10091808,21045183,,912
10.1016/j.jacc.2004.07.001,Medical & clinical sciences,Implications of recent clinical trials for the National Cholesterol Education Program Adult Treatment Panel III Guidelines.,"Grundy SM, Cleeman JI, Merz CN, Brewer HB, Clark LT, Hunninghake DB, Pasternak RC, Smith SC, Stone NJ, Coordinating Committee of the National Cholesterol Education Program.",J Am Coll Cardiol,2004,10.1016/j.jacc.2004.07.001,15358046,review,909
10.1093/sleep/20.12.1077,Medical & clinical sciences,"The Sleep Heart Health Study: design, rationale, and methods.","Quan SF, Howard BV, Iber C, Kiley JP, Nieto FJ, O'Connor GT, Rapoport DM, Redline S, Robbins J, Samet JM, Wahl PW.",Sleep,1997,10.1093/sleep/20.12.1077,9493915,,877
10.1182/blood-2010-10-299487,Medical & clinical sciences,Consensus recommendations for the uniform reporting of clinical trials: report of the International Myeloma Workshop Consensus Panel 1.,"Rajkumar SV, Harousseau JL, Durie B, Anderson KC, Dimopoulos M, Kyle R, Blade J, Richardson P, Orlowski R, Siegel D, Jagannath S, Facon T, Avet-Loiseau H, Lonial S, Palumbo A, Zonder J, Ludwig H, Vesole D, Sezer O, Munshi NC, San Miguel J, International Myeloma Workshop Consensus Panel 1.",Blood,2011,10.1182/blood-2010-10-299487,21292775,,862
10.7326/0003-4819-138-1-200301070-00012-w1,Medical & clinical sciences,The STARD statement for reporting studies of diagnostic accuracy: explanation and elaboration.,"Bossuyt PM, Reitsma JB, Bruns DE, Gatsonis CA, Glasziou PP, Irwig LM, Moher D, Rennie D, de Vet HC, Lijmer JG, Standards for Reporting of Diagnostic Accuracy.",Ann Intern Med,2003,10.7326/0003-4819-138-1-200301070-00012-w1,12513067,,848
10.1016/j.jhep.2011.11.007,Medical & clinical sciences,EASL Clinical Practice Guidelines: Wilson's disease.,European Association for Study of Liver.,J Hepatol,2012,10.1016/j.jhep.2011.11.007,22340672,,825
10.1002/pds.1001,Medical & clinical sciences,The reporting odds ratio and its advantages over the proportional reporting ratio.,"Rothman KJ, Rothman KJ, Lanes S, Sacks ST.",Pharmacoepidemiol Drug Saf,2004,10.1002/pds.1001,15317031,review,816
10.1002/jhbp.515,Medical & clinical sciences,Tokyo Guidelines 2018: diagnostic criteria and severity grading of acute cholecystitis (with videos).,"Yokoe M, Hata J, Takada T, Strasberg SM, Asbun HJ, Wakabayashi G, Kozaka K, Endo I, Deziel DJ, Miura F, Okamoto K, Hwang TL, Huang WS, Ker CG, Chen MF, Han HS, Yoon YS, Choi IS, Yoon DS, Noguchi Y, Shikata S, Ukai T, Higuchi R, Gabata T, Mori Y, Iwashita Y, Hibi T, Jagannath P, Jonas E, Liau KH, Dervenis C, Gouma DJ, Cherqui D, Belli G, Garden OJ, Giménez ME, de Santibañes E, Suzuki K, Umezawa A, Supe AN, Pitt HA, Singh H, Chan ACW, Lau WY, Teoh AYB, Honda G, Sugioka A, Asai K, Gomi H, Itoi T, Kiriyama S, Yoshida M, Mayumi T, Matsumura N, Tokumura H, Kitano S, Hirata K, Inui K, Sumiyama Y, Yamamoto M.",J Hepatobiliary Pancreat Sci,2018,10.1002/jhbp.515,29032636,review,798
10.1001/jama.1995.03520370068039,Medical & clinical sciences,Collaborative management to achieve treatment guidelines. Impact on depression in primary care.,"Katon W, Von Korff M, Lin E, Walker E, Simon GE, Bush T, Robinson P, Russo J.",JAMA,1995,10.1001/jama.1995.03520370068039,7897786,,795
10.1093/ije/26.suppl_1.s6,Medical & clinical sciences,The EPIC Project: rationale and study design. European Prospective Investigation into Cancer and Nutrition.,"Riboli E, Kaaks R.",Int J Epidemiol,1997,10.1093/ije/26.suppl_1.s6,9126529,,771
10.1186/1471-2288-2-9,Medical & clinical sciences,Conducting systematic reviews of diagnostic studies: didactic guidelines.,"Devillé WL, Buntinx F, Bouter LM, Montori VM, de Vet HC, van der Windt DA, Bezemer PD.",BMC Med Res Methodol,2002,10.1186/1471-2288-2-9,12097142,,748
10.1002/sim.1296,Medical & clinical sciences,"Subgroup analysis, covariate adjustment and baseline comparisons in clinical trial reporting: current practice and problems.","Pocock SJ, Assmann SE, Enos LE, Kasten LE.",Stat Med,2002,10.1002/sim.1296,12325108,,745
10.1016/j.ypmed.2007.08.012,Medical & clinical sciences,The Strengthening the Reporting of Observational Studies in Epidemiology (STROBE) statement: guidelines for reporting observational studies.,"von Elm E, Altman DG, Egger M, Pocock SJ, Gøtzsche PC, Vandenbroucke JP, STROBE Initiative.",Prev Med,2007,10.1016/j.ypmed.2007.08.012,17950122,review,714
10.1001/jama.285.11.1500,Medical & clinical sciences,Interobserver reproducibility of cervical cytologic and histologic interpretations: realistic estimates from the ASCUS-LSIL Triage Study.,"Stoler MH, Schiffman M, Atypical Squamous Cells of Undetermined Significance-Low-grade Squamous Intraepithelial Lesion Triage Study (ALTS) Group.",JAMA,2001,10.1001/jama.285.11.1500,11255427,,708
10.1186/1471-2458-14-25,Medical & clinical sciences,Rationale and study design of the Japan environment and children's study (JECS).,"Kawamoto T, Nitta H, Murata K, Toda E, Tsukamoto N, Hasegawa M, Yamagata Z, Kayama F, Kishi R, Ohya Y, Saito H, Sago H, Okuyama M, Ogata T, Yokoya S, Koresawa Y, Shibata Y, Nakayama S, Michikawa T, Takeuchi A, Satoh H, Working Group of the Epidemiological Research for Children’s Environmental Health.",BMC Public Health,2014,10.1186/1471-2458-14-25,24410977,,702
10.1038/s41591-020-1034-x,Medical & clinical sciences,Reporting guidelines for clinical trial reports for interventions involving artificial intelligence: the CONSORT-AI extension.,"Liu X, Cruz Rivera S, Moher D, Calvert MJ, Denniston AK, SPIRIT-AI and CONSORT-AI Working Group.",Nat Med,2020,10.1038/s41591-020-1034-x,32908283,review,694
10.1373/49.1.7,Medical & clinical sciences,The STARD statement for reporting studies of diagnostic accuracy: explanation and elaboration.,"Bossuyt PM, Reitsma JB, Bruns DE, Gatsonis CA, Glasziou PP, Irwig LM, Moher D, Rennie D, de Vet HC, Lijmer JG, Standards for Reporting of Diagnostic Accuracy.",Clin Chem,2003,10.1373/49.1.7,12507954,,661
10.1007/s00134-016-4670-3,Medical & clinical sciences,Prevention of cardiac surgery-associated AKI by implementing the KDIGO guidelines in high risk patients identified by biomarkers: the PrevAKI randomized controlled trial.,"Meersch M, Schmidt C, Hoffmeier A, Van Aken H, Wempe C, Gerss J, Zarbock A.",Intensive Care Med,2017,10.1007/s00134-016-4670-3,28110412,,660
10.1159/000339959,Medical & clinical sciences,The Bethesda System for Reporting Thyroid Cytopathology: a meta-analysis.,"Bongiovanni M, Spitale A, Faquin WC, Mazzucchelli L, Baloch ZW.",Acta Cytol,2012,10.1159/000339959,22846422,review,656
10.1191/0269215505cr832oa,Medical & clinical sciences,"Reliability and validity of arm function assessment with standardized guidelines for the Fugl-Meyer Test, Action Research Arm Test and Box and Block Test: a multicentre study.","Platz T, Pinkowski C, van Wijck F, Kim IH, di Bella P, Johnson G.",Clin Rehabil,2005,10.1191/0269215505cr832oa,15929509,,654
10.1023/a:1013138911638,Medical & clinical sciences,"Smallest real difference, a link between reproducibility and responsiveness.","Beckerman H, Roebroeck ME, Lankhorst GJ, Becher JG, Bezemer PD, Verbeek AL.",Qual Life Res,2001,10.1023/a:1013138911638,11822790,,631
10.1001/jama.2009.1297,Medical & clinical sciences,Effect of procalcitonin-based guidelines vs standard guidelines on antibiotic use in lower respiratory tract infections: the ProHOSP randomized controlled trial.,"Schuetz P, Christ-Crain M, Thomann R, Falconnier C, Wolbers M, Widmer I, Neidert S, Fricker T, Blum C, Schild U, Regez K, Schoenenberger R, Henzen C, Bregenzer T, Hoess C, Krause M, Bucher HC, Zimmerli W, Mueller B, ProHOSP Study Group.",JAMA,2009,10.1001/jama.2009.1297,19738090,,628
10.1038/nn.2467,Preclinical animal research,A robust and high-throughput Cre reporting and characterization system for the whole mouse brain.,"Madisen L, Zwingman TA, Sunkin SM, Oh SW, Zariwala HA, Gu H, Ng LL, Palmiter RD, Hawrylycz MJ, Jones AR, Lein ES, Zeng H.",Nat Neurosci,2010,10.1038/nn.2467,20023653,,6728
10.1016/j.jalz.2011.03.003,Preclinical animal research,Toward defining the preclinical stages of Alzheimer's disease: recommendations from the National Institute on Aging-Alzheimer's Association workgroups on diagnostic guidelines for Alzheimer's disease.,"Sperling RA, Aisen PS, Beckett LA, Bennett DA, Craft S, Fagan AM, Iwatsubo T, Jack CR, Kaye J, Montine TJ, Park DC, Reiman EM, Rowe CC, Siemers E, Stern Y, Yaffe K, Carrillo MC, Thies B, Morrison-Bogorad M, Wagster MV, Phelps CH.",Alzheimers Dement,2011,10.1016/j.jalz.2011.03.003,21514248,,5447
10.1002/jbmr.141,Preclinical animal research,Guidelines for assessment of bone microstructure in rodents using micro-computed tomography.,"Bouxsein ML, Boyd SK, Christiansen BA, Guldberg RE, Jepsen KJ, Müller R.",J Bone Miner Res,2010,10.1002/jbmr.141,20533309,review,3622
10.1073/pnas.0308709101,Preclinical animal research,PERIOD2::LUCIFERASE real-time reporting of circadian dynamics reveals persistent circadian oscillations in mouse peripheral tissues.,"Yoo SH, Yamazaki S, Lowrey PL, Shimomura K, Ko CH, Buhr ED, Siepka SM, Hong HK, Oh WJ, Yoo OJ, Menaker M, Takahashi JS.",Proc Natl Acad Sci U S A,2004,10.1073/pnas.0308709101,14963227,,1918
10.1016/j.jalz.2011.03.004,Preclinical animal research,Introduction to the recommendations from the National Institute on Aging-Alzheimer's Association workgroups on diagnostic guidelines for Alzheimer's disease.,"Jack CR, Albert MS, Knopman DS, McKhann GM, Sperling RA, Carrillo MC, Thies B, Phelps CH.",Alzheimers Dement,2011,10.1016/j.jalz.2011.03.004,21514247,,1355
10.1126/science.274.5286.373,Preclinical animal research,An adenovirus mutant that replicates selectively in p53-deficient human tumor cells.,"Bischoff JR, Kirn DH, Williams A, Heise C, Horn S, Muna M, Ng L, Nye JA, Sampson-Johannes A, Fattaey A, McCormick F.",Science,1996,10.1126/science.274.5286.373,8832876,,1161
10.1038/nature11556,Preclinical animal research,A call for transparent reporting to optimize the predictive value of preclinical research.,"Landis SC, Amara SG, Asadullah K, Austin CP, Blumenstein R, Bradley EW, Crystal RG, Darnell RB, Ferrante RJ, Fillit H, Finkelstein R, Fisher M, Gendelman HE, Golub RM, Goudreau JL, Gross RA, Gubitz AK, Hesterlee SE, Howells DW, Huguenard J, Kelner K, Koroshetz W, Krainc D, Lazic SE, Levine MS, Macleod MR, McCall JM, Moxley RT, Narasimhan K, Noble LJ, Perrin S, Porter JD, Steward O, Unger E, Utz U, Silberberg SD.",Nature,2012,10.1038/nature11556,23060188,,953
10.1016/j.jconrel.2011.09.063,Preclinical animal research,"Drug targeting to tumors: principles, pitfalls and (pre-) clinical progress.","Lammers T, Kiessling F, Hennink WE, Storm G.",J Control Release,2012,10.1016/j.jconrel.2011.09.063,21945285,review,881
10.1126/science.abe8499,Preclinical animal research,SARS-CoV-2 D614G variant exhibits efficient replication ex vivo and transmission in vivo.,"Hou YJ, Chiba S, Halfmann P, Ehre C, Kuroda M, Dinnon KH, Leist SR, Schäfer A, Nakajima N, Takahashi K, Lee RE, Mascenik TM, Graham R, Edwards CE, Tse LV, Okuda K, Markmann AJ, Bartelt L, de Silva A, Margolis DM, Boucher RC, Randell SH, Suzuki T, Gralinski LE, Kawaoka Y, Baric RS.",Science,2020,10.1126/science.abe8499,33184236,,832
10.1089/thy.2008.0403,Preclinical animal research,Medullary thyroid cancer: management guidelines of the American Thyroid Association.,"American Thyroid Association Guidelines Task Force, Kloos RT, Eng C, Evans DB, Francis GL, Gagel RF, Gharib H, Moley JF, Pacini F, Ringel MD, Schlumberger M, Wells SA.",Thyroid,2009,10.1089/thy.2008.0403,19469690,review,796
10.1007/s00213-006-0441-0,Preclinical animal research; Neuroscience,Guidelines on nicotine dose selection for in vivo research.,"Matta SG, Balfour DJ, Benowitz NL, Boyd RT, Buccafusco JJ, Caggiula AR, Craig CR, Collins AC, Damaj MI, Donny EC, Gardiner PS, Grady SR, Heberlein U, Leonard SS, Levin ED, Lukas RJ, Markou A, Marks MJ, McCallum SE, Parameswaran N, Perkins KA, Picciotto MR, Quik M, Rose JE, Rothenfluh A, Schafer WR, Stolerman IP, Tyndale RF, Wehner JM, Zirger JM.",Psychopharmacology (Berl),2007,10.1007/s00213-006-0441-0,16896961,review,673
10.1161/circresaha.114.303819,Preclinical animal research,Reproducibility in science: improving the standard for basic and preclinical research.,"Begley CG, Ioannidis JP.",Circ Res,2015,10.1161/circresaha.114.303819,25552691,review,666
10.1038/90968,Preclinical animal research,Hepatitis C virus replication in mice with chimeric human livers.,"Mercer DF, Schiller DE, Elliott JF, Douglas DN, Hao C, Rinfret A, Addison WR, Fischer KP, Churchill TA, Lakey JR, Tyrrell DL, Kneteman NM.",Nat Med,2001,10.1038/90968,11479625,,654
10.1371/journal.pbio.1002165,Preclinical animal research,The Economics of Reproducibility in Preclinical Research.,"Freedman LP, Cockburn IM, Simcoe TS.",PLoS Biol,2015,10.1371/journal.pbio.1002165,26057340,,635
10.1016/0092-8674(90)90134-z,Preclinical animal research,Transgenetic studies implicate interactions between homologous PrP isoforms in scrapie prion replication.,"Prusiner SB, Scott M, Foster D, Pan KM, Groth D, Mirenda C, Torchia M, Yang SL, Serban D, Carlson GA.",Cell,1990,10.1016/0092-8674(90)90134-z,1977523,,609
10.1126/science.7690156,Preclinical animal research,Inhibition of viral replication by interferon-gamma-induced nitric oxide synthase.,"Karupiah G, Xie QW, Buller RM, Nathan C, Duarte C, MacMicking JD.",Science,1993,10.1126/science.7690156,7690156,,605
10.1200/jco.2017.75.8219,Preclinical animal research,Phase I Study of DNX-2401 (Delta-24-RGD) Oncolytic Adenovirus: Replication and Immunotherapeutic Effects in Recurrent Malignant Glioma.,"Lang FF, Conrad C, Gomez-Manzano C, Yung WKA, Sawaya R, Weinberg JS, Prabhu SS, Rao G, Fuller GN, Aldape KD, Gumin J, Vence LM, Wistuba I, Rodriguez-Canales J, Villalobos PA, Dirven CMF, Tejada S, Valle RD, Alonso MM, Ewald B, Peterkin JJ, Tufaro F, Fueyo J.",J Clin Oncol,2018,10.1200/jco.2017.75.8219,29432077,,590
10.1016/s0006-8993(98)01258-x,Preclinical animal research; Neuroscience,"Behavioral phenotyping of transgenic and knockout mice: experimental design and evaluation of general health, sensory functions, motor abilities, and specific behavioral tests.",Crawley JN.,Brain Res,1999,10.1016/s0006-8993(98)01258-x,10448192,review,582
10.1371/journal.pone.0007824,Preclinical animal research,"Survey of the quality of experimental design, statistical analysis and reporting of research using animals.","Kilkenny C, Parsons N, Kadyszewski E, Festing MF, Cuthill IC, Fry D, Hutton J, Altman DG.",PLoS One,2009,10.1371/journal.pone.0007824,19956596,,577
10.1038/s41586-022-04442-5,Preclinical animal research,Attenuated replication and pathogenicity of SARS-CoV-2 B.1.1.529 Omicron.,"Shuai H, Chan JF, Hu B, Chai Y, Yuen TT, Yin F, Huang X, Yoon C, Hu JC, Liu H, Shi J, Liu Y, Zhu T, Zhang J, Hou Y, Wang Y, Lu L, Cai JP, Zhang AJ, Zhou J, Yuan S, Brindley MA, Zhang BZ, Huang JD, To KK, Yuen KY, Chu H.",Nature,2022,10.1038/s41586-022-04442-5,35062016,,571
10.1038/nature13619,Preclinical animal research,Replication stress is a potent driver of functional decline in ageing haematopoietic stem cells.,"Flach J, Bakker ST, Mohrin M, Conroy PC, Pietras EM, Reynaud D, Alvarez S, Diolaiti ME, Ugarte F, Forsberg EC, Le Beau MM, Stohr BA, Méndez J, Morrison CG, Passegué E.",Nature,2014,10.1038/nature13619,25079315,,562
10.1038/s41591-022-01772-9,Preclinical animal research,Reporting guideline for the early-stage clinical evaluation of decision support systems driven by artificial intelligence: DECIDE-AI.,"Vasey B, Nagendran M, Campbell B, Clifton DA, Collins GS, Denaxas S, Denniston AK, Faes L, Geerts B, Ibrahim M, Liu X, Mateen BA, Mathur P, McCradden MD, Morgan L, Ordish J, Rogers C, Saria S, Ting DSW, Watkinson P, Weber W, Wheatstone P, McCulloch P, DECIDE-AI expert group.",Nat Med,2022,10.1038/s41591-022-01772-9,35585198,review,556
10.1128/jvi.69.10.6158-6169.1995,Preclinical animal research,High-level hepatitis B virus replication in transgenic mice.,"Guidotti LG, Matzke B, Schaller H, Chisari FV.",J Virol,1995,10.1128/jvi.69.10.6158-6169.1995,7666518,,522
10.1158/0008-5472.can-04-0083,Preclinical animal research,Disruption of cancer cell replication by alternating electric fields.,"Kirson ED, Gurvich Z, Schneiderman R, Dekel E, Itzhaki A, Wasserman Y, Schatzberger R, Palti Y.",Cancer Res,2004,10.1158/0008-5472.can-04-0083,15126372,,509
10.1128/jvi.79.18.12058-12064.2005,Preclinical animal research,Molecular basis of replication of duck H5N1 influenza viruses in a mammalian mouse model.,"Li Z, Chen H, Jiao P, Deng G, Tian G, Li Y, Hoffmann E, Webster RG, Matsuoka Y, Yu K.",J Virol,2005,10.1128/jvi.79.18.12058-12064.2005,16140781,,484
10.4049/jimmunol.175.8.5260,Preclinical animal research,The RNA helicase Lgp2 inhibits TLR-independent sensing of viral replication by retinoic acid-inducible gene-I.,"Rothenfusser S, Goutagny N, DiPerna G, Gong M, Monks BG, Schoenemeyer A, Yamamoto M, Akira S, Fitzgerald KA.",J Immunol,2005,10.4049/jimmunol.175.8.5260,16210631,,467
10.1038/nm0596-545,Preclinical animal research,Immune responses to transgene-encoded proteins limit the stability of gene expression after injection of replication-defective adenovirus vectors.,"Tripathy SK, Black HB, Goldwasser E, Leiden JM.",Nat Med,1996,10.1038/nm0596-545,8616713,,467
10.1172/jci126363,Preclinical animal research,IFN-I response timing relative to virus replication determines MERS coronavirus infection outcomes.,"Channappanavar R, Fehr AR, Zheng J, Wohlford-Lenane C, Abrahante JE, Mack M, Sompallae R, McCray PB, Meyerholz DK, Perlman S.",J Clin Invest,2019,10.1172/jci126363,31355779,,462
10.1128/jvi.74.4.2046-2051.2000,Preclinical animal research,Hepatitis C virus-encoded enzymatic activities and conserved RNA elements in the 3' nontranslated region are essential for virus replication in vivo.,"Kolykhalov AA, Mihalik K, Feinstone SM, Rice CM.",J Virol,2000,10.1128/jvi.74.4.2046-2051.2000,10644379,,461
10.1084/jem.192.7.921,Preclinical animal research,Natural killer T cell activation inhibits hepatitis B virus replication in vivo.,"Kakimi K, Guidotti LG, Koezuka Y, Chisari FV.",J Exp Med,2000,10.1084/jem.192.7.921,11015434,,437
10.1016/j.biopsych.2017.08.010,Preclinical animal research,Anti-Amyloid-β Monoclonal Antibodies for Alzheimer's Disease: Pitfalls and Promise.,van Dyck CH.,Biol Psychiatry,2018,10.1016/j.biopsych.2017.08.010,28967385,review,428
10.1038/nm.4135,Preclinical animal research,p53 induces formation of NEAT1 lncRNA-containing paraspeckles that modulate replication stress response and chemosensitivity.,"Adriaens C, Standaert L, Barra J, Latil M, Verfaillie A, Kalev P, Boeckx B, Wijnhoven PW, Radaelli E, Vermi W, Leucci E, Lapouge G, Beck B, van den Oord J, Nakagawa S, Hirose T, Sablina AA, Lambrechts D, Aerts S, Blanpain C, Marine JC.",Nat Med,2016,10.1038/nm.4135,27376578,,414
10.1016/j.biopsych.2007.05.002,Preclinical animal research,Decreased adrenocorticotropic hormone and cortisol responses to stress in healthy adults reporting significant childhood maltreatment.,"Carpenter LL, Carvalho JP, Tyrka AR, Wier LM, Mello AF, Mello MF, Anderson GM, Wilkinson CW, Price LH.",Biol Psychiatry,2007,10.1016/j.biopsych.2007.05.002,17662255,,414
10.1258/la.2010.010090,Preclinical animal research,Single dose streptozotocin-induced diabetes: considerations for study design in islet transplantation models.,"Deeds MC, Anderson JM, Armstrong AS, Gastineau DA, Hiddinga HJ, Jahangir A, Eberhardt NL, Kudva YC.",Lab Anim,2011,10.1258/la.2010.010090,21478271,review,412
10.1172/jci22098,Preclinical animal research,Beta cell replication is the primary mechanism for maintaining postnatal beta cell mass.,"Georgia S, Bhushan A.",J Clin Invest,2004,10.1172/jci22098,15467835,,410
10.1016/0892-0362(92)90020-b,Preclinical animal research,Principles and pitfalls in the analysis of prenatal treatment effects in multiparous species.,"Holson RR, Pearce B.",Neurotoxicol Teratol,1992,10.1016/0892-0362(92)90020-b,1635542,,408
10.1016/j.neubiorev.2016.03.004,Preclinical animal research,Assessing anhedonia in depression: Potentials and pitfalls.,"Rizvi SJ, Pizzagalli DA, Sproule BA, Kennedy SH.",Neurosci Biobehav Rev,2016,10.1016/j.neubiorev.2016.03.004,26959336,review,408
10.1128/jvi.79.23.14933-14944.2005,Preclinical animal research,Pathogenicity of influenza viruses with genes from the 1918 pandemic virus: functional roles of alveolar macrophages and neutrophils in limiting virus replication and mortality in mice.,"Tumpey TM, García-Sastre A, Taubenberger JK, Palese P, Swayne DE, Pantin-Jackwood MJ, Schultz-Cherry S, Solórzano A, Van Rooijen N, Katz JM, Basler CF.",J Virol,2005,10.1128/jvi.79.23.14933-14944.2005,16282492,,402
10.1007/s00395-018-0696-8,Preclinical animal research,Practical guidelines for rigor and reproducibility in preclinical and clinical studies on cardioprotection.,"Bøtker HE, Hausenloy D, Andreadou I, Antonucci S, Boengler K, Davidson SM, Deshwal S, Devaux Y, Di Lisa F, Di Sante M, Efentakis P, Femminò S, García-Dorado D, Giricz Z, Ibanez B, Iliodromitis E, Kaludercic N, Kleinbongard P, Neuhäuser M, Ovize M, Pagliaro P, Rahbek-Schmidt M, Ruiz-Meana M, Schlüter KD, Schulz R, Skyschally A, Wilder C, Yellon DM, Ferdinandy P, Heusch G.",Basic Res Cardiol,2018,10.1007/s00395-018-0696-8,30120595,review,379
10.1038/ng.258,Preclinical animal research; Ecology & evolution,The mitochondrial DNA genetic bottleneck results from replication of a subpopulation of genomes.,"Wai T, Teoli D, Shoubridge EA.",Nat Genet,2008,10.1038/ng.258,19029901,,363
10.1038/nature20564,Preclinical animal research,Neutralizing human antibodies prevent Zika virus replication and fetal disease in mice.,"Sapparapu G, Fernandez E, Kose N, Bin Cao, Fox JM, Bombardi RG, Zhao H, Nelson CA, Bryan AL, Barnes T, Davidson E, Mysorekar IU, Fremont DH, Doranz BJ, Diamond MS, Crowe JE.",Nature,2016,10.1038/nature20564,27819683,,351
10.1128/jvi.79.11.7269-7272.2005,Preclinical animal research,Toll-like receptor signaling inhibits hepatitis B virus replication in vivo.,"Isogawa M, Robek MD, Furuichi Y, Chisari FV.",J Virol,2005,10.1128/jvi.79.11.7269-7272.2005,15890966,,346
10.1111/j.1474-9726.2009.00478.x,Preclinical animal research,Aging in inbred strains of mice: study design and interim report on median lifespans and circulating IGF1 levels.,"Yuan R, Tsaih SW, Petkova SB, Marin de Evsikova C, Xing S, Marion MA, Bogue MA, Mills KD, Peters LL, Bult CJ, Rosen CJ, Sundberg JP, Harrison DE, Churchill GA, Paigen B.",Aging Cell,2009,10.1111/j.1474-9726.2009.00478.x,19627267,,345
10.1128/jvi.78.7.3572-3577.2004,Preclinical animal research,Prior infection and passive transfer of neutralizing antibody prevent replication of severe acute respiratory syndrome coronavirus in the respiratory tract of mice.,"Subbarao K, McAuliffe J, Vogel L, Fahle G, Fischer S, Tatti K, Packard M, Shieh WJ, Zaki S, Murphy B.",J Virol,2004,10.1128/jvi.78.7.3572-3577.2004,15016880,,337
10.1073/pnas.1115201109,Preclinical animal research,Cyclin-dependent kinase 1 (Cdk1) is essential for cell division and suppression of DNA re-replication but not for liver regeneration.,"Diril MK, Ratnacaram CK, Padmakumar VC, Du T, Wasser M, Coppola V, Tessarollo L, Kaldis P.",Proc Natl Acad Sci U S A,2012,10.1073/pnas.1115201109,22355113,,333
10.1128/jvi.78.10.5458-5465.2004,Preclinical animal research,Properties of replication-competent vesicular stomatitis virus vectors expressing glycoproteins of filoviruses and arenaviruses.,"Garbutt M, Liebscher R, Wahl-Jensen V, Jones S, Möller P, Wagner R, Volchkov V, Klenk HD, Feldmann H, Ströher U.",J Virol,2004,10.1128/jvi.78.10.5458-5465.2004,15113924,,333
10.1084/jem.179.1.115,Preclinical animal research,The importance of nef in the induction of human immunodeficiency virus type 1 replication from primary quiescent CD4 lymphocytes.,"Spina CA, Kwoh TJ, Chowers MY, Guatelli JC, Richman DD.",J Exp Med,1994,10.1084/jem.179.1.115,7903679,,327
10.1016/j.cell.2024.05.059,Preclinical animal research,Guidelines for minimal information on cellular senescence experimentation in vivo.,"Ogrodnik M, Carlos Acosta J, Adams PD, d'Adda di Fagagna F, Baker DJ, Bishop CL, Chandra T, Collado M, Gil J, Gorgoulis V, Gruber F, Hara E, Jansen-Dürr P, Jurk D, Khosla S, Kirkland JL, Krizhanovsky V, Minamino T, Niedernhofer LJ, Passos JF, Ring NAR, Redl H, Robbins PD, Rodier F, Scharffetter-Kochanek K, Sedivy JM, Sikora E, Witwer K, von Zglinicki T, Yun MH, Grillari J, Demaria M.",Cell,2024,10.1016/j.cell.2024.05.059,39121846,review,318
10.1016/j.molcel.2015.09.012,Preclinical animal research,The Fanconi Anemia Pathway Maintains Genome Stability by Coordinating Replication and Transcription.,"Schwab RA, Nieminuszczy J, Shah F, Langton J, Lopez Martinez D, Liang CC, Cohn MA, Gibbons RJ, Deans AJ, Niedzwiedz W.",Mol Cell,2015,10.1016/j.molcel.2015.09.012,26593718,,318
10.1038/s41573-022-00558-5,Preclinical animal research,Targeting replication stress in cancer therapy.,"da Costa AABA, Chowdhury D, Shapiro GI, D'Andrea AD, Konstantinopoulos PA.",Nat Rev Drug Discov,2023,10.1038/s41573-022-00558-5,36202931,review,310
10.3758/bf03193146,Neuroscience,"G*Power 3: a flexible statistical power analysis program for the social, behavioral, and biomedical sciences.","Faul F, Erdfelder E, Lang AG, Buchner A.",Behav Res Methods,2007,10.3758/bf03193146,17695343,,31385
10.1038/nrn3475,Neuroscience,Power failure: why small sample size undermines the reliability of neuroscience.,"Button KS, Ioannidis JP, Mokrysz C, Nosek BA, Flint J, Robinson ES, Munafò MR.",Nat Rev Neurosci,2013,10.1038/nrn3475,23571845,review,4645
10.1016/j.clinph.2009.08.016,Neuroscience,"Safety, ethical considerations, and application guidelines for the use of transcranial magnetic stimulation in clinical practice and research.","Rossi S, Hallett M, Rossini PM, Pascual-Leone A, Safety of TMS Consensus Group.",Clin Neurophysiol,2009,10.1016/j.clinph.2009.08.016,19833552,review,3999
10.3389/fpubh.2018.00149,Neuroscience,"Best Practices for Developing and Validating Scales for Health, Social, and Behavioral Research: A Primer.","Boateng GO, Neilands TB, Frongillo EA, Melgar-Quiñonez HR, Young SL.",Front Public Health,2018,10.3389/fpubh.2018.00149,29942800,review,2800
10.2105/ajph.94.3.361,Neuroscience,Improving the reporting quality of nonrandomized evaluations of behavioral and public health interventions: the TREND statement.,"Des Jarlais DC, Lyles C, Crepaz N, TREND Group.",Am J Public Health,2004,10.2105/ajph.94.3.361,14998794,,1689
10.1037/0278-6133.23.5.443,Neuroscience,Enhancing treatment fidelity in health behavior change studies: best practices and recommendations from the NIH Behavior Change Consortium.,"Bellg AJ, Borrelli B, Resnick B, Hecht J, Minicucci DS, Ory M, Ogedegbe G, Orwig D, Ernst D, Czajkowski S, Treatment Fidelity Workgroup of the NIH Behavior Change Consortium.",Health Psychol,2004,10.1037/0278-6133.23.5.443,15367063,,1682
10.1002/(sici)1097-0193(1999)8:2/3<109::aid-hbm7>3.0.co;2-w,Neuroscience,Optimal experimental design for event-related fMRI.,Dale AM.,Hum Brain Mapp,1999,10.1002/(sici)1097-0193(1999)8:2/3<109::aid-hbm7>3.0.co;2-w,10524601,,1417
10.4278/0890-1171-10.4.282,Neuroscience,Translating social ecological theory into guidelines for community health promotion.,Stokols D.,Am J Health Promot,1996,10.4278/0890-1171-10.4.282,10159709,review,1411
10.1177/0013164413495237,Neuroscience,"Sample Size Requirements for Structural Equation Models: An Evaluation of Power, Bias, and Solution Propriety.","Wolf EJ, Harrington KM, Clark SL, Miller MW.",Educ Psychol Meas,2013,10.1177/0013164413495237,25705052,,1323
10.1016/j.clinph.2020.10.003,Neuroscience,"Safety and recommendations for TMS use in healthy subjects and patient populations, with updates on training, ethical and regulatory issues: Expert Guidelines.","Rossi S, Antal A, Bestmann S, Bikson M, Brewer C, Brockmöller J, Carpenter LL, Cincotta M, Chen R, Daskalakis JD, Di Lazzaro V, Fox MD, George MS, Gilbert D, Kimiskidis VK, Koch G, Ilmoniemi RJ, Lefaucheur JP, Leocani L, Lisanby SH, Miniussi C, Padberg F, Pascual-Leone A, Paulus W, Peterchev AV, Quartarone A, Rotenberg A, Rothwell J, Rossini PM, Santarnecchi E, Shafi MM, Siebner HR, Ugawa Y, Wassermann EM, Zangen A, Ziemann U, Hallett M, basis of this article began with a Consensus Statement from the IFCN Workshop on ""Present, Future of TMS: Safety, Ethical Guidelines"", Siena, October 17-20, 2018, updating through April 2020.",Clin Neurophysiol,2021,10.1016/j.clinph.2020.10.003,33243615,review,1164
25951677,Neuroscience,The Belmont Report. Ethical principles and guidelines for the protection of human subjects of research.,"Department of Health, Education, and Welfare, National Commission for the Protection of Human Subjects of Biomedical and Behavioral Research.",J Am Coll Dent,2014,,25951677,,1069
10.1016/j.neuroimage.2013.12.058,Neuroscience,Cluster-extent based thresholding in fMRI analyses: pitfalls and recommendations.,"Woo CW, Krishnan A, Wager TD.",Neuroimage,2014,10.1016/j.neuroimage.2013.12.058,24412399,,1037
10.1016/j.clinph.2017.06.001,Neuroscience,"Low intensity transcranial electric stimulation: Safety, ethical, legal regulatory and application guidelines.","Antal A, Alekseichuk I, Bikson M, Brockmöller J, Brunoni AR, Chen R, Cohen LG, Dowthwaite G, Ellrich J, Flöel A, Fregni F, George MS, Hamilton R, Haueisen J, Herrmann CS, Hummel FC, Lefaucheur JP, Liebetanz D, Loo CK, McCaig CD, Miniussi C, Miranda PC, Moliadze V, Nitsche MA, Nowak R, Padberg F, Pascual-Leone A, Poppendieck W, Priori A, Rossi S, Rossini PM, Rothwell J, Rueger MA, Ruffini G, Schellhorn K, Siebner HR, Ugawa Y, Wexler A, Ziemann U, Hallett M, Paulus W.",Clin Neurophysiol,2017,10.1016/j.clinph.2017.06.001,28709880,review,1005
10.1017/s1461145710001690,Neuroscience,A systematic review on reporting and assessment of adverse effects associated with transcranial direct current stimulation.,"Brunoni AR, Amadera J, Berbel B, Volz MS, Rizzerio BG, Fregni F.",Int J Neuropsychopharmacol,2011,10.1017/s1461145710001690,21320389,review,914
10.3389/fnsys.2015.00175,Neuroscience,A Tutorial Review of Functional Connectivity Analysis Methods and Their Interpretational Pitfalls.,"Bastos AM, Schoffelen JM.",Front Syst Neurosci,2015,10.3389/fnsys.2015.00175,26778976,review,858
10.1086/650451,Neuroscience,Systematic review of studies on compliance with hand hygiene guidelines in hospital care.,"Erasmus V, Daha TJ, Brug H, Richardus JH, Behrendt MD, Vos MC, van Beeck EF.",Infect Control Hosp Epidemiol,2010,10.1086/650451,20088678,review,651
10.1002/oby.20461,Neuroscience,"Clinical practice guidelines for the perioperative nutritional, metabolic, and nonsurgical support of the bariatric surgery patient--2013 update: cosponsored by American Association of Clinical Endocrinologists, The Obesity Society, and American Society for Metabolic & Bariatric Surgery.","Mechanick JI, Youdim A, Jones DB, Garvey WT, Hurley DL, McMahon MM, Heinberg LJ, Kushner R, Adams TD, Shikora S, Dixon JB, Brethauer S, American Association of Clinical Endocrinologists, Obesity Society, American Society for Metabolic & Bariatric Surgery.",Obesity (Silver Spring),2013,10.1002/oby.20461,23529939,,616
10.1016/j.neuroimage.2014.05.052,Neuroscience,The salience network is responsible for switching between the default mode network and the central executive network: replication from DCM.,"Goulden N, Khusnulina A, Davis NJ, Bracewell RM, Bokde AL, McNulty JP, Mullins PG.",Neuroimage,2014,10.1016/j.neuroimage.2014.05.052,24862074,,615
10.6004/jnccn.2019.0048,Neuroscience,"Distress Management, Version 3.2019, NCCN Clinical Practice Guidelines in Oncology.","Riba MB, Donovan KA, Andersen B, Braun I, Breitbart WS, Brewer BW, Buchmann LO, Clark MM, Collins M, Corbett C, Fleishman S, Garcia S, Greenberg DB, Handzo RGF, Hoofring L, Huang CH, Lally R, Martin S, McGuffey L, Mitchell W, Morrison LJ, Pailler M, Palesh O, Parnes F, Pazar JP, Ralston L, Salman J, Shannon-Dudley MM, Valentine AD, McMillian NR, Darlow SD.",J Natl Compr Canc Netw,2019,10.6004/jnccn.2019.0048,31590149,,613
10.3389/fnsys.2010.00008,Neuroscience,Advances and pitfalls in the analysis and interpretation of resting-state FMRI data.,"Cole DM, Smith SM, Beckmann CF.",Front Syst Neurosci,2010,10.3389/fnsys.2010.00008,20407579,,608
10.1038/nn.3085,Neuroscience,"The neuroscience of empathy: progress, pitfalls and promise.","Zaki J, Ochsner KN.",Nat Neurosci,2012,10.1038/nn.3085,22504346,,598
10.1016/j.neuroimage.2016.10.038,Neuroscience,"Assessing and tuning brain decoders: Cross-validation, caveats, and guidelines.","Varoquaux G, Raamana PR, Engemann DA, Hoyos-Idrobo A, Schwartz Y, Thirion B.",Neuroimage,2017,10.1016/j.neuroimage.2016.10.038,27989847,review,590
10.1016/j.neuroimage.2013.04.087,Neuroscience,"Graph analysis of the human connectome: promise, progress, and pitfalls.","Fornito A, Zalesky A, Breakspear M.",Neuroimage,2013,10.1016/j.neuroimage.2013.04.087,23643999,review,585
10.1161/circ.104.17.2118,Neuroscience,ACC/AHA/ESC Guidelines for the Management of Patients With Atrial Fibrillation: Executive Summary A Report of the American College of Cardiology/American Heart Association Task Force on Practice Guidelines and the European Society of Cardiology Committee for Practice Guidelines and Policy Conferences (Committee to Develop Guidelines for the Management of Patients With Atrial Fibrillation) Developed in Collaboration With the North American Society of Pacing and Electrophysiology.,"Fuster V, Rydén LE, Asinger RW, Cannom DS, Crijns HJ, Frye RL, Halperin JL, Kay GN, Klein WW, Lévy S, McNamara RL, Prystowsky EN, Wann LS, Wyse DG, Gibbons RJ, Antman EM, Alpert JS, Faxon DP, Fuster V, Gregoratos G, Hiratzka LF, Jacobs AK, Russell RO, Smith SC, Klein WW, Alonso-Garcia A, Blomström-Lundqvist C, de Backer G, Flather M, Hradec J, Oto A, Parkhomenko A, Silber S, Torbicki A, American College of Cardiology/American Heart Association Task Force on Practice Guidelines, European Society of Cardiology Committee for Practice Guidelines and Policy Conferences (Committee to Develop Guidelines for the Management of Patients With Atrial Fibrillation), North American Society of Pacing and Electrophysiology.",Circulation,2001,10.1161/circ.104.17.2118,11673357,,577
10.1016/j.neuroimage.2012.10.001,Neuroscience,Good practice for conducting and reporting MEG research.,"Gross J, Baillet S, Barnes GR, Henson RN, Hillebrand A, Jensen O, Jerbi K, Litvak V, Maess B, Oostenveld R, Parkkonen L, Taylor JR, van Wassenhove V, Wibral M, Schoffelen JM.",Neuroimage,2013,10.1016/j.neuroimage.2012.10.001,23046981,,570
10.1542/peds.2015-4256,Neuroscience,Updated Clinical Guidelines for Diagnosing Fetal Alcohol Spectrum Disorders.,"Hoyme HE, Kalberg WO, Elliott AJ, Blankenship J, Buckley D, Marais AS, Manning MA, Robinson LK, Adam MP, Abdul-Rahman O, Jewett T, Coles CD, Chambers C, Jones KL, Adnams CM, Shah PE, Riley EP, Charness ME, Warren KR, May PA.",Pediatrics,2016,10.1542/peds.2015-4256,27464676,,560
10.1038/nn.4500,Neuroscience,Best practices in data analysis and sharing in neuroimaging using MRI.,"Nichols TE, Das S, Eickhoff SB, Evans AC, Glatard T, Hanke M, Kriegeskorte N, Milham MP, Poldrack RA, Poline JB, Proal E, Thirion B, Van Essen DC, White T, Yeo BT.",Nat Neurosci,2017,10.1038/nn.4500,28230846,review,545
10.1249/mss.0b013e3182399e5b,Neuroscience,Best practices for using physical activity monitors in population-based research.,"Matthews CE, Hagströmer M, Pober DM, Bowles HR.",Med Sci Sports Exerc,2012,10.1249/mss.0b013e3182399e5b,22157777,review,511
10.1016/s0165-0270(02)00121-8,Neuroscience,Estimating sample size in functional MRI (fMRI) neuroimaging studies: statistical power analyses.,"Desmond JE, Glover GH.",J Neurosci Methods,2002,10.1016/s0165-0270(02)00121-8,12204303,,487
10.1016/s0735-1097(01)01587-x,Neuroscience,ACC/AHA/ESC guidelines for the management of patients with atrial fibrillation: executive summary. A Report of the American College of Cardiology/ American Heart Association Task Force on Practice Guidelines and the European Society of Cardiology Committee for Practice Guidelines and Policy Conferences (Committee to Develop Guidelines for the Management of Patients With Atrial Fibrillation): developed in Collaboration With the North American Society of Pacing and Electrophysiology.,"Fuster V, Rydén LE, Asinger RW, Cannom DS, Crijns HJ, Frye RL, Halperin JL, Kay GN, Klein WW, Lévy S, McNamara RL, Prystowsky EN, Wann LS, Wyse DG, Gibbons RJ, Antman EM, Alpert JS, Faxon DP, Fuster V, Gregoratos G, Hiratzka LF, Jacobs AK, Russell RO, Smith SC, Klein WW, Alonso-Garcia A, Blomström-Lundqvist C, De Backer G, Flather M, Hradec J, Oto A, Parkhomenko A, Silber S, Torbicki A, American College of Cardiology/American Heart Association/European Society of Cardiology Board.",J Am Coll Cardiol,2001,10.1016/s0735-1097(01)01587-x,11583910,,487
10.1016/j.brainresrev.2006.08.002,Neuroscience,"BrdU immunohistochemistry for studying adult neurogenesis: paradigms, pitfalls, limitations, and validation.",Taupin P.,Brain Res Rev,2007,10.1016/j.brainresrev.2006.08.002,17020783,review,479
10.7326/0003-4819-156-11-201206050-00419,Neuroscience,Guidelines for improving entry into and retention in care and antiretroviral adherence for persons with HIV: evidence-based recommendations from an International Association of Physicians in AIDS Care panel.,"Thompson MA, Mugavero MJ, Amico KR, Cargill VA, Chang LW, Gross R, Orrell C, Altice FL, Bangsberg DR, Bartlett JG, Beckwith CG, Dowshen N, Gordon CM, Horn T, Kumar P, Scott JD, Stirratt MJ, Remien RH, Simoni JM, Nachega JB.",Ann Intern Med,2012,10.7326/0003-4819-156-11-201206050-00419,22393036,,475
10.1207/s15324796abm2403_09,Neuroscience,"Capturing momentary, self-report data: a proposal for reporting guidelines.","Stone AA, Shiffman S.",Ann Behav Med,2002,10.1207/s15324796abm2403_09,12173681,,466
10.1016/j.soard.2012.12.010,Neuroscience,"Clinical practice guidelines for the perioperative nutritional, metabolic, and nonsurgical support of the bariatric surgery patient--2013 update: cosponsored by American Association of Clinical Endocrinologists, the Obesity Society, and American Society for Metabolic & Bariatric Surgery.","Mechanick JI, Youdim A, Jones DB, Timothy Garvey W, Hurley DL, Molly McMahon M, Heinberg LJ, Kushner R, Adams TD, Shikora S, Dixon JB, Brethauer S.",Surg Obes Relat Dis,2013,10.1016/j.soard.2012.12.010,23537696,,426
10.1016/j.neuron.2018.03.044,Neuroscience,"A Task-Optimized Neural Network Replicates Human Auditory Behavior, Predicts Brain Responses, and Reveals a Cortical Processing Hierarchy.","Kell AJE, Yamins DLK, Shook EN, Norman-Haignere SV, McDermott JH.",Neuron,2018,10.1016/j.neuron.2018.03.044,29681533,,406
10.1007/s00259-009-1264-0,Neuroscience,"EANM procedure guidelines for PET brain imaging using [18F]FDG, version 2.","Varrone A, Asenbaum S, Vander Borght T, Booij J, Nobili F, Någren K, Darcourt J, Kapucu OL, Tatsch K, Bartenstein P, Van Laere K, European Association of Nuclear Medicine Neuroimaging Committee.",Eur J Nucl Med Mol Imaging,2009,10.1007/s00259-009-1264-0,19838705,,400
10.1016/j.neuroimage.2018.03.049,Neuroscience,The UNC/UMN Baby Connectome Project (BCP): An overview of the study design and protocol development.,"Howell BR, Styner MA, Gao W, Yap PT, Wang L, Baluyot K, Yacoub E, Chen G, Potts T, Salzwedel A, Li G, Gilmore JH, Piven J, Smith JK, Shen D, Ugurbil K, Zhu H, Lin W, Elison JT.",Neuroimage,2019,10.1016/j.neuroimage.2018.03.049,29578031,review,390
10.1111/j.1745-6924.2009.01127.x,Neuroscience,Big Correlations in Little Studies: Inflated fMRI Correlations Reflect Low Statistical Power-Commentary on Vul et al. (2009).,Yarkoni T.,Perspect Psychol Sci,2009,10.1111/j.1745-6924.2009.01127.x,26158966,,389
10.1016/j.jalz.2012.09.012,Neuroscience,The Finnish Geriatric Intervention Study to Prevent Cognitive Impairment and Disability (FINGER): study design and progress.,"Kivipelto M, Solomon A, Ahtiluoto S, Ngandu T, Lehtisalo J, Antikainen R, Bäckman L, Hänninen T, Jula A, Laatikainen T, Lindström J, Mangialasche F, Nissinen A, Paajanen T, Pajala S, Peltonen M, Rauramaa R, Stigsdotter-Neely A, Strandberg T, Tuomilehto J, Soininen H.",Alzheimers Dement,2013,10.1016/j.jalz.2012.09.012,23332672,,372
10.1016/j.neuroimage.2007.11.048,Neuroscience,Guidelines for reporting an fMRI study.,"Poldrack RA, Fletcher PC, Henson RN, Worsley KJ, Brett M, Nichols TE.",Neuroimage,2008,10.1016/j.neuroimage.2007.11.048,18191585,,369
10.1111/j.1468-1331.2010.02969.x,Neuroscience,EFNS guidelines on neuropathic pain assessment: revised 2009.,"Cruccu G, Sommer C, Anand P, Attal N, Baron R, Garcia-Larrea L, Haanpaa M, Jensen TS, Serra J, Treede RD.",Eur J Neurol,2010,10.1111/j.1468-1331.2010.02969.x,20298428,review,360
10.1093/neuonc/now241,Neuroscience,Diagnosis and treatment of brain metastases from solid tumors: guidelines from the European Association of Neuro-Oncology (EANO).,"Soffietti R, Abacioglu U, Baumert B, Combs SE, Kinhult S, Kros JM, Marosi C, Metellus P, Radbruch A, Villa Freixa SS, Brada M, Carapella CM, Preusser M, Le Rhun E, Rudà R, Tonn JC, Weber DC, Weller M.",Neuro Oncol,2017,10.1093/neuonc/now241,28391295,review,359
10.6004/jnccn.2003.0031,Neuroscience,Distress management. Clinical practice guidelines.,National Comprehensive Cancer Network.,J Natl Compr Canc Netw,2003,10.6004/jnccn.2003.0031,19761069,,347
10.1016/j.neuroimage.2020.117164,Neuroscience; Ecology & evolution,Sample size evolution in neuroimaging research: An evaluation of highly-cited studies (1990-2012) and of latest practices (2017-2018) in high-impact journals.,"Szucs D, Ioannidis JP.",Neuroimage,2020,10.1016/j.neuroimage.2020.117164,32679253,,344
10.1038/sdata.2014.49,Neuroscience,An open science resource for establishing reliability and reproducibility in functional connectomics.,"Zuo XN, Anderson JS, Bellec P, Birn RM, Biswal BB, Blautzik J, Breitner JC, Buckner RL, Calhoun VD, Castellanos FX, Chen A, Chen B, Chen J, Chen X, Colcombe SJ, Courtney W, Craddock RC, Di Martino A, Dong HM, Fu X, Gong Q, Gorgolewski KJ, Han Y, He Y, He Y, Ho E, Holmes A, Hou XH, Huckins J, Jiang T, Jiang Y, Kelley W, Kelly C, King M, LaConte SM, Lainhart JE, Lei X, Li HJ, Li K, Li K, Lin Q, Liu D, Liu J, Liu X, Liu Y, Lu G, Lu J, Luna B, Luo J, Lurie D, Mao Y, Margulies DS, Mayer AR, Meindl T, Meyerand ME, Nan W, Nielsen JA, O'Connor D, Paulsen D, Prabhakaran V, Qi Z, Qiu J, Shao C, Shehzad Z, Tang W, Villringer A, Wang H, Wang K, Wei D, Wei GX, Weng XC, Wu X, Xu T, Yang N, Yang Z, Zang YF, Zhang L, Zhang Q, Zhang Z, Zhang Z, Zhao K, Zhen Z, Zhou Y, Zhu XT, Milham MP.",Sci Data,2014,10.1038/sdata.2014.49,25977800,,344
10.1016/j.neuron.2015.05.025,Neuroscience,"A Primer on Pattern-Based Approaches to fMRI: Principles, Pitfalls, and Perspectives.",Haynes JD.,Neuron,2015,10.1016/j.neuron.2015.05.025,26182413,review,329
10.1111/j.1468-1331.2010.03040.x,Neuroscience,EFNS guidelines for the diagnosis and management of Alzheimer's disease.,"Hort J, O'Brien JT, Gainotti G, Pirttila T, Popescu BO, Rektorova I, Sorbi S, Scheltens P, EFNS Scientist Panel on Dementia.",Eur J Neurol,2010,10.1111/j.1468-1331.2010.03040.x,20831773,,324
10.1161/cir.0b013e31820d8d78,Neuroscience,"2011 ASA/ACCF/AHA/AANN/AANS/ACR/ASNR/CNS/SAIP/SCAI/SIR/SNIS/SVM/SVS guideline on the management of patients with extracranial carotid and vertebral artery disease: executive summary. A report of the American College of Cardiology Foundation/American Heart Association Task Force on Practice Guidelines, and the American Stroke Association, American Association of Neuroscience Nurses, American Association of Neurological Surgeons, American College of Radiology, American Society of Neuroradiology, Congress of Neurological Surgeons, Society of Atherosclerosis Imaging and Prevention, Society for Cardiovascular Angiography and Interventions, Society of Interventional Radiology, Society of NeuroInterventional Surgery, Society for Vascular Medicine, and Society for Vascular Surgery.","Brott TG, Halperin JL, Abbara S, Bacharach JM, Barr JD, Bush RL, Cates CU, Creager MA, Fowler SB, Friday G, Hertzberg VS, McIff EB, Moore WS, Panagos PD, Riles TS, Rosenwasser RH, Taylor AJ, American College of Cardiology Foundation, American Stroke Association, American Association of Neurological Surgeons, American College of Radiology, American Society of Neuroradiology, Congress of Neurological Surgeons, Society of  Atherosclerosis Imaging and Prevention, Society for Cardiovascular Angiography and Interventions, Society of Interventional Radiology, Society of NeuroInterventional Surgery, Society for Vascular Medicine, Society for Vascular Surgery.",Circulation,2011,10.1161/cir.0b013e31820d8d78,21282505,,318
10.1007/s10654-006-9022-0,Neuroscience,The Generation R Study: Design and cohort profile.,"Jaddoe VW, Mackenbach JP, Moll HA, Steegers EA, Tiemeier H, Verhulst FC, Witteman JC, Hofman A.",Eur J Epidemiol,2006,10.1007/s10654-006-9022-0,16826450,,316
10.1016/s1053-8119(02)00046-0,Neuroscience,Optimization of experimental design in fMRI: a general framework using a genetic algorithm.,"Wager TD, Nichols TE.",Neuroimage,2003,10.1016/s1053-8119(02)00046-0,12595184,,315
10.1038/tp.2016.73,Neuroscience,Guidelines for Reporting Articles on Psychiatry and Heart rate variability (GRAPH): recommendations to advance research communication.,"Quintana DS, Alvares GA, Heathers JA.",Transl Psychiatry,2016,10.1038/tp.2016.73,27163204,review,308
10.3322/canjclin.56.1.11,Neuroscience,"American Cancer Society guidelines for the early detection of cancer, 2006.","Smith RA, Cokkinides V, Eyre HJ.",CA Cancer J Clin,2006,10.3322/canjclin.56.1.11,16449183,review,305
10.1136/bmj.b2700,Ecology & evolution,The PRISMA statement for reporting systematic reviews and meta-analyses of studies that evaluate healthcare interventions: explanation and elaboration.,"Liberati A, Altman DG, Tetzlaff J, Mulrow C, Gøtzsche PC, Ioannidis JP, Clarke M, Devereaux PJ, Kleijnen J, Moher D.",BMJ,2009,10.1136/bmj.b2700,19622552,review,13460
10.1371/journal.pmed.1000100,Ecology & evolution,The PRISMA statement for reporting systematic reviews and meta-analyses of studies that evaluate health care interventions: explanation and elaboration.,"Liberati A, Altman DG, Tetzlaff J, Mulrow C, Gøtzsche PC, Ioannidis JP, Clarke M, Devereaux PJ, Kleijnen J, Moher D.",PLoS Med,2009,10.1371/journal.pmed.1000100,19621070,review,10523
10.1080/20013078.2018.1535750,Ecology & evolution,Minimal information for studies of extracellular vesicles 2018 (MISEV2018): a position statement of the International Society for Extracellular Vesicles and update of the MISEV2014 guidelines.,"Théry C, Witwer KW, Aikawa E, Alcaraz MJ, Anderson JD, Andriantsitohaina R, Antoniou A, Arab T, Archer F, Atkin-Smith GK, Ayre DC, Bach JM, Bachurski D, Baharvand H, Balaj L, Baldacchino S, Bauer NN, Baxter AA, Bebawy M, Beckham C, Bedina Zavec A, Benmoussa A, Berardi AC, Bergese P, Bielska E, Blenkiron C, Bobis-Wozowicz S, Boilard E, Boireau W, Bongiovanni A, Borràs FE, Bosch S, Boulanger CM, Breakefield X, Breglio AM, Brennan MÁ, Brigstock DR, Brisson A, Broekman ML, Bromberg JF, Bryl-Górecka P, Buch S, Buck AH, Burger D, Busatto S, Buschmann D, Bussolati B, Buzás EI, Byrd JB, Camussi G, Carter DR, Caruso S, Chamley LW, Chang YT, Chen C, Chen S, Cheng L, Chin AR, Clayton A, Clerici SP, Cocks A, Cocucci E, Coffey RJ, Cordeiro-da-Silva A, Couch Y, Coumans FA, Coyle B, Crescitelli R, Criado MF, D'Souza-Schorey C, Das S, Datta Chaudhuri A, de Candia P, De Santana EF, De Wever O, Del Portillo HA, Demaret T, Deville S, Devitt A, Dhondt B, Di Vizio D, Dieterich LC, Dolo V, Dominguez Rubio AP, Dominici M, Dourado MR, Driedonks TA, Duarte FV, Duncan HM, Eichenberger RM, Ekström K, El Andaloussi S, Elie-Caille C, Erdbrügger U, Falcón-Pérez JM, Fatima F, Fish JE, Flores-Bellver M, Försönits A, Frelet-Barrand A, Fricke F, Fuhrmann G, Gabrielsson S, Gámez-Valero A, Gardiner C, Gärtner K, Gaudin R, Gho YS, Giebel B, Gilbert C, Gimona M, Giusti I, Goberdhan DC, Görgens A, Gorski SM, Greening DW, Gross JC, Gualerzi A, Gupta GN, Gustafson D, Handberg A, Haraszti RA, Harrison P, Hegyesi H, Hendrix A, Hill AF, Hochberg FH, Hoffmann KF, Holder B, Holthofer H, Hosseinkhani B, Hu G, Huang Y, Huber V, Hunt S, Ibrahim AG, Ikezu T, Inal JM, Isin M, Ivanova A, Jackson HK, Jacobsen S, Jay SM, Jayachandran M, Jenster G, Jiang L, Johnson SM, Jones JC, Jong A, Jovanovic-Talisman T, Jung S, Kalluri R, Kano SI, Kaur S, Kawamura Y, Keller ET, Khamari D, Khomyakova E, Khvorova A, Kierulf P, Kim KP, Kislinger T, Klingeborn M, Klinke DJ, Kornek M, Kosanović MM, Kovács ÁF, Krämer-Albers EM, Krasemann S, Krause M, Kurochkin IV, Kusuma GD, Kuypers S, Laitinen S, Langevin SM, Languino LR, Lannigan J, Lässer C, Laurent LC, Lavieu G, Lázaro-Ibáñez E, Le Lay S, Lee MS, Lee YXF, Lemos DS, Lenassi M, Leszczynska A, Li IT, Liao K, Libregts SF, Ligeti E, Lim R, Lim SK, Linē A, Linnemannstöns K, Llorente A, Lombard CA, Lorenowicz MJ, Lörincz ÁM, Lötvall J, Lovett J, Lowry MC, Loyer X, Lu Q, Lukomska B, Lunavat TR, Maas SL, Malhi H, Marcilla A, Mariani J, Mariscal J, Martens-Uzunova ES, Martin-Jaular L, Martinez MC, Martins VR, Mathieu M, Mathivanan S, Maugeri M, McGinnis LK, McVey MJ, Meckes DG, Meehan KL, Mertens I, Minciacchi VR, Möller A, Møller Jørgensen M, Morales-Kastresana A, Morhayim J, Mullier F, Muraca M, Musante L, Mussack V, Muth DC, Myburgh KH, Najrana T, Nawaz M, Nazarenko I, Nejsum P, Neri C, Neri T, Nieuwland R, Nimrichter L, Nolan JP, Nolte-'t Hoen EN, Noren Hooten N, O'Driscoll L, O'Grady T, O'Loghlen A, Ochiya T, Olivier M, Ortiz A, Ortiz LA, Osteikoetxea X, Østergaard O, Ostrowski M, Park J, Pegtel DM, Peinado H, Perut F, Pfaffl MW, Phinney DG, Pieters BC, Pink RC, Pisetsky DS, Pogge von Strandmann E, Polakovicova I, Poon IK, Powell BH, Prada I, Pulliam L, Quesenberry P, Radeghieri A, Raffai RL, Raimondo S, Rak J, Ramirez MI, Raposo G, Rayyan MS, Regev-Rudzki N, Ricklefs FL, Robbins PD, Roberts DD, Rodrigues SC, Rohde E, Rome S, Rouschop KM, Rughetti A, Russell AE, Saá P, Sahoo S, Salas-Huenuleo E, Sánchez C, Saugstad JA, Saul MJ, Schiffelers RM, Schneider R, Schøyen TH, Scott A, Shahaj E, Sharma S, Shatnyeva O, Shekari F, Shelke GV, Shetty AK, Shiba K, Siljander PR, Silva AM, Skowronek A, Snyder OL, Soares RP, Sódar BW, Soekmadji C, Sotillo J, Stahl PD, Stoorvogel W, Stott SL, Strasser EF, Swift S, Tahara H, Tewari M, Timms K, Tiwari S, Tixeira R, Tkach M, Toh WS, Tomasini R, Torrecilhas AC, Tosar JP, Toxavidis V, Urbanelli L, Vader P, van Balkom BW, van der Grein SG, Van Deun J, van Herwijnen MJ, Van Keuren-Jensen K, van Niel G, van Royen ME, van Wijnen AJ, Vasconcelos MH, Vechetti IJ, Veit TD, Vella LJ, Velot É, Verweij FJ, Vestad B, Viñas JL, Visnovitz T, Vukman KV, Wahlgren J, Watson DC, Wauben MH, Weaver A, Webber JP, Weber V, Wehman AM, Weiss DJ, Welsh JA, Wendt S, Wheelock AM, Wiener Z, Witte L, Wolfram J, Xagorari A, Xander P, Xu J, Yan X, Yáñez-Mó M, Yin H, Yuana Y, Zappulli V, Zarubova J, Žėkas V, Zhang JY, Zhao Z, Zheng L, Zheutlin AR, Zickler AM, Zimmermann P, Zivkovic AM, Zocco D, Zuba-Surma EK.",J Extracell Vesicles,2018,10.1080/20013078.2018.1535750,30637094,,9330
10.1016/j.jclinepi.2009.06.006,Ecology & evolution,The PRISMA statement for reporting systematic reviews and meta-analyses of studies that evaluate health care interventions: explanation and elaboration.,"Liberati A, Altman DG, Tetzlaff J, Mulrow C, Gøtzsche PC, Ioannidis JP, Clarke M, Devereaux PJ, Kleijnen J, Moher D.",J Clin Epidemiol,2009,10.1016/j.jclinepi.2009.06.006,19631507,review,7669
10.7326/m14-2385,Ecology & evolution,The PRISMA extension statement for reporting of systematic reviews incorporating network meta-analyses of health care interventions: checklist and explanations.,"Hutton B, Salanti G, Caldwell DM, Chaimani A, Schmid CH, Cameron C, Ioannidis JP, Straus S, Thorlund K, Jansen JP, Mulrow C, Catalá-López F, Gøtzsche PC, Dickersin K, Boutron I, Altman DG, Moher D.",Ann Intern Med,2015,10.7326/m14-2385,26030634,,6188
10.1371/journal.pmed.1001885,Ecology & evolution,The REporting of studies Conducted using Observational Routinely-collected health Data (RECORD) statement.,"Benchimol EI, Smeeth L, Guttmann A, Harron K, Moher D, Petersen I, Sørensen HT, von Elm E, Langan SM, RECORD Working Committee.",PLoS Med,2015,10.1371/journal.pmed.1001885,26440803,,4577
10.7326/0003-4819-151-4-200908180-00136,Ecology & evolution,The PRISMA statement for reporting systematic reviews and meta-analyses of studies that evaluate health care interventions: explanation and elaboration.,"Liberati A, Altman DG, Tetzlaff J, Mulrow C, Gøtzsche PC, Ioannidis JP, Clarke M, Devereaux PJ, Kleijnen J, Moher D.",Ann Intern Med,2009,10.7326/0003-4819-151-4-200908180-00136,19622512,review,4301
10.1126/science.278.5341.1291,Ecology & evolution,Recovery of replication-competent HIV despite prolonged suppression of plasma viremia.,"Wong JK, Hezareh M, Günthard HF, Havlir DV, Ignacio CC, Spina CA, Richman DD.",Science,1997,10.1126/science.278.5341.1291,9360926,,1701
10.1128/mr.58.3.491-562.1994,Ecology & evolution,"The alphaviruses: gene expression, replication, and evolution.","Strauss JH, Strauss EG.",Microbiol Rev,1994,10.1128/mr.58.3.491-562.1994,7968923,review,1517
10.1186/s12943-023-01740-y,Ecology & evolution,"Lung cancer immunotherapy: progress, pitfalls, and promises.","Lahiri A, Maji A, Potdar PD, Singh N, Parikh P, Bisht B, Mukherjee A, Paul MK.",Mol Cancer,2023,10.1186/s12943-023-01740-y,36810079,review,857
10.1146/annurev.biochem.69.1.497,Ecology & evolution,DNA replication fidelity.,"Kunkel TA, Bebenek K.",Annu Rev Biochem,2000,10.1146/annurev.biochem.69.1.497,10966467,review,734
10.1046/j.1365-294x.2001.01185.x,Ecology & evolution,Estimating the probability of identity among genotypes in natural populations: cautions and guidelines.,"Waits LP, Luikart G, Taberlet P.",Mol Ecol,2001,10.1046/j.1365-294x.2001.01185.x,11251803,,611
10.1056/nejm199905273402101,Ecology & evolution,Quantifying residual HIV-1 replication in patients receiving combination antiretroviral therapy.,"Zhang L, Ramratnam B, Tenner-Racz K, He Y, Vesanen M, Lewin S, Talal A, Racz P, Perelson AS, Korber BT, Markowitz M, Ho DD.",N Engl J Med,1999,10.1056/nejm199905273402101,10341272,,576
10.1001/jama.2009.205,Ecology & evolution,Scientific evidence underlying the ACC/AHA clinical practice guidelines.,"Tricoci P, Allen JM, Kramer JM, Califf RM, Smith SC.",JAMA,2009,10.1001/jama.2009.205,19244190,,573
10.1016/j.jvs.2014.12.009,Ecology & evolution,Society for Vascular Surgery practice guidelines for atherosclerotic occlusive disease of the lower extremities: management of asymptomatic disease and claudication.,"Society for Vascular Surgery Lower Extremity Guidelines Writing Group, Conte MS, Pomposelli FB, Clair DG, Geraghty PJ, McKinsey JF, Mills JL, Moneta GL, Murad MH, Powell RJ, Reed AB, Schanzer A, Sidawy AN, Society for Vascular Surgery.",J Vasc Surg,2015,10.1016/j.jvs.2014.12.009,25638515,review,566
10.1038/nature16933,Ecology & evolution,Persistent HIV-1 replication maintains the tissue reservoir during therapy.,"Lorenzo-Redondo R, Fryer HR, Bedford T, Kim EY, Archer J, Pond SLK, Chung YS, Penugonda S, Chipman J, Fletcher CV, Schacker TW, Malim MH, Rambaut A, Haase AT, McLean AR, Wolinsky SM.",Nature,2016,10.1038/nature16933,26814962,,553
10.1073/pnas.92.10.4641,Ecology & evolution,Rolling replication of short DNA circles.,"Fire A, Xu SQ.",Proc Natl Acad Sci U S A,1995,10.1073/pnas.92.10.4641,7753856,,536
10.1146/annurev.biochem.76.060305.152028,Ecology & evolution,DNA replication and transcription in mammalian mitochondria.,"Falkenberg M, Larsson NG, Gustafsson CM.",Annu Rev Biochem,2007,10.1146/annurev.biochem.76.060305.152028,17408359,review,493
10.1038/s41586-021-03361-1,Ecology & evolution,SARS-CoV-2 spike D614G change enhances replication and transmission.,"Zhou B, Thao TTN, Hoffmann D, Taddeo A, Ebert N, Labroussaa F, Pohlmann A, King J, Steiner S, Kelly JN, Portmann J, Halwe NJ, Ulrich L, Trüeb BS, Fan X, Hoffmann B, Wang L, Thomann L, Lin X, Stalder H, Pozzi B, de Brot S, Jiang N, Cui D, Hossain J, Wilson MM, Keller MW, Stark TJ, Barnes JR, Dijkman R, Jores J, Benarafa C, Wentworth DE, Thiel V, Beer M.",Nature,2021,10.1038/s41586-021-03361-1,33636719,,457
10.1186/s12889-017-4859-6,Ecology & evolution,"Canadian 24-Hour Movement Guidelines for the Early Years (0-4 years): An Integration of Physical Activity, Sedentary Behaviour, and Sleep.","Tremblay MS, Chaput JP, Adamo KB, Aubert S, Barnes JD, Choquette L, Duggan M, Faulkner G, Goldfield GS, Gray CE, Gruber R, Janson K, Janssen I, Janssen X, Jaramillo Garcia A, Kuzik N, LeBlanc C, MacLean J, Okely AD, Poitras VJ, Rayner ME, Reilly JJ, Sampson M, Spence JC, Timmons BW, Carson V.",BMC Public Health,2017,10.1186/s12889-017-4859-6,29219102,,427
10.1016/s0092-8674(00)81601-3,Ecology & evolution,The DNA replication and damage checkpoint pathways induce transcription by inhibition of the Crt1 repressor.,"Huang M, Zhou Z, Elledge SJ.",Cell,1998,10.1016/s0092-8674(00)81601-3,9741624,,423
10.4161/rna.8.2.15013,Ecology & evolution,Coronaviruses: an RNA proofreading machine regulates replication fidelity and diversity.,"Denison MR, Graham RL, Donaldson EF, Eckerle LD, Baric RS.",RNA Biol,2011,10.4161/rna.8.2.15013,21593585,review,414
10.1080/20013078.2020.1713526,Ecology & evolution,MIFlowCyt-EV: a framework for standardized reporting of extracellular vesicle flow cytometry experiments.,"Welsh JA, Van Der Pol E, Arkesteijn GJA, Bremer M, Brisson A, Coumans F, Dignat-George F, Duggan E, Ghiran I, Giebel B, Görgens A, Hendrix A, Lacroix R, Lannigan J, Libregts SFWM, Lozano-Andrés E, Morales-Kastresana A, Robert S, De Rond L, Tertel T, Tigges J, De Wever O, Yan X, Nieuwland R, Wauben MHM, Nolan JP, Jones JC.",J Extracell Vesicles,2020,10.1080/20013078.2020.1713526,32128070,,398
10.1080/10635150290102366,Ecology & evolution,Potential applications and pitfalls of Bayesian inference of phylogeny.,"Huelsenbeck JP, Larget B, Miller RE, Ronquist F.",Syst Biol,2002,10.1080/10635150290102366,12396583,review,397
10.6004/jnccn.2017.0100,Ecology & evolution,"Kidney Cancer, Version 2.2017, NCCN Clinical Practice Guidelines in Oncology.","Motzer RJ, Jonasch E, Agarwal N, Bhayani S, Bro WP, Chang SS, Choueiri TK, Costello BA, Derweesh IH, Fishman M, Gallagher TH, Gore JL, Hancock SL, Harrison MR, Kim W, Kyriakopoulos C, LaGrange C, Lam ET, Lau C, Michaelson MD, Olencki T, Pierorazio PM, Plimack ER, Redman BG, Shuch B, Somer B, Sonpavde G, Sosman J, Dwyer M, Kumar R.",J Natl Compr Canc Netw,2017,10.6004/jnccn.2017.0100,28596261,,382
10.1038/ng.399,Ecology & evolution,"The DNA replication FoSTeS/MMBIR mechanism can generate genomic, genic and exonic complex rearrangements in humans.","Zhang F, Khajavi M, Connolly AM, Towne CF, Batish SD, Lupski JR.",Nat Genet,2009,10.1038/ng.399,19543269,,377
10.3748/wjg.v24.i30.3361,Ecology & evolution,Current guidelines for the management of non-alcoholic fatty liver disease: A systematic review with comparative analysis.,"Leoni S, Tovoli F, Napoli L, Serio I, Ferri S, Bolondi L.",World J Gastroenterol,2018,10.3748/wjg.v24.i30.3361,30122876,review,356
10.1002/ieam.244,Ecology & evolution,"Trophic magnification factors: considerations of ecology, ecosystems, and study design.","Borgå K, Kidd KA, Muir DC, Berglund O, Conder JM, Gobas FA, Kucklick J, Malm O, Powell DE.",Integr Environ Assess Manag,2012,10.1002/ieam.244,21674770,,351
10.1038/nature05976,Ecology & evolution,Replication and protection of telomeres.,"Verdun RE, Karlseder J.",Nature,2007,10.1038/nature05976,17581575,review,351
10.1093/oxfordjournals.molbev.a025706,Ecology & evolution,Two novel gene orders and the role of light-strand replication in rearrangement of the vertebrate mitochondrial genome.,"Macey JR, Larson A, Ananjeva NB, Fang Z, Papenfuss TJ.",Mol Biol Evol,1997,10.1093/oxfordjournals.molbev.a025706,9000757,,332
10.1053/gast.1996.v110.pm8536853,Ecology & evolution,A longitudinal analysis of hepatitis C virus replication following liver transplantation.,"Gane EJ, Naoumov NV, Qian KP, Mondelli MU, Maertens G, Portmann BC, Lau JY, Williams R.",Gastroenterology,1996,10.1053/gast.1996.v110.pm8536853,8536853,,332
10.1146/annurev.genet.41.110306.130308,Ecology & evolution,Cell cycle regulation of DNA replication.,"Sclafani RA, Holzen TM.",Annu Rev Genet,2007,10.1146/annurev.genet.41.110306.130308,17630848,review,328
10.1371/journal.pone.0090234,Ecology & evolution,"Sequence depth, not PCR replication, improves ecological inference from next generation DNA sequencing.","Smith DP, Peay KG.",PLoS One,2014,10.1371/journal.pone.0090234,24587293,,325
10.1128/jvi.06157-11,Ecology & evolution,Generation of transmitted/founder HIV-1 infectious molecular clones and characterization of their replication capacity in CD4 T lymphocytes and monocyte-derived macrophages.,"Ochsenbauer C, Edmonds TG, Ding H, Keele BF, Decker J, Salazar MG, Salazar-Gonzalez JF, Shattock R, Haynes BF, Shaw GM, Hahn BH, Kappes JC.",J Virol,2012,10.1128/jvi.06157-11,22190722,,325
10.1038/nrm2976,Ecology & evolution,Eukaryotic DNA replication origins: many choices for appropriate answers.,Méchali M.,Nat Rev Mol Cell Biol,2010,10.1038/nrm2976,20861881,review,322
10.1111/nph.17072,Ecology & evolution,"Root traits as drivers of plant and ecosystem functioning: current understanding, pitfalls and future research needs.","Freschet GT, Roumet C, Comas LH, Weemstra M, Bengough AG, Rewald B, Bardgett RD, De Deyn GB, Johnson D, Klimešová J, Lukac M, McCormack ML, Meier IC, Pagès L, Poorter H, Prieto I, Wurzburger N, Zadworny M, Bagniewska-Zadworna A, Blancaflor EB, Brunner I, Gessler A, Hobbie SE, Iversen CM, Mommer L, Picon-Cochard C, Postma JA, Rose L, Ryser P, Scherer-Lorenzen M, Soudzilovskaia NA, Sun T, Valverde-Barrantes OJ, Weigelt A, York LM, Stokes A.",New Phytol,2021,10.1111/nph.17072,33159479,,319
10.1101/cshperspect.a010132,Ecology & evolution,DNA replication timing.,"Rhind N, Gilbert DM.",Cold Spring Harb Perspect Biol,2013,10.1101/cshperspect.a010132,23838440,review,318
10.1111/brv.12721,Ecology & evolution,Preferred reporting items for systematic reviews and meta-analyses in ecology and evolutionary biology: a PRISMA extension.,"O'Dea RE, Lagisz M, Jennions MD, Koricheva J, Noble DWA, Parker TH, Gurevitch J, Page MJ, Stewart G, Moher D, Nakagawa S.",Biol Rev Camb Philos Soc,2021,10.1111/brv.12721,33960637,,295
10.1128/jvi.01296-07,Ecology & evolution,High fidelity of murine hepatitis virus replication is decreased in nsp14 exoribonuclease mutants.,"Eckerle LD, Lu X, Sperry SM, Choi L, Denison MR.",J Virol,2007,10.1128/jvi.01296-07,17804504,,288
10.1160/th16-11-0876,Ecology & evolution,"Stroke prevention in atrial fibrillation: Past, present and future. Comparing the guidelines and practical decision-making.","Lip G, Freedman B, De Caterina R, Potpara TS.",Thromb Haemost,2017,10.1160/th16-11-0876,28597905,review,286
10.1016/j.sbi.2009.04.003,Ecology & evolution,Advances and pitfalls of protein structural alignment.,"Hasegawa H, Holm L.",Curr Opin Struct Biol,2009,10.1016/j.sbi.2009.04.003,19481444,review,281
10.1073/pnas.071052198,Ecology & evolution,Directed evolution of polymerase function by compartmentalized self-replication.,"Ghadessy FJ, Ong JL, Holliger P.",Proc Natl Acad Sci U S A,2001,10.1073/pnas.071052198,11274352,,281
10.1093/genetics/150.3.1217,Ecology & evolution,Comparative mapping between Arabidopsis thaliana and Brassica nigra indicates that Brassica genomes have evolved through extensive genome replication accompanied by chromosome fusions and frequent rearrangements.,Lagercrantz U.,Genetics,1998,10.1093/genetics/150.3.1217,9799273,,279
10.1093/intqhc/mzv115,Ecology & evolution,Guide to clinical practice guidelines: the current state of play.,"Kredo T, Bernhardsson S, Machingaidze S, Young T, Louw Q, Ochodo E, Grimmer K.",Int J Qual Health Care,2016,10.1093/intqhc/mzv115,26796486,review,273
10.1001/archsurg.1993.01420130087014,Ecology & evolution,Antimicrobial prophylaxis for surgical wounds. Guidelines for clinical care.,"Page CP, Bohnen JM, Fletcher JR, McManus AT, Solomkin JS, Wittmann DH.",Arch Surg,1993,10.1001/archsurg.1993.01420130087014,8418785,,272
10.1097/sla.0b013e3181bd93b2,Ecology & evolution,The learning curve in laparoscopic liver resection: improved feasibility and reproducibility.,"Vigano L, Laurent A, Tayar C, Tomatis M, Ponti A, Cherqui D.",Ann Surg,2009,10.1097/sla.0b013e3181bd93b2,19801926,,271
10.3389/fmicb.2015.00242,Ecology & evolution,Genomics of microbial plasmids: classification and identification based on replication and transfer systems and host taxonomy.,"Shintani M, Sanchez ZK, Kimbara K.",Front Microbiol,2015,10.3389/fmicb.2015.00242,25873913,review,264
10.1016/j.eururo.2021.09.026,Ecology & evolution,The 2021 Updated European Association of Urology Guidelines on Metastatic Urothelial Carcinoma.,"Cathomas R, Lorch A, Bruins HM, Compérat EM, Cowan NC, Efstathiou JA, Fietkau R, Gakis G, Hernández V, Espinós EL, Neuzillet Y, Ribal MJ, Rouanne M, Thalmann GN, van der Heijden AG, Veskimäe E, Alfred Witjes J, Milowsky MI, EAU Muscle-invasive, Metastatic Bladder Cancer Guidelines Panel.",Eur Urol,2022,10.1016/j.eururo.2021.09.026,34742583,review,258
10.1371/journal.pbio.1000594,Ecology & evolution,Break-induced replication is highly inaccurate.,"Deem A, Keszthelyi A, Blackgrove T, Vayl A, Coffey B, Mathur R, Chabes A, Malkova A.",PLoS Biol,2011,10.1371/journal.pbio.1000594,21347245,,256
10.1016/j.virol.2009.07.024,Ecology & evolution,Replication cycle of chikungunya: a re-emerging arbovirus.,"Solignat M, Gay B, Higgs S, Briant L, Devaux C.",Virology,2009,10.1016/j.virol.2009.07.024,19732931,review,255
10.4161/cc.7.7.5613,Ecology & evolution,Break-induced replication: what is it and what is it for?,"Llorente B, Smith CE, Symington LS.",Cell Cycle,2008,10.4161/cc.7.7.5613,18414031,review,255
