id,fields,title,authors,journal,year,doi,pmid,pubtype,cited_by
10.1373/clinchem.2008.112797,Molecular & cell biology,The MIQE guidelines: minimum information for publication of quantitative real-time PCR experiments.,"Bustin SA, Benes V, Garson JA, Hellemans J, Huggett J, Kubista M, Mueller R, Nolan T, Pfaffl MW, Shipley GL, Vandesompele J, Wittwer CT.",Clin Chem,2009,10.1373/clinchem.2008.112797,19246619,,11816
10.1016/s0092-8674(00)81705-5,Molecular & cell biology; Preclinical animal research,Randomization of left-right asymmetry due to loss of nodal cilia generating leftward flow of extraembryonic fluid in mice lacking KIF3B motor protein.,"Nonaka S, Tanaka Y, Okada Y, Takeda S, Harada A, Kanai Y, Kido M, Hirokawa N.",Cell,1998,10.1016/s0092-8674(00)81705-5,9865700,,1214
10.1038/nbt.2957,Molecular & cell biology; Transcriptomics (bulk & single-cell); Bioinformatics & computational biology,"A comprehensive assessment of RNA-seq accuracy, reproducibility and information content by the Sequencing Quality Control Consortium.",SEQC/MAQC-III Consortium.,Nat Biotechnol,2014,10.1038/nbt.2957,25150838,,762
10.3390/ijms222312827,Molecular & cell biology; Transcriptomics (bulk & single-cell),"The MTT Assay: Utility, Limitations, Pitfalls, and Interpretation in Bulk and Single-Cell Analysis.","Ghasemi M, Turnbull T, Sebastian S, Kempson I.",Int J Mol Sci,2021,10.3390/ijms222312827,34884632,,759
10.1083/jcb.202001064,Molecular & cell biology,SuperPlots: Communicating reproducibility and variability in cell biology.,"Lord SJ, Velle KB, Mullins RD, Fritz-Laylin LK.",J Cell Biol,2020,10.1083/jcb.202001064,32346721,,684
10.1373/clinchem.2013.206375,Molecular & cell biology,The digital MIQE guidelines: Minimum Information for Publication of Quantitative Digital PCR Experiments.,"Huggett JF, Foy CA, Benes V, Emslie K, Garson JA, Haynes R, Hellemans J, Kubista M, Mueller RD, Nolan T, Pfaffl MW, Shipley GL, Vandesompele J, Wittwer CT, Bustin SA.",Clin Chem,2013,10.1373/clinchem.2013.206375,23570709,,652
10.1016/j.jsb.2016.04.010,Molecular & cell biology,"Scipion: A software framework toward integration, reproducibility and validation in 3D electron microscopy.","de la Rosa-Trevín JM, Quintana A, Del Cano L, Zaldívar A, Foche I, Gutiérrez J, Gómez-Blanco J, Burguet-Castell J, Cuenca-Alba J, Abrishami V, Vargas J, Otón J, Sharov G, Vilas JL, Navas J, Conesa P, Kazemi M, Marabini R, Sorzano CO, Carazo JM.",J Struct Biol,2016,10.1016/j.jsb.2016.04.010,27108186,,522
10.1038/nn.3709,Molecular & cell biology; Neuroscience,High-fidelity optical reporting of neuronal electrical activity with an ultrafast fluorescent voltage sensor.,"St-Pierre F, Marshall JD, Yang Y, Gong Y, Schnitzer MJ, Lin MZ.",Nat Neurosci,2014,10.1038/nn.3709,24755780,,343
10.1002/pro.351,Biochemistry & structural biology,Small-angle scattering for structural biology--expanding the frontier while avoiding the pitfalls.,"Jacques DA, Trewhella J.",Protein Sci,2010,10.1002/pro.351,20120026,review,308
10.1093/bioinformatics/btz536,Biochemistry & structural biology; Bioinformatics & computational biology,Benchmarking fold detection by DaliLite v.5.,Holm L.,Bioinformatics,2019,10.1093/bioinformatics/btz536,31263867,,286
10.1016/j.bcp.2006.08.007,Biochemistry & structural biology,The alternative NF-kappaB pathway from biochemistry to biology: pitfalls and promises for future drug development.,Dejardin E.,Biochem Pharmacol,2006,10.1016/j.bcp.2006.08.007,16970925,review,286
10.1038/s41589-024-01638-w,Biochemistry & structural biology,The power and pitfalls of AlphaFold2 for structure prediction beyond rigid globular proteins.,"Agarwal V, McShan AC.",Nat Chem Biol,2024,10.1038/s41589-024-01638-w,38907110,review,134
10.1021/ja5055862,Biochemistry & structural biology,Genetically encoded optochemical probes for simultaneous fluorescence reporting and light activation of protein function with two-photon excitation.,"Luo J, Uprety R, Naro Y, Chou C, Nguyen DP, Chin JW, Deiters A.",J Am Chem Soc,2014,10.1021/ja5055862,25341086,,133
10.1373/49.3.357,Biochemistry & structural biology,National academy of clinical biochemistry laboratory medicine practice guidelines: recommendations for the use of laboratory tests to support poisoned patients who present to the emergency department.,"Wu AH, McKay C, Broussard LA, Hoffman RS, Kwong TC, Moyer TP, Otten EM, Welch SL, Wax P, National Academy of Clinical Biochemistry Laboratory Medicine.",Clin Chem,2003,10.1373/49.3.357,12600948,,125
10.1021/jp0521757,Biochemistry & structural biology,On possible pitfalls in ab initio quantum mechanics/molecular mechanics minimization approaches for studies of enzymatic reactions.,"Klähn M, Braun-Sand S, Rosta E, Warshel A.",J Phys Chem B,2005,10.1021/jp0521757,16852982,,118
10.1016/j.str.2022.11.012,Biochemistry & structural biology,Benchmarking AlphaFold2 on peptide structure prediction.,"McDonald EF, Jones T, Plate L, Meiler J, Gulsevin A.",Structure,2023,10.1016/j.str.2022.11.012,36525975,,116
10.1021/acs.jcim.2c01219,Biochemistry & structural biology,Benchmarking Refined and Unrefined AlphaFold2 Structures for Hit Discovery.,"Zhang Y, Vass M, Shi D, Abualrous E, Chambers JM, Chopra N, Higgs C, Kasavajhala K, Li H, Nandekar P, Sato H, Miller EB, Repasky MP, Jerome SV.",J Chem Inf Model,2023,10.1021/acs.jcim.2c01219,36897766,,95
10.1038/nature07758,Biotechnology & bioprocessing,The promises and pitfalls of RNA-interference-based therapeutics.,"Castanotto D, Rossi JJ.",Nature,2009,10.1038/nature07758,19158789,review,892
10.1016/j.talanta.2014.01.034,Biotechnology & bioprocessing,Experimental design and multiple response optimization. Using the desirability function in analytical methods development.,"Candioti LV, De Zan MM, Cámara MS, Goicoechea HC.",Talanta,2014,10.1016/j.talanta.2014.01.034,24767454,,369
10.1074/jbc.m204490200,Biotechnology & bioprocessing,Reproducibility of oligonucleotide microarray transcriptome analyses. An interlaboratory comparison using chemostat cultures of Saccharomyces cerevisiae.,"Piper MD, Daran-Lapujade P, Bro C, Regenberg B, Knudsen S, Nielsen J, Pronk JT.",J Biol Chem,2002,10.1074/jbc.m204490200,12121991,,180
10.1615/critrevtherdrugcarriersyst.v22.i1.20,Biotechnology & bioprocessing; Pharmacy & pharmacology,"Optimizing drug delivery systems using systematic ""design of experiments."" Part I: fundamental aspects.","Singh B, Kumar R, Ahuja N.",Crit Rev Ther Drug Carrier Syst,2005,10.1615/critrevtherdrugcarriersyst.v22.i1.20,15715503,review,172
10.1093/nar/gkh315,Biotechnology & bioprocessing,Chemical and biochemical strategies for the randomization of protein encoding DNA sequences: library construction methods for directed evolution.,Neylon C.,Nucleic Acids Res,2004,10.1093/nar/gkh315,14990750,review,167
10.1016/j.jhazmat.2009.06.035,Biotechnology & bioprocessing,Response surface modeling of Pb(II) removal from aqueous solution by Pistacia vera L.: Box-Behnken experimental design.,"Yetilmezsoy K, Demirel S, Vanderbei RJ.",J Hazard Mater,2009,10.1016/j.jhazmat.2009.06.035,19577844,,146
10.1002/elps.201200605,Biotechnology & bioprocessing,Mammalian cell metabolomics: experimental design and sample preparation.,"León Z, García-Cañaveras JC, Donato MT, Lahoz A.",Electrophoresis,2013,10.1002/elps.201200605,23436493,review,145
10.1021/bi052101l,Biotechnology & bioprocessing,Leveraging enzyme structure-function relationships for functional inference and experimental design: the structure-function linkage database.,"Pegg SC, Brown SD, Ojha S, Seffernick J, Meng EC, Morris JH, Chang PJ, Huang CC, Ferrin TE, Babbitt PC.",Biochemistry,2006,10.1021/bi052101l,16489747,,125
10.1007/s00216-010-3646-3,Biotechnology & bioprocessing,"Cytometric methods for measuring bacteria in water: advantages, pitfalls and applications.","Hammes F, Egli T.",Anal Bioanal Chem,2010,10.1007/s00216-010-3646-3,20352197,review,113
10.1007/s00253-015-6514-4,Biotechnology & bioprocessing,Benchmarking of commercially available CHO cell culture media for antibody production.,"Reinhart D, Damjanovic L, Kaisermayer C, Kunert R.",Appl Microbiol Biotechnol,2015,10.1007/s00253-015-6514-4,25846330,,105
10.1371/journal.pone.0063221,Biotechnology & bioprocessing,A survey on data reproducibility in cancer research provides insights into our limited ability to translate findings from the laboratory to the clinic.,"Mobley A, Linder SK, Braeuer R, Ellis LM, Zwelling L.",PLoS One,2013,10.1371/journal.pone.0063221,23691000,,105
10.1016/s1389-1723(01)80027-x,Biotechnology & bioprocessing,Experimental design for fermentation media development: statistical design or global random search?,Weuster-Botz D.,J Biosci Bioeng,2000,10.1016/s1389-1723(01)80027-x,16232896,,103
10.1111/eci.12801,Biotechnology & bioprocessing,"Talking the talk, but not walking the walk: RT-qPCR as a paradigm for the lack of reproducibility in molecular research.","Bustin S, Nolan T.",Eur J Clin Invest,2017,10.1111/eci.12801,28796277,review,88
10.1016/j.ultsonch.2013.05.014,Biotechnology & bioprocessing,Optimization of the ultrasonic assisted removal of methylene blue by gold nanoparticles loaded on activated carbon using experimental design methodology.,"Roosta M, Ghaedi M, Daneshfar A, Sahraei R, Asghari A.",Ultrason Sonochem,2014,10.1016/j.ultsonch.2013.05.014,23856588,,87
10.1016/j.msec.2017.03.219,Biotechnology & bioprocessing,Design of experiments for microencapsulation applications: A review.,"Paulo F, Santos L.",Mater Sci Eng C Mater Biol Appl,2017,10.1016/j.msec.2017.03.219,28532010,review,80
10.1002/gepi.20639,Biotechnology & bioprocessing,Pitfalls of merging GWAS data: lessons learned in the eMERGE network and quality control procedures to maintain high data quality.,"Zuvich RL, Armstrong LL, Bielinski SJ, Bradford Y, Carlson CS, Crawford DC, Crenshaw AT, de Andrade M, Doheny KF, Haines JL, Hayes MG, Jarvik GP, Jiang L, Kullo IJ, Li R, Ling H, Manolio TA, Matsumoto ME, McCarty CA, McDavid AN, Mirel DB, Olson LM, Paschall JE, Pugh EW, Rasmussen LV, Rasmussen-Torvik LJ, Turner SD, Wilke RA, Ritchie MD.",Genet Epidemiol,2011,10.1002/gepi.20639,22125226,,79
10.1016/j.ejpb.2006.09.001,Biotechnology & bioprocessing,Release modulating hydrophilic matrix systems of losartan potassium: optimization of formulation using statistical experimental design.,"Chopra S, Patil GV, Motwani SK.",Eur J Pharm Biopharm,2007,10.1016/j.ejpb.2006.09.001,17056238,,78
10.1016/j.jhazmat.2009.10.050,Biotechnology & bioprocessing,Photocatalytic degradation using design of experiments: a review and example of the Congo red degradation.,"Sakkas VA, Islam MA, Stalikas C, Albanis TA.",J Hazard Mater,2010,10.1016/j.jhazmat.2009.10.050,19931983,review,77
10.2147/ijn.s65408,Biotechnology & bioprocessing,Experimental design and optimization of raloxifene hydrochloride loaded nanotransfersomes for transdermal application.,"Mahmood S, Taher M, Mandal UK.",Int J Nanomedicine,2014,10.2147/ijn.s65408,25246789,,76
10.1016/j.ifset.2016.08.003,Biotechnology & bioprocessing,Recommendations guidelines on the key information to be reported in studies of application of PEF technology in food and biotechnological processes,"Raso J, Frey W, Ferrari G, Pataro G, Knorr D, Teissie J, Miklavčič D.",Innovative food science & emerging technologies : IFSET : the official scientific journal of the European Federation of Food Science and Technology.,2016,10.1016/j.ifset.2016.08.003,,,75
10.1016/j.jchromb.2006.11.030,Biotechnology & bioprocessing,"Simultaneous determination of 6 beta-blockers, 3 calcium-channel antagonists, 4 angiotensin-II antagonists and 1 antiarrhythmic drug in post-mortem whole blood by automated solid phase extraction and liquid chromatography mass spectrometry. Method development and robustness testing by experimental design.","Kristoffersen L, Øiestad EL, Opdal MS, Krogh M, Lundanes E, Christophersen AS.",J Chromatogr B Analyt Technol Biomed Life Sci,2007,10.1016/j.jchromb.2006.11.030,17175206,,74
10.1615/critrevtherdrugcarriersyst.v22.i3.10,Biotechnology & bioprocessing,"Optimizing drug delivery systems using systematic ""design of experiments."" Part II: retrospect and prospects.","Singh B, Dahiya M, Saharan V, Ahuja N.",Crit Rev Ther Drug Carrier Syst,2005,10.1615/critrevtherdrugcarriersyst.v22.i3.10,15896189,review,74
10.1002/btpr.1821,Biotechnology & bioprocessing,Design of experiments applications in bioprocessing: concepts and approach.,"Kumar V, Bhalla A, Rathore AS.",Biotechnol Prog,2014,10.1002/btpr.1821,24123959,,72
10.1016/j.talanta.2012.12.011,Biotechnology & bioprocessing,Salting-out assisted liquid-liquid extraction with the aid of experimental design for determination of benzimidazole fungicides in high salinity samples by high-performance liquid chromatography.,"Wen Y, Li J, Yang F, Zhang W, Li W, Liao C, Chen L.",Talanta,2013,10.1016/j.talanta.2012.12.011,23598103,,72
10.1021/jf071301w,Biotechnology & bioprocessing,"Optimization of simultaneous flavanol, phenolic acid, and anthocyanin extraction from grapes using an experimental design: application to the characterization of champagne grape varieties.","Mané C, Souquet JM, Ollé D, Verriés C, Véran F, Mazerolles G, Cheynier V, Fulcrand H.",J Agric Food Chem,2007,10.1021/jf071301w,17696446,,72
10.20517/mrr.2022.15,Biotechnology & bioprocessing,"<i>In vitro</i> human gut microbiota fermentation models: opportunities, challenges, and pitfalls.","Isenring J, Bircher L, Geirnaert A, Lacroix C.",Microbiome Res Rep,2023,10.20517/mrr.2022.15,38045607,review,69
10.1016/j.talanta.2019.05.027,Biotechnology & bioprocessing,Application of hydrophobic deep eutectic solvent as the carrier for ferrofluid: A novel strategy for pre-concentration and determination of mefenamic acid in human urine samples by high performance liquid chromatography under experimental design optimization.,"Dil EA, Ghaedi M, Asfaram A.",Talanta,2019,10.1016/j.talanta.2019.05.027,31171217,,67
10.1002/bit.20803,Biotechnology & bioprocessing,Experimental design principles for isotopically instationary 13C labeling experiments.,"Nöh K, Wiechert W.",Biotechnol Bioeng,2006,10.1002/bit.20803,16598793,,67
10.1016/j.saa.2013.08.082,Biotechnology & bioprocessing,Optimization of the combined ultrasonic assisted/adsorption method for the removal of malachite green by gold nanoparticles loaded on activated carbon: experimental design.,"Roosta M, Ghaedi M, Shokri N, Daneshfar A, Sahraei R, Asghari A.",Spectrochim Acta A Mol Biomol Spectrosc,2014,10.1016/j.saa.2013.08.082,24041530,,66
10.3109/07388551.2014.973014,Biotechnology & bioprocessing,Experimental design methods for bioengineering applications.,"Keskin Gündoğdu T, Deniz İ, Çalışkan G, Şahin ES, Azbar N.",Crit Rev Biotechnol,2016,10.3109/07388551.2014.973014,25373790,review,62
10.1093/nar/gkt1198,Biotechnology & bioprocessing,Locus Reference Genomic: reference sequences for the reporting of clinically relevant sequence variants.,"MacArthur JA, Morales J, Tully RE, Astashyn A, Gil L, Bruford EA, Larsson P, Flicek P, Dalgleish R, Maglott DR, Cunningham F.",Nucleic Acids Res,2014,10.1093/nar/gkt1198,24285302,,62
10.1016/j.ultsonch.2016.05.047,Biotechnology & bioprocessing,Comparative study on ultrasonic assisted adsorption of dyes from single system onto Fe<sub>3</sub>O<sub>4</sub> magnetite nanoparticles loaded on activated carbon: Experimental design methodology.,"Bagheri AR, Ghaedi M, Asfaram A, Bazrafshan AA, Jannesar R.",Ultrason Sonochem,2017,10.1016/j.ultsonch.2016.05.047,27773249,,61
10.1208/s12248-021-00649-y,Biotechnology & bioprocessing,Anti-drug Antibody Validation Testing and Reporting Harmonization.,"Myler H, Pedras-Vasconcelos J, Phillips K, Hottenstein CS, Chamberlain P, Devanaryan V, Gleason C, Goodman J, Manning MS, Purushothama S, Richards S, Shen H, Zoghbi J, Amaravadi L, Barger T, Bowen S, Bowsher RR, Clements-Egan A, Geng D, Goletz TJ, Gunn GR, Hallett W, Hodsdon ME, Janelsins BM, Jawa V, Kamondi S, Kirshner S, Kramer D, Liang M, Lindley K, Liu S, Liu Z, McNally J, Mikulskis A, Nelson R, Ahbari MR, Qu Q, Ruppel J, Snoeck V, Song A, Yan H, Ware M.",AAPS J,2021,10.1208/s12248-021-00649-y,34853961,,60
10.1016/j.tibtech.2010.01.001,Biotechnology & bioprocessing,Guidelines for reporting of biocatalytic reactions.,"Gardossi L, Poulsen PB, Ballesteros A, Hult K, Svedas VK, Vasić-Racki D, Carrea G, Magnusson A, Schmid A, Wohlgemuth R, Halling PJ, European Federation of Biotechnology Section on Applied Biocatalysis.",Trends Biotechnol,2010,10.1016/j.tibtech.2010.01.001,20149467,,60
10.1016/j.exphem.2005.06.020,Biotechnology & bioprocessing,Efficient in vitro megakaryocyte maturation using cytokine cocktails optimized by statistical experimental design.,"Cortin V, Garnier A, Pineault N, Lemieux R, Boyer L, Proulx C.",Exp Hematol,2005,10.1016/j.exphem.2005.06.020,16219540,,60
10.1021/acs.est.5b03719,Biotechnology & bioprocessing,Experimental Design and Bioinformatics Analysis for the Application of Metagenomics in Environmental Sciences and Biotechnology.,"Ju F, Zhang T.",Environ Sci Technol,2015,10.1021/acs.est.5b03719,26451629,review,59
10.1897/06-196r.1,Biotechnology & bioprocessing,Reproducibility of binary-mixture toxicity studies.,"Cedergreen N, Kudsk P, Mathiassen SK, Sørensen H, Streibig JC.",Environ Toxicol Chem,2007,10.1897/06-196r.1,17269472,,56
10.1016/j.jhazmat.2010.01.023,Biotechnology & bioprocessing,Experimental design of Fenton and photo-Fenton reactions for the treatment of ampicillin solutions.,"Rozas O, Contreras D, Mondaca MA, Pérez-Moya M, Mansilla HD.",J Hazard Mater,2010,10.1016/j.jhazmat.2010.01.023,20097473,,55
10.1039/c6cp08437k,Biotechnology & bioprocessing,"Application of machine/statistical learning, artificial intelligence and statistical experimental design for the modeling and optimization of methylene blue and Cd(ii) removal from a binary aqueous solution by natural walnut carbon.","Mazaheri H, Ghaedi M, Ahmadi Azqhandi MH, Asfaram A.",Phys Chem Chem Phys,2017,10.1039/c6cp08437k,28418055,,53
10.1016/j.biotechadv.2015.11.005,Biotechnology & bioprocessing,Clarification of vaccines: An overview of filter based technology trends and best practices.,"Besnard L, Fabre V, Fettig M, Gousseinov E, Kawakami Y, Laroudie N, Scanlan C, Pattnaik P.",Biotechnol Adv,2016,10.1016/j.biotechadv.2015.11.005,26657051,review,53
10.1016/j.ultsonch.2016.04.009,Biotechnology & bioprocessing,Optimization of ultrasound-assisted dispersive solid-phase microextraction based on nanoparticles followed by spectrophotometry for the simultaneous determination of dyes using experimental design.,"Asfaram A, Ghaedi M, Goudarzi A.",Ultrason Sonochem,2016,10.1016/j.ultsonch.2016.04.009,27150787,,52
10.1016/j.jbiotec.2007.03.020,Biotechnology & bioprocessing,Process Analytical Technology (PAT): batch-to-batch reproducibility of fermentation processes by robust process operational design and control.,"Gnoth S, Jenzsch M, Simutis R, Lübbert A.",J Biotechnol,2007,10.1016/j.jbiotec.2007.03.020,17559961,,51
10.1038/s41579-018-0029-9,Microbiology & microbiome,Best practices for analysing microbiomes.,"Knight R, Vrbanac A, Taylor BC, Aksenov A, Callewaert C, Debelius J, Gonzalez A, Kosciolek T, McCall LI, McDonald D, Melnik AV, Morton JT, Navas J, Quinn RA, Sanders JG, Swafford AD, Thompson LR, Tripathi A, Xu ZZ, Zaneveld JR, Zhu Q, Caporaso JG, Dorrestein PC.",Nat Rev Microbiol,2018,10.1038/s41579-018-0029-9,29795328,review,1364
10.1128/jcm.01228-07,Microbiology & microbiome,"16S rRNA gene sequencing for bacterial identification in the diagnostic laboratory: pluses, perils, and pitfalls.","Janda JM, Abbott SL.",J Clin Microbiol,2007,10.1128/jcm.01228-07,17626177,review,1209
10.1038/s41591-021-01552-x,Microbiology & microbiome; Bioinformatics & computational biology,Reporting guidelines for human microbiome research: the STORMS checklist.,"Mirzayi C, Renson A, Genomic Standards Consortium, Massive Analysis and Quality Control Society, Zohra F, Elsafoury S, Geistlinger L, Kasselman LJ, Eckenrode K, van de Wijgert J, Loughman A, Marques FZ, MacIntyre DA, Arumugam M, Azhar R, Beghini F, Bergstrom K, Bhatt A, Bisanz JE, Braun J, Bravo HC, Buck GA, Bushman F, Casero D, Clarke G, Collado MC, Cotter PD, Cryan JF, Demmer RT, Devkota S, Elinav E, Escobar JS, Fettweis J, Finn RD, Fodor AA, Forslund S, Franke A, Furlanello C, Gilbert J, Grice E, Haibe-Kains B, Handley S, Herd P, Holmes S, Jacobs JP, Karstens L, Knight R, Knights D, Koren O, Kwon DS, Langille M, Lindsay B, McGovern D, McHardy AC, McWeeney S, Mueller NT, Nezi L, Olm M, Palm N, Pasolli E, Raes J, Redinbo MR, Rühlemann M, Balfour Sartor R, Schloss PD, Schriml L, Segal E, Shardell M, Sharpton T, Smirnova E, Sokol H, Sonnenburg JL, Srinivasan S, Thingholm LB, Turnbaugh PJ, Upadhyay V, Walls RL, Wilmes P, Yamada T, Zeller G, Zhang M, Zhao N, Zhao L, Bao W, Culhane A, Devanarayan V, Dopazo J, Fan X, Fischer M, Jones W, Kusko R, Mason CE, Mercer TR, Sansone SA, Scherer A, Shi L, Thakkar S, Tong W, Wolfinger R, Hunter C, Segata N, Huttenhower C, Dowd JB, Jones HE, Waldron L.",Nat Med,2021,10.1038/s41591-021-01552-x,34789871,review,441
10.1038/s41579-019-0255-9,Microbiology & microbiome,Common principles and best practices for engineering microbiomes.,"Lawson CE, Harcombe WR, Hatzenpichler R, Lindemann SR, Löffler FE, O'Malley MA, García Martín H, Pfleger BF, Raskin L, Venturelli OS, Weissbrodt DG, Noguera DR, McMahon KD.",Nat Rev Microbiol,2019,10.1038/s41579-019-0255-9,31548653,review,433
10.1186/s40168-017-0267-5,Microbiology & microbiome,Optimizing methods and dodging pitfalls in microbiome research.,"Kim D, Hofstaedter CE, Zhao C, Mattei L, Tanes C, Clarke E, Lauder A, Sherrill-Mix S, Chehoud C, Kelsen J, Conrad M, Collman RG, Baldassano R, Bushman FD, Bittinger K.",Microbiome,2017,10.1186/s40168-017-0267-5,28476139,review,427
10.1186/s12916-022-02657-x,Microbiology & microbiome; Genomics & epigenomics,Association between gut microbiota and preeclampsia-eclampsia: a two-sample Mendelian randomization study.,"Li P, Wang H, Guo L, Gou X, Chen G, Lin D, Fan D, Guo X, Liu Z.",BMC Med,2022,10.1186/s12916-022-02657-x,36380372,,413
10.1037/e548652006-001,Microbiology & microbiome,"Guidelines for preventing health-care--associated pneumonia, 2003: recommendations of CDC and the Healthcare Infection Control Practices Advisory Committee.","Tablan OC, Anderson LJ, Besser R, Bridges C, Hajjeh R, CDC, Healthcare Infection Control Practices Advisory Committee.",MMWR Recomm Rep,2004,10.1037/e548652006-001,15048056,,382
10.1128/iai.66.12.5711-5724.1998,Microbiology & microbiome,Brucella abortus transits through the autophagic pathway and replicates in the endoplasmic reticulum of nonprofessional phagocytes.,"Pizarro-Cerdá J, Méresse S, Parton RG, van der Goot G, Sola-Landa A, Lopez-Goñi I, Moreno E, Gorvel JP.",Infect Immun,1998,10.1128/iai.66.12.5711-5724.1998,9826346,,328
10.1128/aem.67.1.190-197.2001,Microbiology & microbiome,Phylogenetic specificity and reproducibility and new method for analysis of terminal restriction fragment profiles of 16S rRNA genes from bacterial communities.,"Dunbar J, Ticknor LO, Kuske CR.",Appl Environ Microbiol,2001,10.1128/aem.67.1.190-197.2001,11133445,,322
10.1128/jcm.02981-13,Microbiology & microbiome; Bioinformatics & computational biology,Benchmarking of methods for genomic taxonomy.,"Larsen MV, Cosentino S, Lukjancenko O, Saputra D, Rasmussen S, Hasman H, Sicheritz-Pontén T, Aarestrup FM, Ussery DW, Lund O.",J Clin Microbiol,2014,10.1128/jcm.02981-13,24574292,,319
10.1093/femsre/fuv036,Microbiology & microbiome; Preclinical animal research,Heterogeneity of the gut microbiome in mice: guidelines for optimizing experimental design.,"Laukens D, Brinkman BM, Raes J, De Vos M, Vandenabeele P.",FEMS Microbiol Rev,2016,10.1093/femsre/fuv036,26323480,review,318
10.1038/s41586-022-05546-8,Microbiology & microbiome; Bioinformatics & computational biology; Ecology & evolution,Questioning the fetal microbiome illustrates pitfalls of low-biomass microbial studies.,"Kennedy KM, de Goffau MC, Perez-Muñoz ME, Arrieta MC, Bäckhed F, Bork P, Braun T, Bushman FD, Dore J, de Vos WM, Earl AM, Eisen JA, Elovitz MA, Ganal-Vonarburg SC, Gänzle MG, Garrett WS, Hall LJ, Hornef MW, Huttenhower C, Konnikova L, Lebeer S, Macpherson AJ, Massey RC, McHardy AC, Koren O, Lawley TD, Ley RE, O'Mahony L, O'Toole PW, Pamer EG, Parkhill J, Raes J, Rattei T, Salonen A, Segal E, Segata N, Shanahan F, Sloboda DM, Smith GCS, Sokol H, Spector TD, Surette MG, Tannock GW, Walker AW, Yassour M, Walter J.",Nature,2023,10.1038/s41586-022-05546-8,36697862,review,305
10.1111/j.1476-5381.2010.00873.x,Pharmacy & pharmacology,Guidelines for reporting experiments involving animals: the ARRIVE guidelines.,"McGrath JC, Drummond GB, McLachlan EM, Kilkenny C, Wainwright CL.",Br J Pharmacol,2010,10.1111/j.1476-5381.2010.00873.x,20649560,,1432
10.1111/bph.14153,Pharmacy & pharmacology,Experimental design and analysis and their reporting II: updated and simplified guidance for authors and peer reviewers.,"Curtis MJ, Alexander S, Cirino G, Docherty JR, George CH, Giembycz MA, Hoyer D, Insel PA, Izzo AA, Ji Y, MacEwan DJ, Sobey CG, Stanford SC, Teixeira MM, Wonnacott S, Ahluwalia A.",Br J Pharmacol,2018,10.1111/bph.14153,29520785,,1182
10.1111/j.1528-1167.2008.01561.x,Pharmacy & pharmacology,"Antiepileptic drugs--best practice guidelines for therapeutic drug monitoring: a position paper by the subcommission on therapeutic drug monitoring, ILAE Commission on Therapeutic Strategies.","Patsalos PN, Berry DJ, Bourgeois BF, Cloyd JC, Glauser TA, Johannessen SI, Leppik IE, Tomson T, Perucca E.",Epilepsia,2008,10.1111/j.1528-1167.2008.01561.x,18397299,,758
10.1086/600877,Pharmacy & pharmacology,"Vancomycin therapeutic guidelines: a summary of consensus recommendations from the infectious diseases Society of America, the American Society of Health-System Pharmacists, and the Society of Infectious Diseases Pharmacists.","Rybak MJ, Lomaestro BM, Rotschafer JC, Moellering RC, Craig WA, Billeter M, Dalovisio JR, Levine DP.",Clin Infect Dis,2009,10.1086/600877,19569969,,600
10.1111/bph.15868,Pharmacy & pharmacology,Planning experiments: Updated guidance on experimental design and analysis and their reporting III.,"Curtis MJ, Alexander SPH, Cirino G, George CH, Kendall DA, Insel PA, Izzo AA, Ji Y, Panettieri RA, Patel HH, Sobey CG, Stanford SC, Stanley P, Stefanska B, Stephens GJ, Teixeira MM, Vergnolle N, Ahluwalia A.",Br J Pharmacol,2022,10.1111/bph.15868,35673806,,446
10.1001/jama.2017.18556,Pharmacy & pharmacology,Guidelines for the Content of Statistical Analysis Plans in Clinical Trials.,"Gamble C, Krishan A, Stocken D, Lewis S, Juszczak E, Doré C, Williamson PR, Altman DG, Montgomery A, Lim P, Berlin J, Senn S, Day S, Barbachano Y, Loder E.",JAMA,2017,10.1001/jama.2017.18556,29260229,,373
10.1590/s0100-879x2000000200004,Pharmacy & pharmacology,"Efficacy, safety, quality control, marketing and regulatory guidelines for herbal medicines (phytotherapeutic agents).",Calixto JB.,Braz J Med Biol Res,2000,10.1590/s0100-879x2000000200004,10657057,review,357
10.1136/bmj.326.7400.1171,Pharmacy & pharmacology,Evidence b(i)ased medicine--selective reporting from studies sponsored by pharmaceutical industry: review of studies in new drug applications.,"Melander H, Ahlqvist-Rastad J, Meijer G, Beermann B.",BMJ,2003,10.1136/bmj.326.7400.1171,12775615,review,345
10.1002/cpt.1013,Pharmacy & pharmacology,Physiologically Based Pharmacokinetic Model Qualification and Reporting Procedures for Regulatory Submissions: A Consortium Perspective.,"Shebley M, Sandhu P, Emami Riedmaier A, Jamei M, Narayanan R, Patel A, Peters SA, Reddy VP, Zheng M, de Zwart L, Beneton M, Bouzom F, Chen J, Chen Y, Cleary Y, Collins C, Dickinson GL, Djebli N, Einolf HJ, Gardner I, Huth F, Kazmi F, Khalil F, Lin J, Odinecs A, Patel C, Rong H, Schuck E, Sharma P, Wu SP, Xu Y, Yamazaki S, Yoshida K, Rowland M.",Clin Pharmacol Ther,2018,10.1002/cpt.1013,29315504,review,311
10.1186/s12874-018-0600-0,Pharmacy & pharmacology,Improving reporting of meta-ethnography: the eMERGe reporting guidance.,"France EF, Cunningham M, Ring N, Uny I, Duncan EAS, Jepson RG, Maxwell M, Roberts RJ, Turley RL, Booth A, Britten N, Flemming K, Gallagher I, Garside R, Hannes K, Lewin S, Noblit GW, Pope C, Thomas J, Vanstone M, Higginbottom GMA, Noyes J.",BMC Med Res Methodol,2019,10.1186/s12874-018-0600-0,30709371,,276
10.1038/sj.clpt.6100054,Pharmacy & pharmacology,"Drug interaction studies: study design, data analysis, and implications for dosing and labeling.","Huang SM, Temple R, Throckmorton DC, Lesko LJ.",Clin Pharmacol Ther,2007,10.1038/sj.clpt.6100054,17259955,review,274
10.1080/03639045.2017.1291672,Pharmacy & pharmacology,Design of experiments (DoE) in pharmaceutical development.,"N Politis S, Colombo P, Colombo G, M Rekkas D.",Drug Dev Ind Pharm,2017,10.1080/03639045.2017.1291672,28166428,review,222
10.1007/s40264-024-01421-9,Pharmacy & pharmacology,The Reporting of a Disproportionality Analysis for Drug Safety Signal Detection Using Individual Case Safety Reports in PharmacoVigilance (READUS-PV): Development and Statement.,"Fusaroli M, Salvo F, Begaud B, AlShammari TM, Bate A, Battini V, Brueckner A, Candore G, Carnovale C, Crisafulli S, Cutroneo PM, Dolladille C, Drici MD, Faillie JL, Goldman A, Hauben M, Herdeiro MT, Mahaux O, Manlik K, Montastruc F, Noguchi Y, Norén GN, Noseda R, Onakpoya IJ, Pariente A, Poluzzi E, Salem M, Sartori D, Trinh NTH, Tuccori M, van Hunsel F, van Puijenbroek E, Raschi E, Khouri C.",Drug Saf,2024,10.1007/s40264-024-01421-9,38713346,,220
10.1136/jitc-2019-000155,Pharmacy & pharmacology; Proteomics & metabolomics,The Society for Immunotherapy of Cancer statement on best practices for multiplex immunohistochemistry (IHC) and immunofluorescence (IF) staining and validation.,"Taube JM, Akturk G, Angelo M, Engle EL, Gnjatic S, Greenbaum S, Greenwald NF, Hedvat CV, Hollmann TJ, Juco J, Parra ER, Rebelatto MC, Rimm DL, Rodriguez-Canales J, Schalper KA, Stack EC, Ferreira CS, Korski K, Lako A, Rodig SJ, Schenck E, Steele KE, Surace MJ, Tetzlaff MT, von Loga K, Wistuba II, Bifulco CB, Society for Immunotherapy of Cancer (SITC) Pathology Task Force..",J Immunother Cancer,2020,10.1136/jitc-2019-000155,32414858,,218
10.1111/bph.15054,Pharmacy & pharmacology,A practical guide for transparent reporting of research on natural products in the British Journal of Pharmacology: Reproducibility of natural product research.,"Izzo AA, Teixeira M, Alexander SPH, Cirino G, Docherty JR, George CH, Insel PA, Ji Y, Kendall DA, Panattieri RA, Sobey CG, Stanford SC, Stefanska B, Stephens G, Ahluwalia A.",Br J Pharmacol,2020,10.1111/bph.15054,32298474,,198
10.1016/j.sleep.2013.05.016,Pharmacy & pharmacology,The long-term treatment of restless legs syndrome/Willis-Ekbom disease: evidence-based guidelines and clinical consensus best practice guidance: a report from the International Restless Legs Syndrome Study Group.,"Garcia-Borreguero D, Kohnen R, Silber MH, Winkelman JW, Earley CJ, Högl B, Manconi M, Montplaisir J, Inoue Y, Allen RP.",Sleep Med,2013,10.1016/j.sleep.2013.05.016,23859128,,185
10.1007/s10822-010-9363-3,Pharmacy & pharmacology,"Prediction of protein-ligand binding affinity by free energy simulations: assumptions, pitfalls and expectations.","Michel J, Essex JW.",J Comput Aided Mol Des,2010,10.1007/s10822-010-9363-3,20509041,review,182
10.2165/00019053-199711020-00005,Pharmacy & pharmacology,Guidelines for pharmacoeconomic studies. Recommendations from the panel on cost effectiveness in health and medicine. Panel on cost Effectiveness in Health and Medicine.,"Siegel JE, Torrance GW, Russell LB, Luce BR, Weinstein MC, Gold MR.",Pharmacoeconomics,1997,10.2165/00019053-199711020-00005,10172935,review,181
10.1176/appi.ajp.162.10.1957,Pharmacy & pharmacology,Industry sponsorship and financial conflict of interest in the reporting of clinical trials in psychiatry.,"Perlis RH, Perlis CS, Wu Y, Hwang C, Joseph M, Nierenberg AA.",Am J Psychiatry,2005,10.1176/appi.ajp.162.10.1957,16199844,,180
10.1007/s00213-022-06123-7,Pharmacy & pharmacology,Great Expectations: recommendations for improving the methodological rigor of psychedelic clinical trials.,"Aday JS, Heifets BD, Pratscher SD, Bradley E, Rosen R, Woolley JD.",Psychopharmacology (Berl),2022,10.1007/s00213-022-06123-7,35359159,review,177
10.1534/genetics.112.147983,Plant & animal breeding; Bioinformatics & computational biology,"Genomic prediction in animals and plants: simulation of data, validation, reporting, and benchmarking.","Daetwyler HD, Calus MP, Pong-Wong R, de Los Campos G, Hickey JM.",Genetics,2013,10.1534/genetics.112.147983,23222650,review,307
10.3732/ajb.1500501,Plant & animal breeding,Polyploidy: Pitfalls and paths to a paradigm.,"Soltis DE, Visger CJ, Marchant DB, Soltis PS.",Am J Bot,2016,10.3732/ajb.1500501,27234228,,215
10.1534/g3.119.400498,"Plant & animal breeding; Data science, ML & health informatics",Benchmarking Parametric and Machine Learning Models for Genomic Prediction of Complex Traits.,"Azodi CB, Bolger E, McCarren A, Roantree M, de Los Campos G, Shiu SH.",G3 (Bethesda),2019,10.1534/g3.119.400498,31533955,,183
10.1093/jxb/erh213,Plant & animal breeding,Irrigation scheduling: advantages and pitfalls of plant-based methods.,Jones HG.,J Exp Bot,2004,10.1093/jxb/erh213,15286143,review,163
10.1534/g3.118.200998,Plant & animal breeding,"A Benchmarking Between Deep Learning, Support Vector Machine and Bayesian Threshold Best Linear Unbiased Prediction for Predicting Ordinal Traits in Plant Breeding.","Montesinos-López OA, Martín-Vallejo J, Crossa J, Gianola D, Hernández-Suárez CM, Montesinos-López A, Juliana P, Singh R.",G3 (Bethesda),2019,10.1534/g3.118.200998,30593512,,82
10.1016/j.vetpar.2005.04.021,Plant & animal breeding,Effects of aggregation and sample size on composite faecal egg counts in sheep.,"Morgan ER, Cavill L, Curry GE, Wood RM, Mitchell ES.",Vet Parasitol,2005,10.1016/j.vetpar.2005.04.021,15921855,,74
10.4315/0362-028x-73.3.579,Plant & animal breeding,The REFLECT statement: reporting guidelines for randomized controlled trials in livestock and food safety: explanation and elaboration.,"Sargeant JM, O'Connor AM, Gardner IA, Dickson JS, Torrence ME, Dohoo IR, Lefebvre SL, Morley PS, Ramirez A, Snedeker K.",J Food Prot,2010,10.4315/0362-028x-73.3.579,20202349,,69
10.1016/j.prevetmed.2011.04.002,Plant & animal breeding,Consensus-based reporting standards for diagnostic test accuracy studies for paratuberculosis in ruminants.,"Gardner IA, Nielsen SS, Whittington RJ, Collins MT, Bakker D, Harris B, Sreevatsan S, Lombard JE, Sweeney R, Smith DR, Gavalchin J, Eda S.",Prev Vet Med,2011,10.1016/j.prevetmed.2011.04.002,21601933,,67
10.1111/j.1863-2378.2009.01312.x,Plant & animal breeding,The REFLECT statement: reporting guidelines for Randomized Controlled Trials in livestock and food safety: explanation and elaboration.,"Sargeant JM, O'Connor AM, Gardner IA, Dickson JS, Torrence ME, Consensus Meeting Participants.",Zoonoses Public Health,2010,10.1111/j.1863-2378.2009.01312.x,20070652,,67
10.1111/j.1939-1676.2009.0441.x,Plant & animal breeding,The REFLECT statement: methods and processes of creating reporting guidelines for randomized controlled trials for livestock and food safety.,"O'Connor AM, Sargeant JM, Gardner IA, Dickson JS, Torrence ME, Dewey CE, Dohoo IR, Evans RB, Gray JT, Greiner M, Keefe G, Lefebvre SL, Morley PS, Ramirez A, Sischo W, Smith DR, Snedeker K, Sofos J, Ward MP, Wills R, Steering Committee.",J Vet Intern Med,2010,10.1111/j.1939-1676.2009.0441.x,20002546,,64
10.1016/j.prevetmed.2009.06.002,Plant & animal breeding,Methodological quality and completeness of reporting in clinical trials conducted in livestock species.,"Sargeant JM, Elgie R, Valcour J, Saint-Onge J, Thompson A, Marcynuk P, Snedeker K.",Prev Vet Med,2009,10.1016/j.prevetmed.2009.06.002,19573943,,59
10.3389/fgene.2020.00447,Plant & animal breeding,Recommendations for Choosing the Genotyping Method and Best Practices for Quality Control in Crop Genome-Wide Association Studies.,"Pavan S, Delvento C, Ricciardi L, Lotti C, Ciani E, D'Agostino N.",Front Genet,2020,10.3389/fgene.2020.00447,32587600,review,57
10.1007/s00122-020-03608-x,Plant & animal breeding,Overcoming polyploidy pitfalls: a user guide for effective SNP conversion into KASP markers in wheat.,"Makhoul M, Rambla C, Voss-Fels KP, Hickey LT, Snowdon RJ, Obermeier C.",Theor Appl Genet,2020,10.1007/s00122-020-03608-x,32500260,,56
10.1111/j.1863-2378.2009.01311.x,Plant & animal breeding,The REFLECT statement: methods and processes of creating reporting guidelines for randomized controlled trials for livestock and food safety by modifying the CONSORT statement.,"O'Connor AM, Sargeant JM, Gardner IA, Dickson JS, Torrence ME, Consensus Meeting Participants, Dewey CE, Dohoo IR, Evans RB, Gray JT, Greiner M, Keefe G, Lefebvre SL, Morley PS, Ramirez A, Sischo W, Smith DR, Snedeker K, Sofos J, Ward MP, Wills R.",Zoonoses Public Health,2010,10.1111/j.1863-2378.2009.01311.x,20070653,,54
10.1016/j.prevetmed.2009.10.008,Plant & animal breeding,The REFLECT statement: methods and processes of creating reporting guidelines for randomized controlled trials for livestock and food safety.,"O'Connor AM, Sargeant JM, Gardner IA, Dickson JS, Torrence ME, Dewey CE, Dohoo IR, Evans RB, Gray JT, Greiner M, Keefe G, Lefebvre SL, Morley PS, Ramirez A, Sischo W, Smith DR, Snedeker K, Sofos J, Ward MP, Wills R.",Prev Vet Med,2010,10.1016/j.prevetmed.2009.10.008,19926151,,54
10.1002/cyto.a.24499,Plant & animal breeding,Application-based guidelines for best practices in plant flow cytometry.,"Sliwinska E, Loureiro J, Leitch IJ, Šmarda P, Bainard J, Bureš P, Chumová Z, Horová L, Koutecký P, Lučanová M, Trávníček P, Galbraith DW.",Cytometry A,2022,10.1002/cyto.a.24499,34585818,review,50
10.1111/j.1365-2222.2008.03194.x,Plant & animal breeding,"Animal models of protein allergenicity: potential benefits, pitfalls and challenges.","Dearman RJ, Kimber I.",Clin Exp Allergy,2009,10.1111/j.1365-2222.2008.03194.x,19178540,review,49
10.3168/jds.2015-9445,Plant & animal breeding,"Invited review: Recommendations for reporting intervention studies on reproductive performance in dairy cattle: Improving design, analysis, and interpretation of research on reproduction.","Lean IJ, Lucy MC, McNamara JP, Bradford BJ, Block E, Thomson JM, Morton JM, Celi P, Rabiee AR, Santos JE, Thatcher WW, LeBlanc SJ.",J Dairy Sci,2016,10.3168/jds.2015-9445,26387020,review,47
10.1534/g3.119.400598,Plant & animal breeding,Pitfalls and Remedies for Cross Validation with Multi-trait Genomic Prediction Methods.,"Runcie D, Cheng H.",G3 (Bethesda),2019,10.1534/g3.119.400598,31511297,,46
10.1136/vr.104701,Plant & animal breeding,Evaluation of metrics for benchmarking antimicrobial use in the UK dairy industry.,"Mills HL, Turner A, Morgans L, Massey J, Schubert H, Rees G, Barrett D, Dowsey A, Reyher KK.",Vet Rec,2018,10.1136/vr.104701,29476032,review,45
10.3389/fmicb.2016.00824,Plant & animal breeding,Size Matters: Assessing Optimum Soil Sample Size for Fungal and Bacterial Community Structure Analyses Using High Throughput Sequencing of rRNA Gene Amplicons.,"Penton CR, Gupta VV, Yu J, Tiedje JM.",Front Microbiol,2016,10.3389/fmicb.2016.00824,27313569,,40
10.1016/j.vetmic.2014.01.035,Plant & animal breeding,First reporting of methicillin-resistant Staphylococcus aureus (MRSA) ST398 in an industrial rabbit holding and in farm-related people.,"Agnoletti F, Mazzolini E, Bacchin C, Bano L, Berto G, Rigoli R, Muffato G, Coato P, Tonon E, Drigo I.",Vet Microbiol,2014,10.1016/j.vetmic.2014.01.035,24602406,,40
10.2527/jas.2013-6757,Plant & animal breeding,"Genomic predictions in Angus cattle: comparisons of sample size, response variables, and clustering methods for cross-validation.","Boddhireddy P, Kelly MJ, Northcutt S, Prayaga KC, Rumph J, DeNise S.",J Anim Sci,2014,10.2527/jas.2013-6757,24431338,,36
10.1079/ahr2005099,Plant & animal breeding,"Ethnoveterinary plant preparations as livestock dewormers: practices, popular beliefs, pitfalls and prospects for the future.","Githiori JB, Höglund J, Waller PJ.",Anim Health Res Rev,2005,10.1079/ahr2005099,16164011,review,36
10.1016/j.prevetmed.2015.09.003,Plant & animal breeding,"The effect of animal health compensation on 'positive' behaviours towards exotic disease reporting and implementing biosecurity: A review, a synthesis and a research agenda.","Barnes AP, Moxey AP, Vosough Ahmadi B, Borthwick FA.",Prev Vet Med,2015,10.1016/j.prevetmed.2015.09.003,26422364,review,35
10.1007/s00122-016-2665-7,Plant & animal breeding,Identification and reproducibility of diagnostic DNA markers for tuber starch and yield optimization in a novel association mapping population of potato (Solanum tuberosum L.).,"Schönhals EM, Ortega F, Barandalla L, Aragones A, Ruiz de Galarreta JI, Liao JC, Sanetomo R, Walkemeier B, Tacke E, Ritter E, Gebhardt C.",Theor Appl Genet,2016,10.1007/s00122-016-2665-7,26825382,,34
10.1098/rsbl.2016.0715,Plant & animal breeding,Climate change mitigation: potential benefits and pitfalls of enhanced rock weathering in tropical agriculture.,"Edwards DP, Lim F, James RH, Pearce CR, Scholes J, Freckleton RP, Beerling DJ.",Biol Lett,2017,10.1098/rsbl.2016.0715,28381631,review,33
10.1038/gim.2015.30,Genetics; Genomics & epigenomics,Standards and guidelines for the interpretation of sequence variants: a joint consensus recommendation of the American College of Medical Genetics and Genomics and the Association for Molecular Pathology.,"Richards S, Aziz N, Bale S, Bick D, Das S, Gastier-Foster J, Grody WW, Hegde M, Lyon E, Spector E, Voelkerding K, Rehm HL, ACMG Laboratory Quality Assurance Committee.",Genet Med,2015,10.1038/gim.2015.30,25741868,,26880
10.1093/ije/dyv080,Genetics; Genomics & epigenomics,Mendelian randomization with invalid instruments: effect estimation and bias detection through Egger regression.,"Bowden J, Davey Smith G, Burgess S.",Int J Epidemiol,2015,10.1093/ije/dyv080,26050253,,8549
10.1002/gepi.21965,Genetics; Genomics & epigenomics,Consistent Estimation in Mendelian Randomization with Some Invalid Instruments Using a Weighted Median Estimator.,"Bowden J, Davey Smith G, Haycock PC, Burgess S.",Genet Epidemiol,2016,10.1002/gepi.21965,27061298,,7760
10.1038/s41588-018-0099-7,Genetics,Detection of widespread horizontal pleiotropy in causal relationships inferred from Mendelian randomization between complex traits and diseases.,"Verbanck M, Chen CY, Neale B, Do R.",Nat Genet,2018,10.1038/s41588-018-0099-7,29686387,,7490
10.1002/gepi.21758,Genetics; Genomics & epigenomics,Mendelian randomization analysis with multiple genetic variants using summarized data.,"Burgess S, Butterworth A, Thompson SG.",Genet Epidemiol,2013,10.1002/gepi.21758,24114802,,5344
10.1093/ije/dyg070,Genetics,'Mendelian randomization': can genetic epidemiology contribute to understanding environmental determinants of disease?,"Smith GD, Ebrahim S.",Int J Epidemiol,2003,10.1093/ije/dyg070,12689998,,4691
10.1007/s10654-017-0255-x,Genetics,Interpreting findings from Mendelian randomization using the MR-Egger method.,"Burgess S, Thompson SG.",Eur J Epidemiol,2017,10.1007/s10654-017-0255-x,28527048,,4026
10.1093/hmg/ddu328,Genetics,Mendelian randomization: genetic anchors for causal inference in epidemiological studies.,"Davey Smith G, Hemani G.",Hum Mol Genet,2014,10.1093/hmg/ddu328,25064373,review,3890
10.1002/sim.3034,Genetics,Mendelian randomization: using genes as instruments for making causal inferences in epidemiology.,"Lawlor DA, Harbord RM, Sterne JA, Timpson N, Davey Smith G.",Stat Med,2008,10.1002/sim.3034,17886233,,3698
10.1001/jama.2021.18236,Genetics; Genomics & epigenomics,Strengthening the Reporting of Observational Studies in Epidemiology Using Mendelian Randomization: The STROBE-MR Statement.,"Skrivankova VW, Richmond RC, Woolf BAR, Yarmolinsky J, Davies NM, Swanson SA, VanderWeele TJ, Higgins JPT, Timpson NJ, Dimou N, Langenberg C, Golub RM, Loder EW, Gallo V, Tybjaerg-Hansen A, Davey Smith G, Egger M, Richards JB.",JAMA,2021,10.1001/jama.2021.18236,34698778,,3516
10.1093/ije/dyr036,Genetics,Avoiding bias from weak instruments in Mendelian randomization studies.,"Burgess S, Thompson SG, CRP CHD Genetics Collaboration.",Int J Epidemiol,2011,10.1093/ije/dyr036,21414999,review,3419
10.1093/ije/dyx102,Genetics; Genomics & epigenomics,Robust inference in summary data Mendelian randomization via the zero modal pleiotropy assumption.,"Hartwig FP, Davey Smith G, Bowden J.",Int J Epidemiol,2017,10.1093/ije/dyx102,29040600,,3069
10.1001/jama.2017.17219,Genetics,Mendelian Randomization.,"Emdin CA, Khera AV, Kathiresan S.",JAMA,2017,10.1001/jama.2017.17219,29164242,review,2955
10.1200/jco.2003.04.036,Genetics,"Revised recommendations of the International Working Group for Diagnosis, Standardization of Response Criteria, Treatment Outcomes, and Reporting Standards for Therapeutic Trials in Acute Myeloid Leukemia.","Cheson BD, Bennett JM, Kopecky KJ, Büchner T, Willman CL, Estey EH, Schiffer CA, Doehner H, Tallman MS, Lister TA, Lo-Coco F, Willemze R, Biondi A, Hiddemann W, Larson RA, Löwenberg B, Sanz MA, Head DR, Ohno R, Bloomfield CD, International Working Group for Diagnosis, Standardization of Response Criteria, Treatment Outcomes, and Reporting Standards for Therapeutic Trials in Acute Myeloid Leukemia.",J Clin Oncol,2003,10.1200/jco.2003.04.036,14673054,,2284
10.1681/asn.2016010098,Genetics,Mendelian Randomization as an Approach to Assess Causality Using Observational Data.,"Sekula P, Del Greco M F, Pattaro C, Köttgen A.",J Am Soc Nephrol,2016,10.1681/asn.2016010098,27486138,review,1890
10.1038/gim.2013.73,Genetics; Genomics & epigenomics,ACMG recommendations for reporting of incidental findings in clinical exome and genome sequencing.,"Green RC, Berg JS, Grody WW, Kalia SS, Korf BR, Martin CL, McGuire AL, Nussbaum RL, O'Daniel JM, Ormond KE, Rehm HL, Watson MS, Williams MS, Biesecker LG, American College of Medical Genetics and Genomics.",Genet Med,2013,10.1038/gim.2013.73,23788249,,1876
10.1093/ije/dyx034,Genetics,MendelianRandomization: an R package for performing Mendelian randomization analyses using summarized data.,"Yavorska OO, Burgess S.",Int J Epidemiol,2017,10.1093/ije/dyx034,28398548,,1799
10.12688/wellcomeopenres.15555.3,Genetics,Guidelines for performing Mendelian randomization investigations: update for summer 2023.,"Burgess S, Davey Smith G, Davies NM, Dudbridge F, Gill D, Glymour MM, Hartwig FP, Kutalik Z, Holmes MV, Minelli C, Morrison JV, Pan W, Relton CL, Theodoratou E.",Wellcome Open Res,2019,10.12688/wellcomeopenres.15555.3,32760811,,1781
10.1038/s43586-021-00092-5,Genetics,Mendelian randomization.,"Sanderson E, Glymour MM, Holmes MV, Kang H, Morrison J, Munafò MR, Palmer T, Schooling CM, Wallace C, Zhao Q, Smith GD.",Nat Rev Methods Primers,2022,10.1038/s43586-021-00092-5,37325194,,1777
10.1097/ede.0000000000000559,Genetics; Genomics & epigenomics,Sensitivity Analyses for Robust Causal Inference from Mendelian Randomization Analyses with Multiple Genetic Variants.,"Burgess S, Bowden J, Fall T, Ingelsson E, Thompson SG.",Epidemiology,2017,10.1097/ede.0000000000000559,27749700,,1686
10.1016/j.jmoldx.2016.10.002,Genetics; Genomics & epigenomics,"Standards and Guidelines for the Interpretation and Reporting of Sequence Variants in Cancer: A Joint Consensus Recommendation of the Association for Molecular Pathology, American Society of Clinical Oncology, and College of American Pathologists.","Li MM, Datto M, Duncavage EJ, Kulkarni S, Lindeman NI, Roy S, Tsimberidou AM, Vnencak-Jones CL, Wolff DJ, Younes A, Nikiforova MN.",J Mol Diagn,2017,10.1016/j.jmoldx.2016.10.002,27993330,review,1680
10.1002/sim.7221,Genetics,A framework for the investigation of pleiotropy in two-sample summary data Mendelian randomization.,"Bowden J, Del Greco M F, Minelli C, Davey Smith G, Sheehan N, Thompson J.",Stat Med,2017,10.1002/sim.7221,28114746,,1665
10.1093/ije/dyq151,Genetics,Power and instrument strength requirements for Mendelian randomization studies using multiple genetic variants.,"Pierce BL, Ahsan H, Vanderweele TJ.",Int J Epidemiol,2011,10.1093/ije/dyq151,20813862,,1620
10.1007/s10654-015-0011-z,Genetics,Using published data in Mendelian randomization: a blueprint for efficient identification of causal risk factors.,"Burgess S, Scott RA, Timpson NJ, Davey Smith G, Thompson SG, EPIC- InterAct Consortium.",Eur J Epidemiol,2015,10.1007/s10654-015-0011-z,25773750,,1590
10.1093/ije/dyw220,Genetics,Assessing the suitability of summary data for two-sample Mendelian randomization analyses using MR-Egger regression: the role of the I2 statistic.,"Bowden J, Del Greco M F, Minelli C, Davey Smith G, Sheehan NA, Thompson JR.",Int J Epidemiol,2016,10.1093/ije/dyw220,27616674,,1497
10.1093/ije/dyt179,Genetics,Calculating statistical power in Mendelian randomization studies.,"Brion MJ, Shakhbazov K, Visscher PM.",Int J Epidemiol,2013,10.1093/ije/dyt179,24159078,,1479
10.1177/0962280215597579,Genetics,A review of instrumental variable estimators for Mendelian randomization.,"Burgess S, Small DS, Thompson SG.",Stat Methods Med Res,2017,10.1177/0962280215597579,26282889,review,1468
10.1002/gepi.21998,Genetics; Medical & clinical sciences,Bias due to participant overlap in two-sample Mendelian randomization.,"Burgess S, Davies NM, Thompson SG.",Genet Epidemiol,2016,10.1002/gepi.21998,27625185,,1452
10.1093/aje/kwu283,Genetics,Multivariable Mendelian randomization: the use of pleiotropic genetic variants to estimate causal effects.,"Burgess S, Thompson SG.",Am J Epidemiol,2015,10.1093/aje/kwu283,25632051,,1435
10.1002/jrsm.1346,Genetics; Genomics & epigenomics,Meta-analysis and Mendelian randomization: A review.,"Bowden J, Holmes MV.",Res Synth Methods,2019,10.1002/jrsm.1346,30861319,review,1366
10.1038/s41436-019-0686-8,Genetics; Genomics & epigenomics,Technical standards for the interpretation and reporting of constitutional copy-number variants: a joint consensus recommendation of the American College of Medical Genetics and Genomics (ACMG) and the Clinical Genome Resource (ClinGen).,"Riggs ER, Andersen EF, Cherry AM, Kantarci S, Kearney H, Patel A, Raca G, Ritter DI, South ST, Thorland EC, Pineda-Alvarez D, Aradhya S, Martin CL.",Genet Med,2020,10.1038/s41436-019-0686-8,31690835,,1310
10.1093/hmg/ddy163,Genetics; Genomics & epigenomics,Evaluating the potential role of pleiotropy in Mendelian randomization studies.,"Hemani G, Bowden J, Davey Smith G.",Hum Mol Genet,2018,10.1093/hmg/ddy163,29771313,review,1310
10.1038/gim.2016.190,Genetics; Genomics & epigenomics,"Recommendations for reporting of secondary findings in clinical exome and genome sequencing, 2016 update (ACMG SF v2.0): a policy statement of the American College of Medical Genetics and Genomics.","Kalia SS, Adelman K, Bale SJ, Chung WK, Eng C, Evans JP, Herman GE, Hufnagel SB, Klein TE, Korf BR, McKelvey KD, Ormond KE, Richards CS, Vlangos CN, Watson M, Martin CL, Miller DT.",Genet Med,2017,10.1038/gim.2016.190,27854360,,1249
10.1093/aje/kwt084,Genetics,Efficient design for Mendelian randomization studies: subsample and 2-sample instrumental variable estimators.,"Pierce BL, Burgess S.",Am J Epidemiol,2013,10.1093/aje/kwt084,23863760,,1198
10.1002/sim.6835,Genetics,Combining information on multiple instrumental variables in Mendelian randomization: comparison of allele score and summarized data methods.,"Burgess S, Dudbridge F, Thompson SG.",Stat Med,2016,10.1002/sim.6835,26661904,,1003
10.1093/ije/dyy262,Genetics,An examination of multivariable Mendelian randomization in the single-sample and two-sample summary data settings.,"Sanderson E, Davey Smith G, Windmeijer F, Bowden J.",Int J Epidemiol,2019,10.1093/ije/dyy262,30535378,,966
10.1007/s40471-017-0128-6,Genetics,Recent Developments in Mendelian Randomization Studies.,"Zheng J, Baird D, Borges MC, Bowden J, Hemani G, Haycock P, Evans DM, Smith GD.",Curr Epidemiol Rep,2017,10.1007/s40471-017-0128-6,29226067,review,956
10.1093/ije/dyh132,Genetics,"Mendelian randomization: prospects, potentials, and limitations.","Smith GD, Ebrahim S.",Int J Epidemiol,2004,10.1093/ije/dyh132,15075143,review,944
10.1038/nrd2781,Genetics,Is NF-kappaB a good target for cancer therapy? Hopes and pitfalls.,"Baud V, Karin M.",Nat Rev Drug Discov,2009,10.1038/nrd2781,19116625,review,860
10.1038/ng.2876,Genetics,Advantages and pitfalls in the application of mixed-model association methods.,"Yang J, Zaitlen NA, Goddard ME, Visscher PM, Price AL.",Nat Genet,2014,10.1038/ng.2876,24473328,,853
10.1093/ije/dyy258,Genetics,Improving the accuracy of two-sample summary-data Mendelian randomization: moving beyond the NOME assumption.,"Bowden J, Del Greco M F, Minelli C, Zhao Q, Lawlor DA, Sheehan NA, Thompson J, Davey Smith G.",Int J Epidemiol,2019,10.1093/ije/dyy258,30561657,,851
10.1093/ije/dyx028,Genetics,"Two-sample Mendelian randomization: avoiding the downsides of a powerful, widely applicable but potentially fallible technique.","Hartwig FP, Davies NM, Hemani G, Davey Smith G.",Int J Epidemiol,2016,10.1093/ije/dyx028,28338968,,728
10.1038/s41588-020-0682-6,Genetics,Phenome-wide Mendelian randomization mapping the influence of the plasma proteome on complex diseases.,"Zheng J, Haberland V, Baird D, Walker V, Haycock PC, Hurle MR, Gutteridge A, Erola P, Liu Y, Luo S, Robinson J, Richardson TG, Staley JR, Elsworth B, Burgess S, Sun BB, Danesh J, Runz H, Maranville JC, Martin HM, Yarmolinsky J, Laurin C, Holmes MV, Liu JZ, Estrada K, Santos R, McCarthy L, Waterworth D, Nelson MR, Smith GD, Butterworth AS, Hemani G, Scott RA, Gaunt TR.",Nat Genet,2020,10.1038/s41588-020-0682-6,32895551,,726
10.1093/aje/kwn359,Genetics; Medical & clinical sciences,Hardy-Weinberg equilibrium testing of biological ascertainment for Mendelian randomization studies.,"Rodriguez S, Gaunt TR, Day IN.",Am J Epidemiol,2009,10.1093/aje/kwn359,19126586,,723
10.1371/journal.pmed.1001383,Genetics,Causal relationship between obesity and vitamin D status: bi-directional Mendelian randomization analysis of multiple cohorts.,"Vimaleswaran KS, Berry DJ, Lu C, Tikkanen E, Pilz S, Hiraki LT, Cooper JD, Dastani Z, Li R, Houston DK, Wood AR, Michaëlsson K, Vandenput L, Zgaga L, Yerges-Armstrong LM, McCarthy MI, Dupuis J, Kaakinen M, Kleber ME, Jameson K, Arden N, Raitakari O, Viikari J, Lohman KK, Ferrucci L, Melhus H, Ingelsson E, Byberg L, Lind L, Lorentzon M, Salomaa V, Campbell H, Dunlop M, Mitchell BD, Herzig KH, Pouta A, Hartikainen AL, Genetic Investigation of Anthropometric Traits-GIANT Consortium, Streeten EA, Theodoratou E, Jula A, Wareham NJ, Ohlsson C, Frayling TM, Kritchevsky SB, Spector TD, Richards JB, Lehtimäki T, Ouwehand WH, Kraft P, Cooper C, März W, Power C, Loos RJ, Wang TJ, Järvelin MR, Whittaker JC, Hingorani AD, Hyppönen E.",PLoS Med,2013,10.1371/journal.pmed.1001383,23393431,,704
10.1097/gim.0b013e3182217a3a,Genetics; Transcriptomics (bulk & single-cell),American College of Medical Genetics standards and guidelines for interpretation and reporting of postnatal constitutional copy number variants.,"Kearney HM, Thorland EC, Brown KK, Quintero-Rivera F, South ST, Working Group of the American College of Medical Genetics Laboratory Quality Assurance Committee.",Genet Med,2011,10.1097/gim.0b013e3182217a3a,21681106,,699
10.1101/cshperspect.a038984,Genetics,Multivariable Mendelian Randomization and Mediation.,Sanderson E.,Cold Spring Harb Perspect Med,2021,10.1101/cshperspect.a038984,32341063,review,697
10.1101/cshperspect.a040501,Genetics,Mendelian Randomization: Concepts and Scope.,"Richmond RC, Davey Smith G.",Cold Spring Harb Perspect Med,2022,10.1101/cshperspect.a040501,34426474,review,694
10.1534/genetics.107.074245,Genetics; Genomics & epigenomics,Genetic design and statistical power of nested association mapping in maize.,"Yu J, Holland JB, McMullen MD, Buckler ES.",Genetics,2008,10.1534/genetics.107.074245,18202393,,692
10.1093/ije/dyy101,Genetics,"Improving the visualization, interpretation and analysis of two-sample summary data Mendelian randomization via the Radial plot and Radial regression.","Bowden J, Spiller W, Del Greco M F, Sheehan N, Thompson J, Minelli C, Davey Smith G.",Int J Epidemiol,2018,10.1093/ije/dyy101,29961852,,691
10.1016/j.jacc.2012.09.017,Genetics,Effect of long-term exposure to lower low-density lipoprotein cholesterol beginning early in life on the risk of coronary heart disease: a Mendelian randomization analysis.,"Ference BA, Yoo W, Alesh I, Mahajan N, Mirowska KK, Mewada A, Kahn J, Afonso L, Williams KA, Flack JM.",J Am Coll Cardiol,2012,10.1016/j.jacc.2012.09.017,23083789,review,688
10.1007/s11306-007-0082-2,Genomics & epigenomics; Proteomics & metabolomics,Proposed minimum reporting standards for chemical analysis Chemical Analysis Working Group (CAWG) Metabolomics Standards Initiative (MSI).,"Sumner LW, Amberg A, Barrett D, Beale MH, Beger R, Daykin CA, Fan TW, Fiehn O, Goodacre R, Griffin JL, Hankemeier T, Hardy N, Harnly J, Higashi R, Kopka J, Lane AN, Lindon JC, Marriott P, Nicholls AW, Reily MD, Thaden JJ, Viant MR.",Metabolomics,2007,10.1007/s11306-007-0082-2,24039616,,4099
10.1186/s13059-016-0881-8,Genomics & epigenomics; Transcriptomics (bulk & single-cell); Bioinformatics & computational biology,A survey of best practices for RNA-seq data analysis.,"Conesa A, Madrigal P, Tarazona S, Gomez-Cabrero D, Cervera A, McPherson A, Szcześniak MW, Gaffney DJ, Elo LL, Zhang X, Mortazavi A.",Genome Biol,2016,10.1186/s13059-016-0881-8,26813401,review,1485
10.1038/s41592-021-01336-8,Genomics & epigenomics; Transcriptomics (bulk & single-cell); Bioinformatics & computational biology,Benchmarking atlas-level data integration in single-cell genomics.,"Luecken MD, Büttner M, Chaichoompu K, Danese A, Interlandi M, Mueller MF, Strobl DC, Zappia L, Dugas M, Colomé-Tatché M, Theis FJ.",Nat Methods,2022,10.1038/s41592-021-01336-8,34949812,,1381
10.3109/15412550903499522,Genomics & epigenomics; Medical & clinical sciences,Genetic epidemiology of COPD (COPDGene) study design.,"Regan EA, Hokanson JE, Murphy JR, Make B, Lynch DA, Beaty TH, Curran-Everett D, Silverman EK, Crapo JD.",COPD,2010,10.3109/15412550903499522,20214461,,1123
10.1016/j.cell.2019.08.051,Genomics & epigenomics,"Genome-wide Association Studies in Ancestrally Diverse Populations: Opportunities, Methods, Pitfalls, and Recommendations.","Peterson RE, Kuchenbaecker K, Walters RK, Chen CY, Popejoy AB, Periyasamy S, Lam M, Iyegbe C, Strawbridge RJ, Brick L, Carey CE, Martin AR, Meyers JL, Su J, Chen J, Edwards AC, Kalungi A, Koen N, Majara L, Schwarz E, Smoller JW, Stahl EA, Sullivan PF, Vassos E, Mowry B, Prieto ML, Cuellar-Barboza A, Bigdeli TB, Edenberg HJ, Huang H, Duncan LE.",Cell,2019,10.1016/j.cell.2019.08.051,31607513,review,715
10.1261/rna.053959.115,Genomics & epigenomics; Transcriptomics (bulk & single-cell),How many biological replicates are needed in an RNA-seq experiment and which differential expression tool should you use?,"Schurch NJ, Schofield P, Gierliński M, Cole C, Sherstnev A, Singh V, Wrobel N, Gharbi K, Simpson GG, Owen-Hughes T, Blaxter M, Barton GJ.",RNA,2016,10.1261/rna.053959.115,27022035,,669
10.1093/eurheartj/ehad736,Genomics & epigenomics,Mendelian randomization for cardiovascular diseases: principles and applications.,"Larsson SC, Butterworth AS, Burgess S.",Eur Heart J,2023,10.1093/eurheartj/ehad736,37935836,review,644
10.1001/jamapsychiatry.2019.3671,Genomics & epigenomics; Neuroscience,Establishment of Best Practices for Evidence for Prediction: A Review.,"Poldrack RA, Huckins G, Varoquaux G.",JAMA Psychiatry,2020,10.1001/jamapsychiatry.2019.3671,31774490,review,595
10.1002/gepi.22295,Genomics & epigenomics; Bioinformatics & computational biology,A comparison of robust Mendelian randomization methods using summary data.,"Slob EAW, Burgess S.",Genet Epidemiol,2020,10.1002/gepi.22295,32249995,,573
10.1038/nrg3457,Genomics & epigenomics,Pitfalls of predicting complex traits from SNPs.,"Wray NR, Yang J, Hayes BJ, Price AL, Goddard ME, Visscher PM.",Nat Rev Genet,2013,10.1038/nrg3457,23774735,review,570
10.1001/jamapsychiatry.2018.4175,Genomics & epigenomics,Assessment of Bidirectional Relationships Between Physical Activity and Depression Among Adults: A 2-Sample Mendelian Randomization Study.,"Choi KW, Chen CY, Stein MB, Klimentidis YC, Wang MJ, Koenen KC, Smoller JW, Major Depressive Disorder Working Group of the Psychiatric Genomics Consortium.",JAMA Psychiatry,2019,10.1001/jamapsychiatry.2018.4175,30673066,,563
10.3945/ajcn.115.118216,Genomics & epigenomics,"Best (but oft-forgotten) practices: the design, analysis, and interpretation of Mendelian randomization studies.","Haycock PC, Burgess S, Wade KH, Bowden J, Relton C, Davey Smith G.",Am J Clin Nutr,2016,10.3945/ajcn.115.118216,26961927,,550
10.1038/s41588-020-0631-4,Genomics & epigenomics,Mendelian randomization accounting for correlated and uncorrelated pleiotropic effects using genome-wide summary statistics.,"Morrison J, Knoblauch N, Marcus JH, Stephens M, He X.",Nat Genet,2020,10.1038/s41588-020-0631-4,32451458,,536
10.1093/ije/dyr233,Genomics & epigenomics,Two-step epigenetic Mendelian randomization: a strategy for establishing the causal role of epigenetic processes in pathways to disease.,"Relton CL, Davey Smith G.",Int J Epidemiol,2012,10.1093/ije/dyr233,22422451,,507
10.1101/gr.220640.117,Genomics & epigenomics,HiCRep: assessing the reproducibility of Hi-C data using a stratum-adjusted correlation coefficient.,"Yang T, Zhang F, Yardımcı GG, Song F, Hardison RC, Noble WS, Yue F, Li Q.",Genome Res,2017,10.1101/gr.220640.117,28855260,,486
10.1016/j.ajhg.2022.04.001,Genomics & epigenomics,Combining evidence from Mendelian randomization and colocalization: Review and comparison of approaches.,"Zuber V, Grinberg NF, Gill D, Manipur I, Slob EAW, Patel A, Wallace C, Burgess S.",Am J Hum Genet,2022,10.1016/j.ajhg.2022.04.001,35452592,review,461
10.1001/jamaoncol.2016.5945,Genomics & epigenomics,Association Between Telomere Length and Risk of Cancer and Non-Neoplastic Diseases: A Mendelian Randomization Study.,"Telomeres Mendelian Randomization Collaboration, Haycock PC, Burgess S, Nounu A, Zheng J, Okoli GN, Bowden J, Wade KH, Timpson NJ, Evans DM, Willeit P, Aviv A, Gaunt TR, Hemani G, Mangino M, Ellis HP, Kurian KM, Pooley KA, Eeles RA, Lee JE, Fang S, Chen WV, Law MH, Bowdler LM, Iles MM, Yang Q, Worrall BB, Markus HS, Hung RJ, Amos CI, Spurdle AB, Thompson DJ, O'Mara TA, Wolpin B, Amundadottir L, Stolzenberg-Solomon R, Trichopoulou A, Onland-Moret NC, Lund E, Duell EJ, Canzian F, Severi G, Overvad K, Gunter MJ, Tumino R, Svenson U, van Rij A, Baas AF, Bown MJ, Samani NJ, van t'Hof FNG, Tromp G, Jones GT, Kuivaniemi H, Elmore JR, Johansson M, Mckay J, Scelo G, Carreras-Torres R, Gaborieau V, Brennan P, Bracci PM, Neale RE, Olson SH, Gallinger S, Li D, Petersen GM, Risch HA, Klein AP, Han J, Abnet CC, Freedman ND, Taylor PR, Maris JM, Aben KK, Kiemeney LA, Vermeulen SH, Wiencke JK, Walsh KM, Wrensch M, Rice T, Turnbull C, Litchfield K, Paternoster L, Standl M, Abecasis GR, SanGiovanni JP, Li Y, Mijatovic V, Sapkota Y, Low SK, Zondervan KT, Montgomery GW, Nyholt DR, van Heel DA, Hunt K, Arking DE, Ashar FN, Sotoodehnia N, Woo D, Rosand J, Comeau ME, Brown WM, Silverman EK, Hokanson JE, Cho MH, Hui J, Ferreira MA, Thompson PJ, Morrison AC, Felix JF, Smith NL, Christiano AM, Petukhova L, Betz RC, Fan X, Zhang X, Zhu C, Langefeld CD, Thompson SD, Wang F, Lin X, Schwartz DA, Fingerlin T, Rotter JI, Cotch MF, Jensen RA, Munz M, Dommisch H, Schaefer AS, Han F, Ollila HM, Hillary RP, Albagha O, Ralston SH, Zeng C, Zheng W, Shu XO, Reis A, Uebe S, Hüffmeier U, Kawamura Y, Otowa T, Sasaki T, Hibberd ML, Davila S, Xie G, Siminovitch K, Bei JX, Zeng YX, Försti A, Chen B, Landi S, Franke A, Fischer A, Ellinghaus D, Flores C, Noth I, Ma SF, Foo JN, Liu J, Kim JW, Cox DG, Delattre O, Mirabeau O, Skibola CF, Tang CS, Garcia-Barcelo M, Chang KP, Su WH, Chang YS, Martin NG, Gordon S, Wade TD, Lee C, Kubo M, Cha PC, Nakamura Y, Levy D, Kimura M, Hwang SJ, Hunt S, Spector T, Soranzo N, Manichaikul AW, Barr RG, Kahali B, Speliotes E, Yerges-Armstrong LM, Cheng CY, Jonas JB, Wong TY, Fogh I, Lin K, Powell JF, Rice K, Relton CL, Martin RM, Davey Smith G.",JAMA Oncol,2017,10.1001/jamaoncol.2016.5945,28241208,,460
10.1038/nrg3706,Genomics & epigenomics,Statistical power and significance testing in large-scale genetic studies.,"Sham PC, Purcell SM.",Nat Rev Genet,2014,10.1038/nrg3706,24739678,review,446
10.1038/s41436-021-01172-3,Genomics & epigenomics,ACMG SF v3.0 list for reporting of secondary findings in clinical exome and genome sequencing: a policy statement of the American College of Medical Genetics and Genomics (ACMG).,"Miller DT, Lee K, Chung WK, Gordon AS, Herman GE, Klein TE, Stewart DR, Amendola LM, Adelman K, Bale SJ, Gollob MH, Harrison SM, Hershberger RE, McKelvey K, Richards CS, Vlangos CN, Watson MS, Martin CL, ACMG Secondary Findings Working Group.",Genet Med,2021,10.1038/s41436-021-01172-3,34012068,,435
10.1093/bioinformatics/btw026,Genomics & epigenomics; Bioinformatics & computational biology,Differential methylation analysis for BS-seq data under general experimental design.,"Park Y, Wu H.",Bioinformatics,2016,10.1093/bioinformatics/btw026,26819470,,433
10.1371/journal.pgen.1000477,Genomics & epigenomics,"Designing genome-wide association studies: sample size, power, imputation, and the choice of genotyping chip.","Spencer CC, Su Z, Donnelly P, Marchini J.",PLoS Genet,2009,10.1371/journal.pgen.1000477,19492015,,425
10.1016/j.gim.2023.100866,Genomics & epigenomics,ACMG SF v3.2 list for reporting of secondary findings in clinical exome and genome sequencing: A policy statement of the American College of Medical Genetics and Genomics (ACMG).,"Miller DT, Lee K, Abul-Husn NS, Amendola LM, Brothers K, Chung WK, Gollob MH, Gordon AS, Harrison SM, Hershberger RE, Klein TE, Richards CS, Stewart DR, Martin CL, ACMG Secondary Findings Working Group. Electronic address: documents@acmg.net.",Genet Med,2023,10.1016/j.gim.2023.100866,37347242,,402
10.5808/gi.2012.10.2.117,Genomics & epigenomics,Sample size and statistical power calculation in genetic association studies.,"Hong EP, Park JW.",Genomics Inform,2012,10.5808/gi.2012.10.2.117,23105939,,402
10.1093/biostatistics/kxj037,Transcriptomics (bulk & single-cell),Adjusting batch effects in microarray expression data using empirical Bayes methods.,"Johnson WE, Li C, Rabinovic A.",Biostatistics,2007,10.1093/biostatistics/kxj037,16632515,,6871
10.1038/nbt.4091,Transcriptomics (bulk & single-cell),Batch effects in single-cell RNA-sequencing data are corrected by matching mutual nearest neighbors.,"Haghverdi L, Lun ATL, Morgan MD, Marioni JC.",Nat Biotechnol,2018,10.1038/nbt.4091,29608177,,2193
10.1101/gr.079558.108,Transcriptomics (bulk & single-cell),RNA-seq: an assessment of technical reproducibility and comparison with gene expression arrays.,"Marioni JC, Mason CE, Mane SM, Stephens M, Gilad Y.",Genome Res,2008,10.1101/gr.079558.108,18550803,,1985
10.15252/msb.20188746,Transcriptomics (bulk & single-cell),Current best practices in single-cell RNA-seq analysis: a tutorial.,"Luecken MD, Theis FJ.",Mol Syst Biol,2019,10.15252/msb.20188746,31217225,review,1943
10.1038/nbt1239,Transcriptomics (bulk & single-cell),The MicroArray Quality Control (MAQC) project shows inter- and intraplatform reproducibility of gene expression measurements.,"MAQC Consortium, Shi L, Reid LH, Jones WD, Shippy R, Warrington JA, Baker SC, Collins PJ, de Longueville F, Kawasaki ES, Lee KY, Luo Y, Sun YA, Willey JC, Setterquist RA, Fischer GM, Tong W, Dragan YP, Dix DJ, Frueh FW, Goodsaid FM, Herman D, Jensen RV, Johnson CD, Lobenhofer EK, Puri RK, Schrf U, Thierry-Mieg J, Wang C, Wilson M, Wolber PK, Zhang L, Amur S, Bao W, Barbacioru CC, Lucas AB, Bertholet V, Boysen C, Bromley B, Brown D, Brunner A, Canales R, Cao XM, Cebula TA, Chen JJ, Cheng J, Chu TM, Chudin E, Corson J, Corton JC, Croner LJ, Davies C, Davison TS, Delenstarr G, Deng X, Dorris D, Eklund AC, Fan XH, Fang H, Fulmer-Smentek S, Fuscoe JC, Gallagher K, Ge W, Guo L, Guo X, Hager J, Haje PK, Han J, Han T, Harbottle HC, Harris SC, Hatchwell E, Hauser CA, Hester S, Hong H, Hurban P, Jackson SA, Ji H, Knight CR, Kuo WP, LeClerc JE, Levy S, Li QZ, Liu C, Liu Y, Lombardi MJ, Ma Y, Magnuson SR, Maqsodi B, McDaniel T, Mei N, Myklebost O, Ning B, Novoradovskaya N, Orr MS, Osborn TW, Papallo A, Patterson TA, Perkins RG, Peters EH, Peterson R, Philips KL, Pine PS, Pusztai L, Qian F, Ren H, Rosen M, Rosenzweig BA, Samaha RR, Schena M, Schroth GP, Shchegrova S, Smith DD, Staedtler F, Su Z, Sun H, Szallasi Z, Tezak Z, Thierry-Mieg D, Thompson KL, Tikhonova I, Turpaz Y, Vallanat B, Van C, Walker SJ, Wang SJ, Wang Y, Wolfinger R, Wong A, Wu J, Xiao C, Xie Q, Xu J, Yang W, Zhang L, Zhong S, Zong Y, Slikker W.",Nat Biotechnol,2006,10.1038/nbt1239,16964229,,1482
10.1093/nargab/lqaa078,Transcriptomics (bulk & single-cell),<i>ComBat-seq</i>: batch effect adjustment for RNA-seq count data.,"Zhang Y, Parmigiani G, Johnson WE.",NAR Genom Bioinform,2020,10.1093/nargab/lqaa078,33015620,,1326
10.1038/s41576-023-00586-w,Transcriptomics (bulk & single-cell); Bioinformatics & computational biology,Best practices for single-cell analysis across modalities.,"Heumos L, Schaar AC, Lance C, Litinetskaya A, Drost F, Zappia L, Lücken MD, Strobl DC, Henao J, Curion F, Single-cell Best Practices Consortium, Schiller HB, Theis FJ.",Nat Rev Genet,2023,10.1038/s41576-023-00586-w,37002403,review,997
10.1186/s13059-019-1850-9,Transcriptomics (bulk & single-cell); Bioinformatics & computational biology,A benchmark of batch-effect correction methods for single-cell RNA sequencing data.,"Tran HTN, Ang KS, Chevrier M, Zhang X, Lee NYS, Goh M, Chen J.",Genome Biol,2020,10.1186/s13059-019-1850-9,31948481,,878
10.1038/s41592-019-0690-6,Transcriptomics (bulk & single-cell); Bioinformatics & computational biology,Benchmarking algorithms for gene regulatory network inference from single-cell transcriptomic data.,"Pratapa A, Jalihal AP, Law JN, Bharadwaj A, Murali TM.",Nat Methods,2020,10.1038/s41592-019-0690-6,31907445,,662
10.1093/jnci/95.1.14,Transcriptomics (bulk & single-cell),Pitfalls in the use of DNA microarray data for diagnostic and prognostic classification.,"Simon R, Radmacher MD, Dobbin K, McShane LM.",J Natl Cancer Inst,2003,10.1093/jnci/95.1.14,12509396,review,633
10.1038/ng1031,Transcriptomics (bulk & single-cell),Fundamentals of experimental design for cDNA microarrays.,Churchill GA.,Nat Genet,2002,10.1038/ng1031,12454643,review,593
10.1038/nmeth.4220,Transcriptomics (bulk & single-cell),Power analysis of single-cell RNA-sequencing experiments.,"Svensson V, Natarajan KN, Ly LH, Miragaia RJ, Labalette C, Macaulay IC, Cvejic A, Teichmann SA.",Nat Methods,2017,10.1038/nmeth.4220,28263961,,489
10.1038/s41587-020-0469-4,Transcriptomics (bulk & single-cell); Bioinformatics & computational biology,Benchmarking single-cell RNA-sequencing protocols for cell atlas projects.,"Mereu E, Lafzi A, Moutinho C, Ziegenhain C, McCarthy DJ, Álvarez-Varela A, Batlle E, Sagar, Grün D, Lau JK, Boutet SC, Sanada C, Ooi A, Jones RC, Kaihara K, Brampton C, Talaga Y, Sasagawa Y, Tanaka K, Hayashi T, Braeuning C, Fischer C, Sauer S, Trefzer T, Conrad C, Adiconis X, Nguyen LT, Regev A, Levin JZ, Parekh S, Janjic A, Wange LE, Bagnoli JW, Enard W, Gut M, Sandberg R, Nikaido I, Gut I, Stegle O, Heyn H.",Nat Biotechnol,2020,10.1038/s41587-020-0469-4,32518403,,420
10.1093/jnci/djk018,Transcriptomics (bulk & single-cell),Critical review of published microarray studies for cancer outcome and guidelines on statistical analysis and reporting.,"Dupuy A, Simon RM.",J Natl Cancer Inst,2007,10.1093/jnci/djk018,17227998,review,403
10.1038/s41592-022-01480-9,Transcriptomics (bulk & single-cell); Bioinformatics & computational biology,Benchmarking spatial and single-cell transcriptomics integration methods for transcript distribution prediction and cell type deconvolution.,"Li B, Zhang W, Guo C, Xu H, Li L, Fang M, Hu Y, Zhang X, Yao X, Tang M, Liu K, Zhao X, Lin J, Cheng L, Chen F, Xue T, Qu K.",Nat Methods,2022,10.1038/s41592-022-01480-9,35577954,,396
10.1371/journal.pone.0017238,Transcriptomics (bulk & single-cell),Removing batch effects in analysis of expression microarray data: an evaluation of six batch adjustment methods.,"Chen C, Grennan K, Badner J, Zhang D, Gershon E, Jin L, Liu C.",PLoS One,2011,10.1371/journal.pone.0017238,21386892,,389
10.1016/j.tig.2005.12.005,Transcriptomics (bulk & single-cell),Reliability and reproducibility issues in DNA microarray measurements.,"Draghici S, Khatri P, Eklund AC, Szallasi Z.",Trends Genet,2006,10.1016/j.tig.2005.12.005,16380191,review,388
10.1038/s41467-020-19015-1,Transcriptomics (bulk & single-cell); Bioinformatics & computational biology,Benchmarking of cell type deconvolution pipelines for transcriptomics data.,"Avila Cobos F, Alquicira-Hernandez J, Powell JE, Mestdagh P, De Preter K.",Nat Commun,2020,10.1038/s41467-020-19015-1,33159064,,367
10.1093/biostatistics/2.2.183,Transcriptomics (bulk & single-cell),Experimental design for gene expression microarrays.,"Kerr MK, Churchill GA.",Biostatistics,2001,10.1093/biostatistics/2.2.183,12933549,,355
10.1093/bioinformatics/bti422,Transcriptomics (bulk & single-cell),"Penalized Cox regression analysis in the high-dimensional and low-sample size settings, with applications to microarray gene expression data.","Gui J, Li H.",Bioinformatics,2005,10.1093/bioinformatics/bti422,15814556,,339
10.1186/s13059-015-0762-6,Transcriptomics (bulk & single-cell),Tools and best practices for data processing in allelic expression analysis.,"Castel SE, Levy-Moonshine A, Mohammadi P, Banks E, Lappalainen T.",Genome Biol,2015,10.1186/s13059-015-0762-6,26381377,,336
10.1093/bioinformatics/bti448,Transcriptomics (bulk & single-cell),"False discovery rate, sensitivity and sample size for microarray studies.","Pawitan Y, Michiels S, Koscielny S, Gusnanto A, Ploner A.",Bioinformatics,2005,10.1093/bioinformatics/bti448,15840707,,329
10.1038/s41598-017-01617-3,Transcriptomics (bulk & single-cell); Bioinformatics & computational biology,Benchmarking of RNA-sequencing analysis workflows using whole-transcriptome RT-qPCR expression data.,"Everaert C, Luypaert M, Maag JLV, Cheng QX, Dinger ME, Hellemans J, Mestdagh P.",Sci Rep,2017,10.1038/s41598-017-01617-3,28484260,,308
10.1097/pas.0b013e31827f576a,Transcriptomics (bulk & single-cell),Poor interobserver reproducibility in the diagnosis of high-grade endometrial carcinoma.,"Gilks CB, Oliva E, Soslow RA.",Am J Surg Pathol,2013,10.1097/pas.0b013e31827f576a,23629444,,302
10.1038/srep39921,Transcriptomics (bulk & single-cell),Batch effects and the effective design of single-cell gene expression studies.,"Tung PY, Blischak JD, Hsiao CJ, Knowles DA, Burnett JE, Pritchard JK, Gilad Y.",Sci Rep,2017,10.1038/srep39921,28045081,,301
10.1093/biostatistics/kxv027,Transcriptomics (bulk & single-cell),Methods that remove batch effects while retaining group differences may lead to exaggerated confidence in downstream analyses.,"Nygaard V, Rødland EA, Hovig E.",Biostatistics,2016,10.1093/biostatistics/kxv027,26272994,,293
10.1038/s41467-020-15851-3,"Transcriptomics (bulk & single-cell); Data science, ML & health informatics",Deep learning enables accurate clustering with batch effect removal in single-cell RNA-seq analysis.,"Li X, Wang K, Lyu Y, Pan H, Zhang J, Stambolian D, Susztak K, Reilly MP, Hu G, Li M.",Nat Commun,2020,10.1038/s41467-020-15851-3,32393754,,290
10.1038/s41592-019-0425-8,Transcriptomics (bulk & single-cell); Bioinformatics & computational biology,Benchmarking single cell RNA-sequencing analysis pipelines using mixture control experiments.,"Tian L, Dong X, Freytag S, Lê Cao KA, Su S, JalalAbadi A, Amann-Zalcenstein D, Weber TS, Seidi A, Jabbari JS, Naik SH, Ritchie ME.",Nat Methods,2019,10.1038/s41592-019-0425-8,31133762,,281
10.1038/nmeth757,Transcriptomics (bulk & single-cell),Independence and reproducibility across microarray platforms.,"Larkin JE, Frank BC, Gavras H, Sultana R, Quackenbush J.",Nat Methods,2005,10.1038/nmeth757,15846360,,274
10.1371/journal.pmed.1002215,Transcriptomics (bulk & single-cell),Association of Body Mass Index with DNA Methylation and Gene Expression in Blood Cells and Relations to Cardiometabolic Disease: A Mendelian Randomization Approach.,"Mendelson MM, Marioni RE, Joehanes R, Liu C, Hedman ÅK, Aslibekyan S, Demerath EW, Guan W, Zhi D, Yao C, Huan T, Willinger C, Chen B, Courchesne P, Multhaup M, Irvin MR, Cohain A, Schadt EE, Grove ML, Bressler J, North K, Sundström J, Gustafsson S, Shah S, McRae AF, Harris SE, Gibson J, Redmond P, Corley J, Murphy L, Starr JM, Kleinbrink E, Lipovich L, Visscher PM, Wray NR, Krauss RM, Fallin D, Feinberg A, Absher DM, Fornage M, Pankow JS, Lind L, Fox C, Ingelsson E, Arnett DK, Boerwinkle E, Liang L, Levy D, Deary IJ.",PLoS Med,2017,10.1371/journal.pmed.1002215,28095459,,269
10.1002/pd.5102,Transcriptomics (bulk & single-cell),"Promises, pitfalls and practicalities of prenatal whole exome sequencing.","Best S, Wou K, Vora N, Van der Veyver IB, Wapner R, Chitty LS.",Prenat Diagn,2018,10.1002/pd.5102,28654730,review,262
10.1038/s41467-021-21038-1,Transcriptomics (bulk & single-cell),A practical solution to pseudoreplication bias in single-cell studies.,"Zimmerman KD, Espeland MA, Langefeld CD.",Nat Commun,2021,10.1038/s41467-021-21038-1,33531494,,254
10.1001/jamapsychiatry.2022.0407,Transcriptomics (bulk & single-cell),Inflammation and Brain Structure in Schizophrenia and Other Neuropsychiatric Disorders: A Mendelian Randomization Study.,"Williams JA, Burgess S, Suckling J, Lalousis PA, Batool F, Griffiths SL, Palmer E, Karwath A, Barsky A, Gkoutos GV, Wood S, Barnes NM, David AS, Donohoe G, Neill JC, Deakin B, Khandaker GM, Upthegrove R, PIMS Collaboration.",JAMA Psychiatry,2022,10.1001/jamapsychiatry.2022.0407,35353173,,251
10.1089/cmb.2012.0283,Transcriptomics (bulk & single-cell),Calculating sample size estimates for RNA sequencing data.,"Hart SN, Therneau TM, Zhang Y, Poland GA, Kocher JP.",J Comput Biol,2013,10.1089/cmb.2012.0283,23961961,,249
10.1038/nmeth.2015,Proteomics & metabolomics,"Selected reaction monitoring-based proteomics: workflows, potential, pitfalls and future directions.","Picotti P, Aebersold R.",Nat Methods,2012,10.1038/nmeth.2015,22669653,review,945
10.1038/nbt.1546,Proteomics & metabolomics; Bioinformatics & computational biology; Preclinical animal research,Multi-site assessment of the precision and reproducibility of multiple reaction monitoring-based measurements of proteins in plasma.,"Addona TA, Abbatiello SE, Schilling B, Skates SJ, Mani DR, Bunk DM, Spiegelman CH, Zimmerman LJ, Ham AJ, Keshishian H, Hall SC, Allen S, Blackman RK, Borchers CH, Buck C, Cardasis HL, Cusack MP, Dodder NG, Gibson BW, Held JM, Hiltke T, Jackson A, Johansen EB, Kinsinger CR, Li J, Mesri M, Neubert TA, Niles RK, Pulsipher TC, Ransohoff D, Rodriguez H, Rudnick PA, Smith D, Tabb DL, Tegeler TJ, Variyath AM, Vega-Montoto LJ, Wahlander A, Waldemarson S, Wang M, Whiteaker JR, Zhao L, Anderson NL, Fisher SJ, Liebler DC, Paulovich AG, Regnier FE, Tempst P, Carr SA.",Nat Biotechnol,2009,10.1038/nbt.1546,19561596,,820
10.1038/s41592-021-01197-1,Proteomics & metabolomics,"Mass spectrometry-based metabolomics: a guide for annotation, quantification and best reporting practices.","Alseekh S, Aharoni A, Brotman Y, Contrepois K, D'Auria J, Ewald J, C Ewald J, Fraser PD, Giavalisco P, Hall RD, Heinemann M, Link H, Luo J, Neumann S, Nielsen J, Perez de Souza L, Saito K, Sauer U, Schroeder FC, Schuster S, Siuzdak G, Skirycz A, Sumner LW, Snyder MP, Tang H, Tohge T, Wang Y, Wen W, Wu S, Xu G, Zamboni N, Fernie AR.",Nat Methods,2021,10.1038/s41592-021-01197-1,34239102,review,813
10.1038/s41592-019-0459-y,Proteomics & metabolomics,"Recommendations for performing, interpreting and reporting hydrogen deuterium exchange mass spectrometry (HDX-MS) experiments.","Masson GR, Burke JE, Ahn NG, Anand GS, Borchers C, Brier S, Bou-Assaf GM, Engen JR, Englander SW, Faber J, Garlish R, Griffin PR, Gross ML, Guttman M, Hamuro Y, Heck AJR, Houde D, Iacob RE, Jørgensen TJD, Kaltashov IA, Klinman JP, Konermann L, Man P, Mayne L, Pascal BD, Reichmann D, Skehel M, Snijder J, Strutzenberg TS, Underbakke ES, Wagner C, Wales TE, Walters BT, Weis DD, Wilson DJ, Wintrode PL, Zhang Z, Zheng J, Schriemer DC, Rand KD.",Nat Methods,2019,10.1038/s41592-019-0459-y,31249422,review,684
10.1007/s11306-018-1367-3,Proteomics & metabolomics,Guidelines and considerations for the use of system suitability and quality control samples in mass spectrometry assays applied in untargeted clinical metabolomic studies.,"Broadhurst D, Goodacre R, Reinke SN, Kuligowski J, Wilson ID, Lewis MR, Dunn WB.",Metabolomics,2018,10.1007/s11306-018-1367-3,29805336,review,661
10.1002/pmic.200390006,Proteomics & metabolomics,A novel experimental design for comparative two-dimensional gel analysis: two-dimensional difference gel electrophoresis incorporating a pooled internal standard.,"Alban A, David SO, Bjorkesten L, Andersson C, Sloge E, Lewis S, Currie I.",Proteomics,2003,10.1002/pmic.200390006,12548632,,643
10.1111/j.1365-313x.2007.03387.x,Proteomics & metabolomics,Quality control for plant metabolomics: reporting MSI-compliant studies.,"Fiehn O, Wohlgemuth G, Scholz M, Kind T, Lee DY, Lu Y, Moon S, Nikolau B.",Plant J,2008,10.1111/j.1365-313x.2007.03387.x,18269577,,522
10.1038/s41467-017-00249-5,Proteomics & metabolomics,"Multi-laboratory assessment of reproducibility, qualitative and quantitative performance of SWATH-mass spectrometry.","Collins BC, Hunter CL, Liu Y, Schilling B, Rosenberger G, Bader SL, Chan DW, Gibson BW, Gingras AC, Held JM, Hirayama-Kurogi M, Hou G, Krisp C, Larsen B, Lin L, Liu S, Molloy MP, Moritz RL, Ohtsuki S, Schlapbach R, Selevsek N, Thomas SN, Tzeng SC, Zhang H, Aebersold R.",Nat Commun,2017,10.1038/s41467-017-00249-5,28827567,,507
10.1074/mcp.ra117.000314,Proteomics & metabolomics,Optimization of Experimental Parameters in Data-Independent Mass Spectrometry Significantly Increases Depth and Reproducibility of Results.,"Bruderer R, Bernhardt OM, Gandhi T, Xuan Y, Sondermann J, Schmidt M, Gomez-Varela D, Reiter L.",Mol Cell Proteomics,2017,10.1074/mcp.ra117.000314,29070702,,481
10.1074/mcp.m113.036095,Proteomics & metabolomics,Targeted peptide measurements in biology and medicine: best practices for mass spectrometry-based assay development using a fit-for-purpose approach.,"Carr SA, Abbatiello SE, Ackermann BL, Borchers C, Domon B, Deutsch EW, Grant RP, Hoofnagle AN, Hüttenhain R, Koomen JM, Liebler DC, Liu T, MacLean B, Mani DR, Mansfield E, Neubert H, Paulovich AG, Reiter L, Vitek O, Aebersold R, Anderson L, Bethem R, Blonder J, Boja E, Botelho J, Boyne M, Bradshaw RA, Burlingame AL, Chan D, Keshishian H, Kuhn E, Kinsinger C, Lee JS, Lee SW, Moritz R, Oses-Prieto J, Rifai N, Ritchie J, Rodriguez H, Srinivas PR, Townsend RR, Van Eyk J, Whiteley G, Wiita A, Weintraub S.",Mol Cell Proteomics,2014,10.1074/mcp.m113.036095,24443746,,469
10.1021/pr9006365,Proteomics & metabolomics,Repeatability and reproducibility in proteomic identifications by liquid chromatography-tandem mass spectrometry.,"Tabb DL, Vega-Montoto L, Rudnick PA, Variyath AM, Ham AJ, Bunk DM, Kilpatrick LE, Billheimer DD, Blackman RK, Cardasis HL, Carr SA, Clauser KR, Jaffe JD, Kowalski KA, Neubert TA, Regnier FE, Schilling B, Tegeler TJ, Wang M, Wang P, Whiteaker JR, Zimmerman LJ, Fisher SJ, Gibson BW, Kinsinger CR, Mesri M, Rodriguez H, Stein SE, Tempst P, Paulovich AG, Liebler DC, Spiegelman C.",J Proteome Res,2010,10.1021/pr9006365,19921851,,462
10.1021/pr070183p,Proteomics & metabolomics; Multi-omics & systems biology,Within-day reproducibility of an HPLC-MS-based method for metabonomic analysis: application to human urine.,"Gika HG, Theodoridis GA, Wingate JE, Wilson ID.",J Proteome Res,2007,10.1021/pr070183p,17625818,,399
10.1186/2047-217x-2-13,Proteomics & metabolomics,The role of reporting standards for metabolite annotation and identification in metabolomic studies.,"Salek RM, Steinbeck C, Viant MR, Goodacre R, Dunn WB.",Gigascience,2013,10.1186/2047-217x-2-13,24131531,,361
10.1002/mas.21585,Proteomics & metabolomics,Recommendations for reporting ion mobility Mass Spectrometry measurements.,"Gabelica V, Shvartsburg AA, Afonso C, Barran P, Benesch JLP, Bleiholder C, Bowers MT, Bilbao A, Bush MF, Campbell JL, Campuzano IDG, Causon T, Clowers BH, Creaser CS, De Pauw E, Far J, Fernandez-Lima F, Fjeldsted JC, Giles K, Groessl M, Hogan CJ, Hann S, Kim HI, Kurulugama RT, May JC, McLean JA, Pagel K, Richardson K, Ridgeway ME, Rosu F, Sobott F, Thalassinos K, Valentine SJ, Wyttenbach T.",Mass Spectrom Rev,2019,10.1002/mas.21585,30707468,review,355
10.1146/annurev-biochem-061516-044952,Proteomics & metabolomics,Metabolite Measurement: Pitfalls to Avoid and Practices to Follow.,"Lu W, Su X, Klein MS, Lewis IA, Fiehn O, Rabinowitz JD.",Annu Rev Biochem,2017,10.1146/annurev-biochem-061516-044952,28654323,review,338
10.1016/j.ab.2004.04.037,Proteomics & metabolomics,Design of experiments: an efficient strategy to identify factors influencing extraction and derivatization of Arabidopsis thaliana samples in metabolomic studies with gas chromatography/mass spectrometry.,"Gullberg J, Jonsson P, Nordström A, Sjöström M, Moritz T.",Anal Biochem,2004,10.1016/j.ab.2004.04.037,15265734,,312
10.4155/bio.12.204,Proteomics & metabolomics,The importance of experimental design and QC samples in large-scale and MS-driven untargeted metabolomic studies of humans.,"Dunn WB, Wilson ID, Nicholls AW, Broadhurst D.",Bioanalysis,2012,10.4155/bio.12.204,23046267,review,308
10.1038/s41592-019-0457-0,Proteomics & metabolomics,Best practices and benchmarks for intact protein analysis for top-down mass spectrometry.,"Donnelly DP, Rawlins CM, DeHart CJ, Fornelli L, Schachner LF, Lin Z, Lippens JL, Aluri KC, Sarin R, Chen B, Lantz C, Jung W, Johnson KR, Koller A, Wolff JJ, Campuzano IDG, Auclair JR, Ivanov AR, Whitelegge JP, Paša-Tolić L, Chamot-Rooke J, Danis PO, Smith LM, Tsybin YO, Loo JA, Ge Y, Kelleher NL, Agar JN.",Nat Methods,2019,10.1038/s41592-019-0457-0,31249407,review,283
10.1289/ehp.02110515,Proteomics & metabolomics,Reproducibility of urinary phthalate metabolites in first morning urine samples.,"Hoppin JA, Brock JW, Davis BJ, Baird DD.",Environ Health Perspect,2002,10.1289/ehp.02110515,12003755,,272
10.1373/clinchem.2004.038950,Proteomics & metabolomics,Evaluation of serum protein profiling by surface-enhanced laser desorption/ionization time-of-flight mass spectrometry for the detection of prostate cancer: I. Assessment of platform reproducibility.,"Semmes OJ, Feng Z, Adam BL, Banez LL, Bigbee WL, Campos D, Cazares LH, Chan DW, Grizzle WE, Izbicka E, Kagan J, Malik G, McLerran D, Moul JW, Partin A, Prasanna P, Rosenzweig J, Sokoll LJ, Srivastava S, Srivastava S, Thompson I, Welsh MJ, White N, Winget M, Yasui Y, Zhang Z, Zhu L.",Clin Chem,2005,10.1373/clinchem.2004.038950,15613711,,257
10.1371/journal.pmed.1001765,Proteomics & metabolomics,Metabolic signatures of adiposity in young adults: Mendelian randomization analysis and effects of weight change.,"Würtz P, Wang Q, Kangas AJ, Richmond RC, Skarp J, Tiainen M, Tynkkynen T, Soininen P, Havulinna AS, Kaakinen M, Viikari JS, Savolainen MJ, Kähönen M, Lehtimäki T, Männistö S, Blankenberg S, Zeller T, Laitinen J, Pouta A, Mäntyselkä P, Vanhala M, Elliott P, Pietiläinen KH, Ripatti S, Salomaa V, Raitakari OT, Järvelin MR, Smith GD, Ala-Korpela M.",PLoS Med,2014,10.1371/journal.pmed.1001765,25490400,,256
10.1021/acs.est.9b02293,Proteomics & metabolomics,Benchmarking the in Vitro Toxicity and Chemical Composition of Plastic Consumer Products.,"Zimmermann L, Dierkes G, Ternes TA, Völker C, Wagner M.",Environ Sci Technol,2019,10.1021/acs.est.9b02293,31380625,,247
10.1038/s41467-018-03309-6,Proteomics & metabolomics,Benchmarking common quantification strategies for large-scale phosphoproteomics.,"Hogrebe A, von Stechow L, Bekker-Jensen DB, Weinert BT, Kelstrup CD, Olsen JV.",Nat Commun,2018,10.1038/s41467-018-03309-6,29535314,,243
10.1373/clinchem.2012.199133,Proteomics & metabolomics,Reproducibility of metabolomic profiles among men and women in 2 large cohort studies.,"Townsend MK, Clish CB, Kraft P, Wu C, Souza AL, Deik AA, Tworoger SS, Wolpin BM.",Clin Chem,2013,10.1373/clinchem.2012.199133,23897902,,217
10.1007/s00216-008-2231-5,Proteomics & metabolomics,Chances and pitfalls of chemical cross-linking with amine-reactive N-hydroxysuccinimide esters.,"Kalkhof S, Sinz A.",Anal Bioanal Chem,2008,10.1007/s00216-008-2231-5,18724398,,213
10.1007/s10545-017-0130-7,Proteomics & metabolomics,Promises and pitfalls of untargeted metabolomics.,"Gertsman I, Barshop BA.",J Inherit Metab Dis,2018,10.1007/s10545-017-0130-7,29536203,review,207
10.1021/acs.analchem.6b02930,Proteomics & metabolomics,Interlaboratory Reproducibility of a Targeted Metabolomics Platform for Analysis of Human Serum and Plasma.,"Siskos AP, Jain P, Römisch-Margl W, Bennett M, Achaintre D, Asad Y, Marney L, Richardson L, Koulman A, Griffin JL, Raynaud F, Scalbert A, Adamski J, Prehn C, Keun HC.",Anal Chem,2017,10.1021/acs.analchem.6b02930,27959516,,207
10.1038/s41596-021-00566-6,Proteomics & metabolomics,Tutorial: best practices and considerations for mass-spectrometry-based protein biomarker discovery and validation.,"Nakayasu ES, Gritsenko M, Piehowski PD, Gao Y, Orton DJ, Schepmoes AA, Fillmore TL, Frohnert BI, Rewers M, Krischer JP, Ansong C, Suchy-Dicey AM, Evans-Molina C, Qian WJ, Webb-Robertson BM, Metz TO.",Nat Protoc,2021,10.1038/s41596-021-00566-6,34244696,review,206
10.1021/pr050406g,Proteomics & metabolomics,"Label-free protein quantification using LC-coupled ion trap or FT mass spectrometry: Reproducibility, linearity, and application with complex proteomes.","Wang G, Wu WW, Zeng W, Chou CL, Shen RF.",J Proteome Res,2006,10.1021/pr050406g,16674111,,196
10.1373/clinchem.2009.138602,Proteomics & metabolomics,Pitfalls associated with the use of liquid chromatography-tandem mass spectrometry in the clinical laboratory.,"Vogeser M, Seger C.",Clin Chem,2010,10.1373/clinchem.2009.138602,20511452,review,192
10.1021/ac035229m,Proteomics & metabolomics,Improving reproducibility and sensitivity in identifying human proteins by shotgun proteomics.,"Resing KA, Meyer-Arendt K, Mendoza AM, Aveline-Wolf LD, Jonscher KR, Pierce KG, Old WM, Cheung HT, Russell S, Wattawa JL, Goehle GR, Knight RD, Ahn NG.",Anal Chem,2004,10.1021/ac035229m,15228325,,183
10.1038/s41598-018-26640-w,Proteomics & metabolomics,Stability and reproducibility of proteomic profiles measured with an aptamer-based platform.,"Kim CH, Tworoger SS, Stampfer MJ, Dillon ST, Gu X, Sawyer SJ, Chan AT, Libermann TA, Eliassen AH.",Sci Rep,2018,10.1038/s41598-018-26640-w,29849057,,176
10.1038/s41592-023-01785-3,Proteomics & metabolomics,"Initial recommendations for performing, benchmarking and reporting single-cell proteomics experiments.","Gatto L, Aebersold R, Cox J, Demichev V, Derks J, Emmott E, Franks AM, Ivanov AR, Kelly RT, Khoury L, Leduc A, MacCoss MJ, Nemes P, Perlman DH, Petelski AA, Rose CM, Schoof EM, Van Eyk J, Vanderaa C, Yates JR, Slavov N.",Nat Methods,2023,10.1038/s41592-023-01785-3,36864200,review,175
10.1038/nmeth.2400,Proteomics & metabolomics,Interlaboratory reproducibility of large-scale human protein-complex analysis by standardized AP-MS.,"Varjosalo M, Sacco R, Stukalov A, van Drogen A, Planyavsky M, Hauri S, Aebersold R, Bennett KL, Colinge J, Gstaiger M, Superti-Furga G.",Nat Methods,2013,10.1038/nmeth.2400,23455922,,175
10.1074/mcp.ra119.001714,Proteomics & metabolomics,"Reproducibility, Specificity and Accuracy of Relative Quantification Using Spectral Library-based Data-independent Acquisition.","Barkovits K, Pacharra S, Pfeiffer K, Steinbach S, Eisenacher M, Marcus K, Uszkoreit J.",Mol Cell Proteomics,2020,10.1074/mcp.ra119.001714,31699904,,168
10.1161/circulationaha.121.056663,Proteomics & metabolomics,Therapeutic Targets for Heart Failure Identified Using Proteomics and Mendelian Randomization.,"Henry A, Gordillo-Marañón M, Finan C, Schmidt AF, Ferreira JP, Karra R, Sundström J, Lind L, Ärnlöv J, Zannad F, Mälarstig A, Hingorani AD, Lumbers RT, HERMES and SCALLOP Consortia.",Circulation,2022,10.1161/circulationaha.121.056663,35300523,,152
10.1007/s11306-022-01926-3,Proteomics & metabolomics,Quality assurance and quality control reporting in untargeted metabolic phenotyping: mQACC recommendations for analytical quality management.,"Kirwan JA, Gika H, Beger RD, Bearden D, Dunn WB, Goodacre R, Theodoridis G, Witting M, Yu LR, Wilson ID, metabolomics Quality Assurance and Quality Control Consortium (mQACC).",Metabolomics,2022,10.1007/s11306-022-01926-3,36029375,review,148
10.1146/annurev-genom-090314-050016,Multi-omics & systems biology,Mendelian Randomization: New Applications in the Coming Age of Hypothesis-Free Causality.,"Evans DM, Davey Smith G.",Annu Rev Genomics Hum Genet,2015,10.1146/annurev-genom-090314-050016,25939054,review,446
10.1371/journal.pcbi.1005456,Multi-omics & systems biology,Interrogating the topological robustness of gene regulatory circuits by randomization.,"Huang B, Lu M, Jia D, Ben-Jacob E, Levine H, Onuchic JN.",PLoS Comput Biol,2017,10.1371/journal.pcbi.1005456,28362798,,171
10.1186/s12916-023-02878-8,Multi-omics & systems biology,"Oxidative stress gene expression, DNA methylation, and gut microbiota interaction trigger Crohn's disease: a multi-omics Mendelian randomization study.","Xu S, Li X, Zhang S, Qi C, Zhang Z, Ma R, Xiang L, Chen L, Zhu Y, Tang C, Bourgonje AR, Li M, He Y, Zeng Z, Hu S, Feng R, Chen M.",BMC Med,2023,10.1186/s12916-023-02878-8,37170220,,170
10.1038/s41467-020-20430-7,Multi-omics & systems biology,Benchmarking joint multi-omics dimensionality reduction approaches for the study of cancer.,"Cantini L, Zakeri P, Hernandez C, Naldi A, Thieffry D, Remy E, Baudot A.",Nat Commun,2021,10.1038/s41467-020-20430-7,33402734,,153
10.1111/j.1742-4658.2008.06843.x,Multi-omics & systems biology,Systems biology: experimental design.,"Kreutz C, Timmer J.",FEBS J,2009,10.1111/j.1742-4658.2008.06843.x,19215298,review,145
10.1186/s13059-017-1359-z,Multi-omics & systems biology,Experimental design and quantitative analysis of microbial community multiomics.,"Mallick H, Ma S, Franzosa EA, Vatanen T, Morgan XC, Huttenhower C.",Genome Biol,2017,10.1186/s13059-017-1359-z,29187204,review,140
10.15252/msb.202110240,Multi-omics & systems biology,Diagnostics and correction of batch effects in large-scale proteomic studies: a tutorial.,"Čuklina J, Čuklina J, Lee CH, Williams EG, Sajic T, Collins BC, Rodríguez Martínez M, Sharma VS, Wendt F, Goetze S, Keele GR, Wollscheid B, Aebersold R, Pedrioli PGA.",Mol Syst Biol,2021,10.15252/msb.202110240,34432947,review,135
10.1039/d0mo00041h,Multi-omics & systems biology,Multi-omics data integration considerations and study design for biological systems and disease.,"Graw S, Chappell K, Washam CL, Gies A, Bird J, Robeson MS, Byrum SD.",Mol Omics,2021,10.1039/d0mo00041h,33347526,review,116
10.3390/ijms17050632,Multi-omics & systems biology,Advantages and Pitfalls of Mass Spectrometry Based Metabolome Profiling in Systems Biology.,"Aretz I, Meierhofer D.",Int J Mol Sci,2016,10.3390/ijms17050632,27128910,review,112
10.15252/msb.20209982,Multi-omics & systems biology,Reproducibility in systems biology modelling.,"Tiwari K, Kananathan S, Roberts MG, Meyer JP, Sharif Shohan MU, Xavier A, Maire M, Zyoud A, Men J, Ng S, Nguyen TVN, Glont M, Hermjakob H, Malik-Sheriff RS.",Mol Syst Biol,2021,10.15252/msb.20209982,33620773,,101
10.1186/s13024-022-00517-z,Multi-omics & systems biology,"Guidelines for bioinformatics of single-cell sequencing data analysis in Alzheimer's disease: review, recommendation, implementation and application.","Wang M, Song WM, Ming C, Wang Q, Zhou X, Xu P, Krek A, Yoon Y, Ho L, Orr ME, Yuan GC, Zhang B.",Mol Neurodegener,2022,10.1186/s13024-022-00517-z,35236372,review,90
10.1186/s10194-024-01828-w,Multi-omics & systems biology,"Multi-omics Mendelian randomization integrating GWAS, eQTL and pQTL data revealed GSTM4 as a potential drug target for migraine.","Sun X, Chen B, Qi Y, Wei M, Chen W, Wu X, Wang Q, Li J, Lei X, Luo G.",J Headache Pain,2024,10.1186/s10194-024-01828-w,39039470,,82
10.1186/s13059-023-03047-z,Multi-omics & systems biology,Correcting batch effects in large-scale multiomics studies using a reference-material-based ratio method.,"Yu Y, Zhang N, Mai Y, Ren L, Chen Q, Cao Z, Chen Q, Liu Y, Hou W, Yang J, Hong H, Xu J, Tong W, Dong L, Shi L, Fang X, Zheng Y.",Genome Biol,2023,10.1186/s13059-023-03047-z,37674217,,79
10.1063/1.3528102,Multi-omics & systems biology,Identifiability and observability analysis for experimental design in nonlinear dynamical models.,"Raue A, Becker V, Klingmüller U, Timmer J.",Chaos,2010,10.1063/1.3528102,21198117,,79
10.1042/bse0450195,Multi-omics & systems biology,Parameter estimation and optimal experimental design.,"Banga JR, Balsa-Canto E.",Essays Biochem,2008,10.1042/bse0450195,18793133,review,76
10.1038/s41467-025-64292-3,Multi-omics & systems biology,Systematic benchmarking of high-throughput subcellular spatial transcriptomics platforms across human tumors.,"Ren P, Zhang R, Wang Y, Zhang P, Luo C, Wang S, Li X, Zhang Z, Zhao Y, He Y, Zhang H, Li Y, Gao Z, Zhang X, Zhao Y, Liu Z, Meng Y, Zhang Z, Zeng Z.",Nat Commun,2025,10.1038/s41467-025-64292-3,41107232,,75
10.1152/physiolgenomics.00104.2020,Multi-omics & systems biology,A multimodal and integrated approach to interrogate human kidney biopsies with rigor and reproducibility: guidelines from the Kidney Precision Medicine Project.,"El-Achkar TM, Eadon MT, Menon R, Lake BB, Sigdel TK, Alexandrov T, Parikh S, Zhang G, Dobi D, Dunn KW, Otto EA, Anderton CR, Carson JM, Luo J, Park C, Hamidi H, Zhou J, Hoover P, Schroeder A, Joanes M, Azeloglu EU, Sealfon R, Winfree S, Steck B, He Y, D'Agati V, Iyengar R, Troyanskaya OG, Barisoni L, Gaut J, Zhang K, Laszik Z, Rovin BH, Dagher PC, Sharma K, Sarwal MM, Hodgin JB, Alpers CE, Kretzler M, Jain S.",Physiol Genomics,2021,10.1152/physiolgenomics.00104.2020,33197228,,70
10.1186/s12967-023-04335-9,Multi-omics & systems biology,Identification of host gene-microbiome associations in colorectal cancer patients using mendelian randomization.,"Xiang Y, Zhang C, Wang J, Cheng Y, Wang L, Tong Y, Yan D.",J Transl Med,2023,10.1186/s12967-023-04335-9,37563724,,69
10.1016/j.ab.2007.10.037,Multi-omics & systems biology,Simultaneous extraction of several metabolites of energy metabolism and related substances in mammalian cells: optimization using experimental design.,"Ritter JB, Genzel Y, Reichl U.",Anal Biochem,2008,10.1016/j.ab.2007.10.037,18036549,,68
10.1016/j.arr.2009.10.006,Multi-omics & systems biology,"Next-generation sequencing in aging research: emerging applications, problems, pitfalls and possible solutions.","de Magalhães JP, Finch CE, Janssens G.",Ageing Res Rev,2010,10.1016/j.arr.2009.10.006,19900591,review,65
10.1017/s0033291724000321,Multi-omics & systems biology,Mendelian randomization: causal inference leveraging genetic data.,"Chen LG, Tubbs JD, Liu Z, Thach TQ, Sham PC.",Psychol Med,2024,10.1017/s0033291724000321,38639006,review,62
10.1097/pn9.0000000000000011,Multi-omics & systems biology,Boston Birth Cohort profile: rationale and study design.,"Pearson C, Bartell T, Wang G, Hong X, Rusk SA, Fu L, Cerda S, Bustamante-Helfrich B, Kuohung W, Yarrington C, Adams WG, Wang X.",Precis Nutr,2022,10.1097/pn9.0000000000000011,37745944,,61
10.1371/journal.pone.0040052,Multi-omics & systems biology,Experimental design for parameter estimation of gene regulatory networks.,"Steiert B, Raue A, Timmer J, Kreutz C.",PLoS One,2012,10.1371/journal.pone.0040052,22815723,,55
10.1038/s41592-024-02429-w,Multi-omics & systems biology,Benchmarking algorithms for single-cell multi-omics prediction and integration.,"Hu Y, Wan S, Luo Y, Li Y, Wu T, Deng W, Jiang C, Jiang S, Zhang Y, Liu N, Yang Z, Chen F, Li B, Qu K.",Nat Methods,2024,10.1038/s41592-024-02429-w,39322753,,51
10.1007/s00125-007-0711-3,Multi-omics & systems biology,Insulin resistance and the metabolic syndrome--or the pitfalls of epidemiology.,Yudkin JS.,Diabetologia,2007,10.1007/s00125-007-0711-3,17593345,review,48
10.1001/jamapsychiatry.2022.2196,Multi-omics & systems biology,Association Between Brain Structure and Alcohol Use Behaviors in Adults: A Mendelian Randomization and Multiomics Study.,"Mavromatis LA, Rosoff DB, Cupertino RB, Garavan H, Mackey S, Lohoff FW.",JAMA Psychiatry,2022,10.1001/jamapsychiatry.2022.2196,35947372,,47
10.1093/aje/kwy284,Multi-omics & systems biology,"A Pregnancy Cohort to Study Multidimensional Correlates of Preterm Birth in India: Study Design, Implementation, and Baseline Characteristics of the Participants.","Bhatnagar S, Majumder PP, Salunke DM, Interdisciplinary Group for Advanced Research on Birth Outcomes—DBT India Initiative (GARBH-Ini).",Am J Epidemiol,2019,10.1093/aje/kwy284,30770926,,46
10.1007/s00281-020-00821-0,Multi-omics & systems biology,Shelter from the cytokine storm: pitfalls and prospects in the development of SARS-CoV-2 vaccines for an elderly population.,"Ciabattini A, Garagnani P, Santoro F, Rappuoli R, Franceschi C, Medaglini D.",Semin Immunopathol,2020,10.1007/s00281-020-00821-0,33159214,review,45
10.1371/journal.pcbi.1003650,Multi-omics & systems biology,Model selection in systems biology depends on experimental design.,"Silk D, Kirk PD, Barnes CP, Toni T, Stumpf MP.",PLoS Comput Biol,2014,10.1371/journal.pcbi.1003650,24922483,,45
10.1186/s12967-023-04512-w,Multi-omics & systems biology,"DNA methylation regulator-mediated modification patterns and risk of intracranial aneurysm: a multi-omics and epigenome-wide association study integrating machine learning, Mendelian randomization, eQTL and mQTL data.","Maimaiti A, Turhon M, Abulaiti A, Dilixiati Y, Zhang F, Axieer A, Kadeer K, Zhang Y, Maimaitili A, Yang X.",J Transl Med,2023,10.1186/s12967-023-04512-w,37742034,,37
10.1016/j.ajcnut.2022.12.021,Multi-omics & systems biology,"Evidence for human milk as a biological system and recommendations for study design-a report from ""Breastmilk Ecology: Genesis of Infant Nutrition (BEGIN)"" Working Group 4.","Donovan SM, Aghaeepour N, Andres A, Azad MB, Becker M, Carlson SE, Järvinen KM, Lin W, Lönnerdal B, Slupsky CM, Steiber AL, Raiten DJ.",Am J Clin Nutr,2023,10.1016/j.ajcnut.2022.12.021,37173061,,35
10.3389/fgene.2022.990486,Multi-omics & systems biology,From classical mendelian randomization to causal networks for systematic integration of multi-omics.,"Yazdani A, Yazdani A, Mendez-Giraldez R, Samiei A, Kosorok MR, Schaid DJ.",Front Genet,2022,10.3389/fgene.2022.990486,36186433,review,35
10.1109/tbme.2016.2555481,Multi-omics & systems biology,"How Modeling Standards, Software, and Initiatives Support Reproducibility in Systems Biology and Systems Medicine.","Waltemath D, Wolkenhauer O.",IEEE Trans Biomed Eng,2016,10.1109/tbme.2016.2555481,27295645,,34
10.1007/s11306-007-0080-4,Multi-omics & systems biology,Standard reporting requirements for biological samples in metabolomics experiments: microbial and in vitro biology experiments.,"van der Werf MJ, Takors R, Smedsgaard J, Nielsen J, Ferenci T, Portais JC, Wittmann C, Hooks M, Tomassini A, Oldiges M, Fostel J, Sauer U.",Metabolomics,2007,10.1007/s11306-007-0080-4,25653575,,34
10.1093/bioinformatics/btad065,Multi-omics & systems biology,Benchmarking tools for a priori identifiability analysis.,"Rey Barreiro X, Villaverde AF.",Bioinformatics,2023,10.1093/bioinformatics/btad065,36721336,,32
10.1093/bib/bbac376,Multi-omics & systems biology,Integrating multi-omics summary data using a Mendelian randomization framework.,"Jin C, Lee B, Shen L, Long Q, Alzheimer’s Disease Neuroimaging Initiative, Alzheimer’s Disease Metabolomics Consortium.",Brief Bioinform,2022,10.1093/bib/bbac376,36094096,,31
10.1038/s41587-025-02811-9,Multi-omics & systems biology,Standardized metrics for assessment and reproducibility of imaging-based spatial transcriptomics datasets.,"Plummer JT, Dezem FS, Cook DP, Park J, Zhang L, Liu Y, Marção M, DuBose H, Wani A, Wise K, Roach M, Harvey K, Wang T, Jensen KB, Morosini N, De Gregorio R, Alonso A, Houlihan SL, Schwartz RE, Hissong E, Snopkowski C, Wrana JL, Ryan N, Butler LM, Church G, Swarbrick A, Mason CE, Martelotto LG.",Nat Biotechnol,2026,10.1038/s41587-025-02811-9,41339526,,30
10.1016/j.csbj.2024.03.016,Multi-omics & systems biology,Benchmarking feature selection and feature extraction methods to improve the performances of machine-learning algorithms for patient classification using metabolomics biomedical data.,"Labory J, Njomgue-Fotso E, Bottini S.",Comput Struct Biotechnol J,2024,10.1016/j.csbj.2024.03.016,38560281,,29
10.1093/bib/bbac212,Multi-omics & systems biology,"Addressing barriers in comprehensiveness, accessibility, reusability, interoperability and reproducibility of computational models in systems biology.","Niarakis A, Waltemath D, Glazier J, Schreiber F, Keating SM, Nickerson D, Chaouiya C, Siegel A, Noël V, Hermjakob H, Helikar T, Soliman S, Calzone L.",Brief Bioinform,2022,10.1093/bib/bbac212,35671510,review,29
10.5936/csbj.201301002,Multi-omics & systems biology,LC-MS metabolomics from study design to data-analysis - using a versatile pathogen as a test case.,"Berg M, Vanaerschot M, Jankevics A, Cuypers B, Breitling R, Dujardin JC.",Comput Struct Biotechnol J,2013,10.5936/csbj.201301002,24688684,review,29
10.1097/js9.0000000000001990,Multi-omics & systems biology,"Identification of immune-inflammation targets for intracranial aneurysms: a multiomics and epigenome-wide study integrating summary-data-based Mendelian randomization, single-cell-type expression analysis, and DNA methylation regulation.","Lin PW, Lin ZR, Wang WW, Guo AS, Chen YX.",Int J Surg,2025,10.1097/js9.0000000000001990,39051921,,28
10.1093/bib/bbae095,Multi-omics & systems biology,Benchmarking multi-omics integration algorithms across single-cell RNA and ATAC data.,"Xiao C, Chen Y, Meng Q, Wei L, Zhang X.",Brief Bioinform,2024,10.1093/bib/bbae095,38493343,review,28
10.1038/s41598-021-82196-2,Multi-omics & systems biology,Benchmarking of numerical integration methods for ODE models of biological systems.,"Städter P, Schälte Y, Schmiester L, Hasenauer J, Stapor PL.",Sci Rep,2021,10.1038/s41598-021-82196-2,33514831,,28
10.3390/brainsci10100743,Multi-omics & systems biology,"Genome, Environment, Microbiome and Metabolome in Autism (GEMMA) Study Design: Biomarkers Identification for Precision Treatment and Primary Prevention of Autism Spectrum Disorders by an Integrated Multi-Omics Systems Biology Approach.","Troisi J, Autio R, Beopoulos T, Bravaccio C, Carraturo F, Corrivetti G, Cunningham S, Devane S, Fallin D, Fetissov S, Gea M, Giorgi A, Iris F, Joshi L, Kadzielski S, Kraneveld A, Kumar H, Ladd-Acosta C, Leader G, Mannion A, Maximin E, Mezzelani A, Milanesi L, Naudon L, Marzal LNP, Pardo PP, Prince NZ, Rabot S, Roeselers G, Roos C, Roussin L, Scala G, Tuccinardi FP, Fasano A.",Brain Sci,2020,10.3390/brainsci10100743,33081368,,28
10.1186/s12967-024-04996-0,Multi-omics & systems biology,"Exploring the interplay of gut microbiota, inflammation, and LDL-cholesterol: a multiomics Mendelian randomization analysis of their causal relationship in acute pancreatitis and non-alcoholic fatty liver disease.","Yan C, Bao J, Jin J.",J Transl Med,2024,10.1186/s12967-024-04996-0,38374155,,27
10.1371/journal.pcbi.1011224,Multi-omics & systems biology,Ten quick tips for avoiding pitfalls in multi-omics data integration analyses.,"Chicco D, Cumbo F, Angione C.",PLoS Comput Biol,2023,10.1371/journal.pcbi.1011224,37410704,,27
10.1158/0008-5472.can-14-0725,Functional genomics screens,Enhancing reproducibility in cancer drug screening: how do we move forward?,"Hatzis C, Bedard PL, Birkbak NJ, Beck AH, Aerts HJ, Stem DF, Shi L, Clarke R, Quackenbush J, Haibe-Kains B.",Cancer Res,2014,10.1158/0008-5472.can-14-0725,25015668,review,90
10.1038/nchembio0807-438,Functional genomics screens,Reporting data from high-throughput screening of small-molecule libraries.,"Inglese J, Shamu CE, Guy RK.",Nat Chem Biol,2007,10.1038/nchembio0807-438,17637769,,76
10.3390/molecules18010735,Functional genomics screens,Benchmarking ligand-based virtual High-Throughput Screening with the PubChem database.,"Butkiewicz M, Lowe EW, Mueller R, Mendenhall JL, Teixeira PL, Weaver CD, Meiler J.",Molecules,2013,10.3390/molecules18010735,23299552,,54
10.1186/s12864-025-11600-2,Functional genomics screens,Benchmarking foundation cell models for post-perturbation RNA-seq prediction.,"Csendes G, Sanz G, Szalay KZ, Szalai B.",BMC Genomics,2025,10.1186/s12864-025-11600-2,40269681,,47
10.1016/j.crtox.2024.100197,Functional genomics screens,iPSC-derived and Patient-Derived Organoids: Applications and challenges in scalability and reproducibility as pre-clinical models.,"Heinzelmann E, Piraino F, Costa M, Roch A, Norkin M, Garnier V, Homicsko K, Brandenberg N.",Curr Res Toxicol,2024,10.1016/j.crtox.2024.100197,40276485,,44
10.1002/0471250953.bi1110s43,Bioinformatics & computational biology,From FastQ data to high confidence variant calls: the Genome Analysis Toolkit best practices pipeline.,"Van der Auwera GA, Carneiro MO, Hartl C, Poplin R, Del Angel G, Levy-Moonshine A, Jordan T, Shakir K, Roazen D, Thibault J, Banks E, Garimella KV, Altshuler D, Gabriel S, DePristo MA.",Curr Protoc Bioinformatics,2013,10.1002/0471250953.bi1110s43,25431634,,5106
10.1021/ja407115p,Bioinformatics & computational biology; Ecology & evolution,Benchmarking heterogeneous electrocatalysts for the oxygen evolution reaction.,"McCrory CC, Jung S, Peters JC, Jaramillo TF.",J Am Chem Soc,2013,10.1021/ja407115p,24171402,,1872
10.1021/jm300687e,Bioinformatics & computational biology,"Directory of useful decoys, enhanced (DUD-E): better ligands and decoys for better benchmarking.","Mysinger MM, Carchia M, Irwin JJ, Shoichet BK.",J Med Chem,2012,10.1021/jm300687e,22716043,,1720
10.1186/s13059-019-1905-y,Bioinformatics & computational biology; Ecology & evolution,"Benchmarking transposable element annotation methods for creation of a streamlined, comprehensive pipeline.","Ou S, Su W, Liao Y, Chougule K, Agda JRA, Hellinga AJ, Lugo CSB, Elliott TA, Ware D, Peterson T, Jiang N, Hirsch CN, Hufford MB.",Genome Biol,2019,10.1186/s13059-019-1905-y,31843001,,1274
10.1021/ja510442p,Bioinformatics & computational biology; Ecology & evolution,Benchmarking hydrogen evolving reaction and oxygen evolving reaction electrocatalysts for solar water splitting devices.,"McCrory CC, Jung S, Ferrer IM, Chatman SM, Peters JC, Jaramillo TF.",J Am Chem Soc,2015,10.1021/ja510442p,25668483,,1087
10.1186/1472-6963-6-44,Bioinformatics & computational biology,"The Safety Attitudes Questionnaire: psychometric properties, benchmarking data, and emerging research.","Sexton JB, Helmreich RL, Neilands TB, Rowan K, Vella K, Boyden J, Roberts PR, Thomas EJ.",BMC Health Serv Res,2006,10.1186/1472-6963-6-44,16584553,,1037
10.1016/j.neuroimage.2017.03.020,Bioinformatics & computational biology,Benchmarking of participant-level confound regression strategies for the control of motion artifact in studies of functional connectivity.,"Ciric R, Wolf DH, Power JD, Roalf DR, Baum GL, Ruparel K, Shinohara RT, Elliott MA, Eickhoff SB, Davatzikos C, Gur RC, Gur RE, Bassett DS, Satterthwaite TD.",Neuroimage,2017,10.1016/j.neuroimage.2017.03.020,28302591,,992
10.1097/ccm.0b013e31827c09f8,Bioinformatics & computational biology,Benchmarking the incidence and mortality of severe sepsis in the United States.,"Gaieski DF, Edwards JM, Kallan MJ, Carr BG.",Crit Care Med,2013,10.1097/ccm.0b013e31827c09f8,23442987,,981
10.1021/jm0608356,Bioinformatics & computational biology,Benchmarking sets for molecular docking.,"Huang N, Shoichet BK, Irwin JJ.",J Med Chem,2006,10.1021/jm0608356,17154509,,928
10.1080/10705511.2013.824781,Bioinformatics & computational biology,Statistical Power to Detect the Correct Number of Classes in Latent Profile Analysis.,"Tein JY, Coxe S, Cham H.",Struct Equ Modeling,2013,10.1080/10705511.2013.824781,24489457,,913
10.1021/ci300604z,Bioinformatics & computational biology,Lessons learned in empirical scoring with smina from the CSAR 2011 benchmarking exercise.,"Koes DR, Baumgartner MP, Camacho CJ.",J Chem Inf Model,2013,10.1021/ci300604z,23379370,,879
10.1016/s0140-6736(10)62231-3,Bioinformatics & computational biology,"Cancer survival in Australia, Canada, Denmark, Norway, Sweden, and the UK, 1995-2007 (the International Cancer Benchmarking Partnership): an analysis of population-based cancer registry data.","Coleman MP, Forman D, Bryant H, Butler J, Rachet B, Maringe C, Nur U, Tracey E, Coory M, Hatcher J, McGahan CE, Turner D, Marrett L, Gjerstorff ML, Johannesen TB, Adolfsson J, Lambe M, Lawrence G, Meechan D, Morris EJ, Middleton R, Steward J, Richards MA, ICBP Module 1 Working Group.",Lancet,2011,10.1016/s0140-6736(10)62231-3,21183212,,867
10.1002/nbm.1543,Bioinformatics & computational biology,Twenty-five pitfalls in the analysis of diffusion MRI data.,"Jones DK, Cercignani M.",NMR Biomed,2010,10.1002/nbm.1543,20886566,review,694
10.1097/sla.0000000000002611,Bioinformatics & computational biology; Medical & clinical sciences,Benchmarking Complications Associated with Esophagectomy.,"Low DE, Kuppusamy MK, Alderson D, Cecconello I, Chang AC, Darling G, Davies A, D'Journo XB, Gisbertz SS, Griffin SM, Hardwick R, Hoelscher A, Hofstetter W, Jobe B, Kitagawa Y, Law S, Mariette C, Maynard N, Morse CR, Nafteux P, Pera M, Pramesh CS, Puig S, Reynolds JV, Schroeder W, Smithers M, Wijnhoven BPL.",Ann Surg,2019,10.1097/sla.0000000000002611,29206677,,673
10.1021/ct049977a,Bioinformatics & computational biology,Benchmarking the Conductor-like Polarizable Continuum Model (CPCM) for Aqueous Solvation Free Energies of Neutral and Ionic Organic Molecules.,"Takano Y, Houk KN.",J Chem Theory Comput,2005,10.1021/ct049977a,26641117,,623
10.1186/1745-6215-15-264,Bioinformatics & computational biology,Sample size requirements to estimate key design parameters from external pilot randomised controlled trials: a simulation study.,"Teare MD, Dimairo M, Shephard N, Hayman A, Whitehead A, Walters SJ.",Trials,2014,10.1186/1745-6215-15-264,24993581,,547
10.1371/journal.pcbi.1002829,Bioinformatics & computational biology,Reliable B cell epitope predictions: impacts of method development and improved benchmarking.,"Kringelum JV, Lundegaard C, Lund O, Nielsen M.",PLoS Comput Biol,2012,10.1371/journal.pcbi.1002829,23300419,,523
10.1177/0962280218784726,Bioinformatics & computational biology,Sample size for binary logistic prediction models: Beyond events per variable criteria.,"van Smeden M, Moons KG, de Groot JA, Collins GS, Altman DG, Eijkemans MJ, Reitsma JB.",Stat Methods Med Res,2019,10.1177/0962280218784726,29966490,,496
10.1111/dme.12245,Bioinformatics & computational biology,"Diabetes Attitudes, Wishes and Needs second study (DAWN2™): cross-national benchmarking of diabetes-related psychosocial outcomes for people with diabetes.","Nicolucci A, Kovacs Burns K, Holt RI, Comaschi M, Hermanns N, Ishii H, Kokoszka A, Pouwer F, Skovlund SE, Stuckey H, Tarkun I, Vallis M, Wens J, Peyrot M, DAWN2 Study Group.",Diabet Med,2013,10.1111/dme.12245,23711019,,496
10.1016/j.cell.2019.07.010,Bioinformatics & computational biology,Benchmarking Metagenomics Tools for Taxonomic Classification.,"Ye SH, Siddle KJ, Park DJ, Sabeti PC.",Cell,2019,10.1016/j.cell.2019.07.010,31398336,review,462
10.1093/ije/dyu176,Bioinformatics & computational biology,Network Mendelian randomization: using genetic variants as instrumental variables to investigate mediation in causal pathways.,"Burgess S, Daniel RM, Butterworth AS, Thompson SG, EPIC-InterAct Consortium.",Int J Epidemiol,2015,10.1093/ije/dyu176,25150977,,461
10.1021/acs.jcim.8b00839,"Bioinformatics & computational biology; Data science, ML & health informatics",GuacaMol: Benchmarking Models for de Novo Molecular Design.,"Brown N, Fiscato M, Segler MHS, Vaucher AC.",J Chem Inf Model,2019,10.1021/acs.jcim.8b00839,30887799,,428
10.3389/fphar.2020.565644,Bioinformatics & computational biology,Molecular Sets (MOSES): A Benchmarking Platform for Molecular Generation Models.,"Polykovskiy D, Zhebrak A, Sanchez-Lengeling B, Golovanov S, Tatanov O, Belyaev S, Kurbanov R, Artamonov A, Aladinskiy V, Veselov M, Kadurin A, Johansson S, Chen H, Nikolenko S, Aspuru-Guzik A, Zhavoronkov A.",Front Pharmacol,2020,10.3389/fphar.2020.565644,33390943,,420
10.1016/j.jclinepi.2016.02.031,Bioinformatics & computational biology,Adequate sample size for developing prediction models is not simply related to events per variable.,"Ogundimu EO, Altman DG, Collins GS.",J Clin Epidemiol,2016,10.1016/j.jclinepi.2016.02.031,26964707,,414
10.1002/sim.7492,Bioinformatics & computational biology,Extending the MR-Egger method for multivariable Mendelian randomization to correct for both measured and unmeasured pleiotropy.,"Rees JMB, Wood AM, Burgess S.",Stat Med,2017,10.1002/sim.7492,28960498,,381
10.1038/s41587-019-0054-x,Bioinformatics & computational biology,Best practices for benchmarking germline small-variant calls in human genomes.,"Krusche P, Trigg L, Boutros PC, Mason CE, De La Vega FM, Moore BL, Gonzalez-Porta M, Eberle MA, Tezak Z, Lababidi S, Truty R, Asimenos G, Funke B, Fleharty M, Chapman BA, Salit M, Zook JM, Global Alliance for Genomics and Health Benchmarking Team.",Nat Biotechnol,2019,10.1038/s41587-019-0054-x,30858580,,358
10.1016/j.jmoldx.2017.11.003,"Bioinformatics & computational biology; Data science, ML & health informatics",Standards and Guidelines for Validating Next-Generation Sequencing Bioinformatics Pipelines: A Joint Recommendation of the Association for Molecular Pathology and the College of American Pathologists.,"Roy S, Coldren C, Karunamurthy A, Kip NS, Klee EW, Lincoln SE, Leon A, Pullambhatla M, Temple-Smolkin RL, Voelkerding KV, Wang C, Carter AB.",J Mol Diagn,2018,10.1016/j.jmoldx.2017.11.003,29154853,review,339
10.1038/s41587-019-0074-6,Bioinformatics & computational biology,An open resource for accurately benchmarking small variant and reference calls.,"Zook JM, McDaniel J, Olson ND, Wagner J, Parikh H, Heaton H, Irvine SA, Trigg L, Truty R, McLean CY, De La Vega FM, Xiao C, Sherry S, Salit M.",Nat Biotechnol,2019,10.1038/s41587-019-0074-6,30936564,,317
10.1038/s41597-019-0103-9,"Bioinformatics & computational biology; Data science, ML & health informatics",Multitask learning and benchmarking with clinical time series data.,"Harutyunyan H, Khachatrian H, Kale DC, Ver Steeg G, Galstyan A.",Sci Data,2019,10.1038/s41597-019-0103-9,31209213,,314
10.1021/es403899t,Bioinformatics & computational biology,"Benchmarking organic micropollutants in wastewater, recycled water and drinking water with in vitro bioassays.","Escher BI, Allinson M, Altenburger R, Bain PA, Balaguer P, Busch W, Crago J, Denslow ND, Dopp E, Hilscherova K, Humpage AR, Kumar A, Grimaldi M, Jayasinghe BS, Jarosova B, Jia A, Makarov S, Maruya KA, Medvedev A, Mehinto AC, Mendez JE, Poulsen A, Prochazka E, Richard J, Schifferli A, Schlenk D, Scholz S, Shiraishi F, Snyder S, Su G, Tang JY, van der Burg B, van der Linden SC, Werner I, Westerheide SD, Wong CK, Yang M, Yeung BH, Zhang X, Leusch FD.",Environ Sci Technol,2014,10.1021/es403899t,24369993,,308
10.1093/bioinformatics/btz749,Bioinformatics & computational biology,Bayesian weighted Mendelian randomization for causal inference based on summary statistics.,"Zhao J, Ming J, Hu X, Chen G, Liu J, Yang C.",Bioinformatics,2020,10.1093/bioinformatics/btz749,31593215,,300
10.1002/pro.4379,"Bioinformatics & computational biology; Data science, ML & health informatics",Benchmarking AlphaFold for protein complex modeling reveals accuracy determinants.,"Yin R, Feng BY, Varshney A, Pierce BG.",Protein Sci,2022,10.1002/pro.4379,35900023,,299
10.1186/s13073-020-00791-w,Bioinformatics & computational biology,Best practices for variant calling in clinical sequencing.,Koboldt DC.,Genome Med,2020,10.1186/s13073-020-00791-w,33106175,review,296
10.1093/aje/kwr026,Bioinformatics & computational biology,Instrumental variable estimation of causal risk ratios and causal odds ratios in Mendelian randomization analyses.,"Palmer TM, Sterne JA, Harbord RM, Lawlor DA, Sheehan NA, Meng S, Granell R, Smith GD, Didelez V.",Am J Epidemiol,2011,10.1093/aje/kwr026,21555716,,286
10.1186/s12864-015-2194-9,Bioinformatics & computational biology,A comprehensive benchmarking study of protocols and sequencing platforms for 16S rRNA community profiling.,"D'Amore R, Ijaz UZ, Schirmer M, Kenny JG, Gregory R, Darby AC, Shakya M, Podar M, Quince C, Hall N.",BMC Genomics,2016,10.1186/s12864-015-2194-9,26763898,,275
10.1371/journal.pone.0022477,Bioinformatics & computational biology,Benchmarking and analysis of protein docking performance in Rosetta v3.2.,"Chaudhury S, Berrondo M, Weitzner BD, Muthu P, Bergman H, Gray JJ.",PLoS One,2011,10.1371/journal.pone.0022477,21829626,,266
10.1136/bmj-2023-078378,"Data science, ML & health informatics",TRIPOD+AI statement: updated guidance for reporting clinical prediction models that use regression or machine learning methods.,"Collins GS, Moons KGM, Dhiman P, Riley RD, Beam AL, Van Calster B, Ghassemi M, Liu X, Reitsma JB, van Smeden M, Boulesteix AL, Camaradou JC, Celi LA, Denaxas S, Denniston AK, Glocker B, Golub RM, Harvey H, Heinze G, Hoffman MM, Kengne AP, Lam E, Lee N, Loder EW, Maier-Hein L, Mateen BA, McCradden MD, Oakden-Rayner L, Ordish J, Parnell R, Rose S, Singh K, Wynants L, Logullo P.",BMJ,2024,10.1136/bmj-2023-078378,38626948,,3117
10.1371/journal.pone.0224365,"Data science, ML & health informatics; Neuroscience",Machine learning algorithm validation with a limited sample size.,"Vabalas A, Gowen E, Poliakoff E, Casson AJ.",PLoS One,2019,10.1371/journal.pone.0224365,31697686,,815
10.1016/j.jbi.2014.02.013,"Data science, ML & health informatics",Sample size estimation in diagnostic test studies of biomedical informatics.,Hajian-Tilaki K.,J Biomed Inform,2014,10.1016/j.jbi.2014.02.013,24582925,,739
10.2196/jmir.5870,"Data science, ML & health informatics",Guidelines for Developing and Reporting Machine Learning Predictive Models in Biomedical Research: A Multidisciplinary View.,"Luo W, Phung D, Tran T, Gupta S, Gupta S, Rana S, Karmakar C, Shilton A, Yearwood J, Dimitrova N, Ho TB, Venkatesh S, Berk M.",J Med Internet Res,2016,10.2196/jmir.5870,27986644,,716
10.1016/j.neuroimage.2016.02.079,"Data science, ML & health informatics; Neuroscience",Single subject prediction of brain disorders in neuroimaging: Promises and pitfalls.,"Arbabshirani MR, Plis S, Sui J, Calhoun VD.",Neuroimage,2017,10.1016/j.neuroimage.2016.02.079,27012503,review,650
10.1136/bmj.m689,"Data science, ML & health informatics","Artificial intelligence versus clinicians: systematic review of design, reporting standards, and claims of deep learning studies.","Nagendran M, Chen Y, Lovejoy CA, Gordon AC, Komorowski M, Harvey H, Topol EJ, Ioannidis JPA, Collins GS, Maruthappu M.",BMJ,2020,10.1136/bmj.m689,32213531,review,631
10.1136/bmjopen-2020-048008,"Data science, ML & health informatics",Protocol for development of a reporting guideline (TRIPOD-AI) and risk of bias tool (PROBAST-AI) for diagnostic and prognostic prediction model studies based on artificial intelligence.,"Collins GS, Dhiman P, Andaur Navarro CL, Ma J, Hooft L, Reitsma JB, Logullo P, Beam AL, Peng L, Van Calster B, van Smeden M, Riley RD, Moons KG.",BMJ Open,2021,10.1136/bmjopen-2020-048008,34244270,,612
10.1016/j.jacr.2017.12.026,"Data science, ML & health informatics","Artificial Intelligence and Machine Learning in Radiology: Opportunities, Challenges, Pitfalls, and Criteria for Success.","Thrall JH, Li X, Li Q, Cruz C, Do S, Dreyer K, Brink J.",J Am Coll Radiol,2018,10.1016/j.jacr.2017.12.026,29402533,,345
10.1016/j.patter.2023.100804,"Data science, ML & health informatics",Leakage and the reproducibility crisis in machine-learning-based science.,"Kapoor S, Narayanan A.",Patterns (N Y),2023,10.1016/j.patter.2023.100804,37720327,,309
10.1038/s41592-019-0458-z,"Data science, ML & health informatics","Applications, promises, and pitfalls of deep learning for fluorescence image reconstruction.","Belthangady C, Royer LA.",Nat Methods,2019,10.1038/s41592-019-0458-z,31285623,review,301
10.1093/jamia/ocx084,"Data science, ML & health informatics",The MIMIC Code Repository: enabling reproducibility in critical care research.,"Johnson AE, Stone DJ, Celi LA, Pollard TJ.",J Am Med Inform Assoc,2018,10.1093/jamia/ocx084,29036464,,281
10.1016/j.jbiomech.2018.09.009,"Data science, ML & health informatics","Machine learning in human movement biomechanics: Best practices, common pitfalls, and new opportunities.","Halilaj E, Rajagopal A, Fiterau M, Hicks JL, Hastie TJ, Delp SL.",J Biomech,2018,10.1016/j.jbiomech.2018.09.009,30279002,review,274
10.1016/j.neuroimage.2018.06.001,"Data science, ML & health informatics",The effect of machine learning regression algorithms and sample size on individualized behavioral prediction with functional connectivity features.,"Cui Z, Gong G.",Neuroimage,2018,10.1016/j.neuroimage.2018.06.001,29870817,,268
10.1186/1472-6947-12-8,"Data science, ML & health informatics",Predicting sample size required for classification performance.,"Figueroa RL, Zeng-Treitler Q, Kandula S, Ngo LH.",BMC Med Inform Decis Mak,2012,10.1186/1472-6947-12-8,22336388,,249
10.1021/acs.est.3c00026,"Data science, ML & health informatics",Machine Learning in Environmental Research: Common Pitfalls and Best Practices.,"Zhu JJ, Yang M, Ren ZJ.",Environ Sci Technol,2023,10.1021/acs.est.3c00026,37384597,review,246
10.1053/j.gastro.2019.11.030,"Data science, ML & health informatics",Deep-Learning System Detects Neoplasia in Patients With Barrett's Esophagus With Higher Accuracy Than Endoscopists in a Multistep Training and Validation Study With Benchmarking.,"de Groof AJ, Struyvenberg MR, van der Putten J, van der Sommen F, Fockens KN, Curvers WL, Zinger S, Pouw RE, Coron E, Baldaque-Silva F, Pech O, Weusten B, Meining A, Neuhaus H, Bisschops R, Dent J, Schoon EJ, de With PH, Bergman JJ.",Gastroenterology,2020,10.1053/j.gastro.2019.11.030,31759929,,220
10.1001/jama.2019.20866,"Data science, ML & health informatics",Challenges to the Reproducibility of Machine Learning Models in Health Care.,"Beam AL, Manrai AK, Ghassemi M.",JAMA,2020,10.1001/jama.2019.20866,31904799,,214
10.1016/j.fertnstert.2012.09.046,"Data science, ML & health informatics",The accuracy and reproducibility of the endometrial receptivity array is superior to histology as a diagnostic method for endometrial receptivity.,"Díaz-Gimeno P, Ruiz-Alonso M, Blesa D, Bosch N, Martínez-Conejero JA, Alamá P, Garrido N, Pellicer A, Simón C.",Fertil Steril,2013,10.1016/j.fertnstert.2012.09.046,23102856,,211
10.15252/msb.202211081,"Data science, ML & health informatics",Benchmarking AlphaFold-enabled molecular docking predictions for antibiotic discovery.,"Wong F, Krishnan A, Zheng EJ, Stärk H, Manson AL, Earl AM, Jaakkola T, Collins JJ.",Mol Syst Biol,2022,10.15252/msb.202211081,36065847,,209
10.1038/s41596-021-00620-3,"Data science, ML & health informatics",Chemometric analysis in Raman spectroscopy from experimental design to machine learning-based modeling.,"Guo S, Popp J, Bocklitz T.",Nat Protoc,2021,10.1038/s41596-021-00620-3,34741152,review,203
10.1038/s41576-021-00434-9,"Data science, ML & health informatics",Navigating the pitfalls of applying machine learning in genomics.,"Whalen S, Schreiber J, Noble WS, Pollard KS.",Nat Rev Genet,2022,10.1038/s41576-021-00434-9,34837041,review,198
10.1186/s12859-023-05156-9,"Data science, ML & health informatics",Evaluation of a decided sample size in machine learning applications.,"Rajput D, Wang WJ, Chen CC.",BMC Bioinformatics,2023,10.1186/s12859-023-05156-9,36788550,,196
10.4065/mcp.2009.0479,"Data science, ML & health informatics","Informatics infrastructure for syndrome surveillance, decision support, reporting, and modeling of critical illness.","Herasevich V, Pickering BW, Dong Y, Peters SG, Gajic O.",Mayo Clin Proc,2010,10.4065/mcp.2009.0479,20194152,,195
10.1161/circoutcomes.120.006556,"Data science, ML & health informatics",Recommendations for Reporting Machine Learning Analyses in Clinical Research.,"Stevens LM, Mortazavi BJ, Deo RC, Curtis L, Kao DP.",Circ Cardiovasc Qual Outcomes,2020,10.1161/circoutcomes.120.006556,33079589,,194
10.1093/toxsci/kfy152,"Data science, ML & health informatics",Machine Learning of Toxicological Big Data Enables Read-Across Structure Activity Relationships (RASAR) Outperforming Animal Test Reproducibility.,"Luechtefeld T, Marsh D, Rowlands C, Hartung T.",Toxicol Sci,2018,10.1093/toxsci/kfy152,30007363,,194
10.1148/radiol.2019181960,"Data science, ML & health informatics",Deep Learning-based Image Conversion of CT Reconstruction Kernels Improves Radiomics Reproducibility for Pulmonary Nodules or Masses.,"Choe J, Lee SM, Do KH, Lee G, Lee JG, Lee SM, Seo JB.",Radiology,2019,10.1148/radiol.2019181960,31210613,,190
10.1038/s41557-021-00716-z,"Data science, ML & health informatics",Best practices in machine learning for chemistry.,"Artrith N, Butler KT, Coudert FX, Han S, Isayev O, Jain A, Walsh A.",Nat Chem,2021,10.1038/s41557-021-00716-z,34059804,,189
10.1126/scitranslmed.abb1655,"Data science, ML & health informatics",Reproducibility in machine learning for health research: Still a ways to go.,"McDermott MBA, Wang S, Marinsek N, Ranganath R, Foschini L, Ghassemi M.",Sci Transl Med,2021,10.1126/scitranslmed.abb1655,33762434,review,176
10.1016/j.neuroimage.2011.11.066,"Data science, ML & health informatics",Does feature selection improve classification accuracy? Impact of sample size and feature selection on classification using anatomical magnetic resonance images.,"Chu C, Hsu AL, Chou KH, Bandettini P, Lin C, Alzheimer's Disease Neuroimaging Initiative.",Neuroimage,2012,10.1016/j.neuroimage.2011.11.066,22166797,,173
10.3389/fpsyt.2016.00050,"Data science, ML & health informatics",Detecting Neuroimaging Biomarkers for Psychiatric Disorders: Sample Size Matters.,"Schnack HG, Kahn RS.",Front Psychiatry,2016,10.3389/fpsyt.2016.00050,27064972,,160
10.1016/j.neuron.2020.09.017,"Data science, ML & health informatics","A Primer on Motion Capture with Deep Learning: Principles, Pitfalls, and Perspectives.","Mathis A, Schneider S, Lauer J, Mathis MW.",Neuron,2020,10.1016/j.neuron.2020.09.017,33058765,review,153
10.1016/j.jbi.2018.04.007,"Data science, ML & health informatics",Benchmarking deep learning models on large healthcare datasets.,"Purushotham S, Meng C, Che Z, Liu Y.",J Biomed Inform,2018,10.1016/j.jbi.2018.04.007,29879470,,152
10.1038/s41592-023-01879-y,"Data science, ML & health informatics",The Cell Tracking Challenge: 10 years of objective benchmarking.,"Maška M, Ulman V, Delgado-Rodriguez P, Gómez-de-Mariscal E, Nečasová T, Guerrero Peña FA, Ren TI, Meyerowitz EM, Scherr T, Löffler K, Mikut R, Guo T, Wang Y, Allebach JP, Bao R, Al-Shakarji NM, Rahmon G, Toubal IE, Palaniappan K, Lux F, Matula P, Sugawara K, Magnusson KEG, Aho L, Cohen AR, Arbelle A, Ben-Haim T, Raviv TR, Isensee F, Jäger PF, Maier-Hein KH, Zhu Y, Ederra C, Urbiola A, Meijering E, Cunha A, Muñoz-Barrutia A, Kozubek M, Ortiz-de-Solórzano C.",Nat Methods,2023,10.1038/s41592-023-01879-y,37202537,,148
10.1371/journal.pcbi.1006457,"Data science, ML & health informatics",Systematically benchmarking peptide-MHC binding predictors: From synthetic to naturally processed epitopes.,"Zhao W, Sher X.",PLoS Comput Biol,2018,10.1371/journal.pcbi.1006457,30408041,,148
10.1038/s41588-023-01524-6,"Data science, ML & health informatics",Benchmarking of deep neural networks for predicting personal gene expression from DNA sequence highlights shortcomings.,"Sasse A, Ng B, Spiro AE, Tasaki S, Bennett DA, Gaiteri C, De Jager PL, Chikina M, Mostafavi S.",Nat Genet,2023,10.1038/s41588-023-01524-6,38036778,,141
10.7326/m19-0876,"Data science, ML & health informatics",Using Electronic Health Record Portals to Improve Patient Engagement: Research Priorities and Best Practices.,"Lyles CR, Nelson EC, Frampton S, Dykes PC, Cemballi AG, Sarkar U.",Ann Intern Med,2020,10.7326/m19-0876,32479176,review,141
10.1016/j.ajhg.2013.05.002,"Data science, ML & health informatics","Large sample size, wide variant spectrum, and advanced machine-learning technique boost risk prediction for inflammatory bowel disease.","Wei Z, Wang W, Bradfield J, Li J, Cardinale C, Frackelton E, Kim C, Mentch F, Van Steen K, Visscher PM, Baldassano RN, Hakonarson H, International IBD Genetics Consortium.",Am J Hum Genet,2013,10.1016/j.ajhg.2013.05.002,23731541,,136
10.1038/s41576-023-00590-0,"Data science, ML & health informatics",Variant calling and benchmarking in an era of complete human genome sequences.,"Olson ND, Wagner J, Dwarshuis N, Miga KH, Sedlazeck FJ, Salit M, Zook JM.",Nat Rev Genet,2023,10.1038/s41576-023-00590-0,37059810,review,133
10.1016/j.ijmedinf.2008.09.002,"Data science, ML & health informatics",STARE-HI--Statement on reporting of evaluation studies in Health Informatics.,"Talmon J, Ammenwerth E, Brender J, de Keizer N, Nykänen P, Rigby M.",Int J Med Inform,2009,10.1016/j.ijmedinf.2008.09.002,18930696,,131
10.1038/s41746-024-01270-x,"Data science, ML & health informatics",A scoping review of reporting gaps in FDA-approved AI medical devices.,"Muralidharan V, Adewale BA, Huang CJ, Nta MT, Ademiju PO, Pathmarajah P, Hang MK, Adesanya O, Abdullateef RO, Babatunde AO, Ajibade A, Onyeka S, Cai ZR, Daneshjou R, Olatunji T.",NPJ Digit Med,2024,10.1038/s41746-024-01270-x,39362934,review,125
10.1016/j.neuroimage.2023.120125,"Data science, ML & health informatics",Image harmonization: A review of statistical and deep learning methods for removing batch effects and evaluation metrics for effective harmonization.,"Hu F, Chen AA, Horng H, Bashyam V, Davatzikos C, Alexander-Bloch A, Li M, Shou H, Satterthwaite TD, Yu M, Shinohara RT.",Neuroimage,2023,10.1016/j.neuroimage.2023.120125,37084926,review,124
10.3389/fonc.2021.633176,"Data science, ML & health informatics",Understanding Sources of Variation to Improve the Reproducibility of Radiomics.,Zhao B.,Front Oncol,2021,10.3389/fonc.2021.633176,33854969,review,123
10.1038/s41587-021-00993-6,"Data science, ML & health informatics","Establishing community reference samples, data and call sets for benchmarking cancer mutation detection using whole-genome sequencing.","Fang LT, Zhu B, Zhao Y, Chen W, Yang Z, Kerrigan L, Langenbach K, de Mars M, Lu C, Idler K, Jacob H, Zheng Y, Ren L, Yu Y, Jaeger E, Schroth GP, Abaan OD, Talsania K, Lack J, Shen TW, Chen Z, Stanbouly S, Tran B, Shetty J, Kriga Y, Meerzaman D, Nguyen C, Petitjean V, Sultan M, Cam M, Mehta M, Hung T, Peters E, Kalamegham R, Sahraeian SME, Mohiyuddin M, Guo Y, Yao L, Song L, Lam HYK, Drabek J, Vojta P, Maestro R, Gasparotto D, Kõks S, Reimann E, Scherer A, Nordlund J, Liljedahl U, Jensen RV, Pirooznia M, Li Z, Xiao C, Sherry ST, Kusko R, Moos M, Donaldson E, Tezak Z, Ning B, Tong W, Li J, Duerken-Hughes P, Catalanotti C, Maheshwari S, Shuga J, Liang WS, Keats J, Adkins J, Tassone E, Zismann V, McDaniel T, Trent J, Foox J, Butler D, Mason CE, Hong H, Shi L, Wang C, Xiao W, Somatic Mutation Working Group of Sequencing Quality Control Phase II Consortium.",Nat Biotechnol,2021,10.1038/s41587-021-00993-6,34504347,,121
10.1038/s41592-021-01256-7,"Data science, ML & health informatics",Reproducibility standards for machine learning in the life sciences.,"Heil BJ, Hoffman MM, Markowetz F, Lee SI, Greene CS, Hicks SC.",Nat Methods,2021,10.1038/s41592-021-01256-7,34462593,,121
10.1016/s0140-6736(07)61602-x,Medical & clinical sciences,The Strengthening the Reporting of Observational Studies in  Epidemiology (STROBE) statement: guidelines for reporting observational studies.,"von Elm E, Altman DG, Egger M, Pocock SJ, Gøtzsche PC, Vandenbroucke JP, STROBE Initiative.",Lancet,2007,10.1016/s0140-6736(07)61602-x,18064739,,14549
10.1016/j.jclinepi.2007.11.008,Medical & clinical sciences,The Strengthening the Reporting of Observational Studies in Epidemiology (STROBE) statement: guidelines for reporting observational studies.,"von Elm E, Altman DG, Egger M, Pocock SJ, Gøtzsche PC, Vandenbroucke JP, STROBE Initiative.",J Clin Epidemiol,2008,10.1016/j.jclinepi.2007.11.008,18313558,,12449
10.1016/j.jalz.2011.03.005,Medical & clinical sciences,The diagnosis of dementia due to Alzheimer's disease: recommendations from the National Institute on Aging-Alzheimer's Association workgroups on diagnostic guidelines for Alzheimer's disease.,"McKhann GM, Knopman DS, Chertkow H, Hyman BT, Jack CR, Kawas CH, Klunk WE, Koroshetz WJ, Manly JJ, Mayeux R, Mohs RC, Morris JC, Rossor MN, Scheltens P, Carrillo MC, Thies B, Weintraub S, Phelps CH.",Alzheimers Dement,2011,10.1016/j.jalz.2011.03.005,21514250,,11974
10.1016/j.ijsu.2014.07.013,Medical & clinical sciences,The Strengthening the Reporting of Observational Studies in Epidemiology (STROBE) Statement: guidelines for reporting observational studies.,"von Elm E, Altman DG, Egger M, Pocock SJ, Gøtzsche PC, Vandenbroucke JP, STROBE Initiative.",Int J Surg,2014,10.1016/j.ijsu.2014.07.013,25046131,,7457
10.7326/0003-4819-147-8-200710160-00010,Medical & clinical sciences,The Strengthening the Reporting of Observational Studies in Epidemiology (STROBE) statement: guidelines for reporting observational studies.,"von Elm E, Altman DG, Egger M, Pocock SJ, Gøtzsche PC, Vandenbroucke JP, STROBE Initiative.",Ann Intern Med,2007,10.7326/0003-4819-147-8-200710160-00010,17938396,,7143
10.1371/journal.pmed.0040296,Medical & clinical sciences,The Strengthening the Reporting of Observational Studies in Epidemiology (STROBE) statement: guidelines for reporting observational studies.,"von Elm E, Altman DG, Egger M, Pocock SJ, Gøtzsche PC, Vandenbroucke JP, STROBE Initiative.",PLoS Med,2007,10.1371/journal.pmed.0040296,17941714,review,4499
10.1371/journal.pmed.0040297,Medical & clinical sciences,Strengthening the Reporting of Observational Studies in Epidemiology (STROBE): explanation and elaboration.,"Vandenbroucke JP, von Elm E, Altman DG, Gøtzsche PC, Mulrow CD, Pocock SJ, Poole C, Schlesselman JJ, Egger M, STROBE Initiative.",PLoS Med,2007,10.1371/journal.pmed.0040297,17941715,review,4184
10.1136/bmj.h5527,Medical & clinical sciences,STARD 2015: an updated list of essential items for reporting diagnostic accuracy studies.,"Bossuyt PM, Reitsma JB, Bruns DE, Gatsonis CA, Glasziou PP, Irwig L, Lijmer JG, Moher D, Rennie D, de Vet HC, Kressel HY, Rifai N, Golub RM, Altman DG, Hooft L, Korevaar DA, Cohen JF, STARD Group.",BMJ,2015,10.1136/bmj.h5527,26511519,,2757
10.1016/j.ijsu.2014.07.014,Medical & clinical sciences,Strengthening the Reporting of Observational Studies in Epidemiology (STROBE): explanation and elaboration.,"Vandenbroucke JP, von Elm E, Altman DG, Gøtzsche PC, Mulrow CD, Pocock SJ, Poole C, Schlesselman JJ, Egger M, STROBE Initiative.",Int J Surg,2014,10.1016/j.ijsu.2014.07.014,25046751,,2165
10.1097/ede.0b013e3181577511,Medical & clinical sciences,Strengthening the Reporting of Observational Studies in Epidemiology (STROBE): explanation and elaboration.,"Vandenbroucke JP, von Elm E, Altman DG, Gøtzsche PC, Mulrow CD, Pocock SJ, Poole C, Schlesselman JJ, Egger M, STROBE Initiative.",Epidemiology,2007,10.1097/ede.0b013e3181577511,18049195,,2119
10.1136/bmjopen-2016-012799,Medical & clinical sciences,STARD 2015 guidelines for reporting diagnostic accuracy studies: explanation and elaboration.,"Cohen JF, Korevaar DA, Altman DG, Bruns DE, Gatsonis CA, Hooft L, Irwig L, Levine D, Reitsma JB, de Vet HC, Bossuyt PM.",BMJ Open,2016,10.1136/bmjopen-2016-012799,28137831,,2026
10.1016/j.ijsu.2021.106165,Medical & clinical sciences,"STROCSS 2021: Strengthening the reporting of cohort, cross-sectional and case-control studies in surgery.","Mathew G, Agha R, Albrecht J, Goel P, Mukherjee I, Pai P, D'Cruz AK, Nixon IJ, Roberto K, Enam SA, Basu S, Muensterer OJ, Giordano S, Pagano D, Machado-Aranda D, Bradley PJ, Bashashati M, Thoma A, Afifi RY, Johnston M, Challacombe B, Ngu JC, Chalkoo M, Raveendran K, Hoffman JR, Kirshtein B, Lau WY, Thorat MA, Miguel D, Beamish AJ, Roy G, Healy D, Ather HM, Raja SG, Mei Z, Manning TG, Kasivisvanathan V, Rivas JG, Coppola R, Ekser B, Karanth VL, Kadioglu H, Valmasoni M, Noureldin A, STROCSS Group.",Int J Surg,2021,10.1016/j.ijsu.2021.106165,34774726,,1911
10.1001/jama.2015.3656,Medical & clinical sciences,Preferred Reporting Items for Systematic Review and Meta-Analyses of individual participant data: the PRISMA-IPD Statement.,"Stewart LA, Clarke M, Rovers M, Riley RD, Simmonds M, Stewart G, Tierney JF, PRISMA-IPD Development Group.",JAMA,2015,10.1001/jama.2015.3656,25919529,,1685
10.7326/0003-4819-147-8-200710160-00010-w1,Medical & clinical sciences,Strengthening the Reporting of Observational Studies in Epidemiology (STROBE): explanation and elaboration.,"Vandenbroucke JP, von Elm E, Altman DG, Gøtzsche PC, Mulrow CD, Pocock SJ, Poole C, Schlesselman JJ, Egger M, STROBE initiative.",Ann Intern Med,2007,10.7326/0003-4819-147-8-200710160-00010-w1,17938389,,1534
10.1097/ede.0b013e3181577654,Medical & clinical sciences,The Strengthening the Reporting of Observational Studies in Epidemiology (STROBE) statement: guidelines for reporting observational studies.,"von Elm E, Altman DG, Egger M, Pocock SJ, Gøtzsche PC, Vandenbroucke JP, STROBE Initiative.",Epidemiology,2007,10.1097/ede.0b013e3181577654,18049194,,1503
10.2471/blt.07.045120,Medical & clinical sciences,The Strengthening the Reporting of Observational Studies in Epidemiology (STROBE) statement: guidelines for reporting observational studies.,"von Elm E, Altman DG, Egger M, Pocock SJ, Gøtzsche PC, Vandenbroucke JP, STROBE Initiative.",Bull World Health Organ,2007,10.2471/blt.07.045120,18038077,,1315
10.1177/0962280215588241,Medical & clinical sciences,Estimating the sample size for a pilot randomised trial to minimise the overall trial sample size for the external pilot and main trial for a continuous outcome variable.,"Whitehead AL, Julious SA, Cooper CL, Campbell MJ.",Stat Methods Med Res,2016,10.1177/0962280215588241,26092476,,1309
10.1161/01.str.0000082721.62796.09,Medical & clinical sciences,Trial design and reporting standards for intra-arterial cerebral thrombolysis for acute ischemic stroke.,"Higashida RT, Furlan AJ, Roberts H, Tomsick T, Connors B, Barr J, Dillon W, Warach S, Broderick J, Tilley B, Sacks D, Technology Assessment Committee of the American Society of Interventional and Therapeutic Neuroradiology, Technology Assessment Committee of the Society of Interventional Radiology.",Stroke,2003,10.1161/01.str.0000082721.62796.09,12869717,,1230
10.1001/jama.291.20.2457,Medical & clinical sciences,Empirical evidence for selective reporting of outcomes in randomized trials: comparison of protocols to published articles.,"Chan AW, Hróbjartsson A, Haahr MT, Gøtzsche PC, Altman DG.",JAMA,2004,10.1001/jama.291.20.2457,15161896,,1197
10.1016/j.ijsu.2019.11.002,Medical & clinical sciences,STROCSS 2019 Guideline: Strengthening the reporting of cohort studies in surgery.,"Agha R, Abdall-Razak A, Crossley E, Dowlut N, Iosifidis C, Mathew G, STROCSS Group.",Int J Surg,2019,10.1016/j.ijsu.2019.11.002,31704426,,1189
10.1016/j.eururo.2008.07.031,Medical & clinical sciences,Defining early morbidity of radical cystectomy for patients with bladder cancer using a standardized reporting methodology.,"Shabsigh A, Korets R, Vora KC, Brooks CM, Cronin AM, Savage C, Raj G, Bochner BH, Dalbagni G, Herr HW, Donat SM.",Eur Urol,2009,10.1016/j.eururo.2008.07.031,18675501,,1020
10.1136/bmj.326.7379.41,Medical & clinical sciences,Towards complete and accurate reporting of studies of diagnostic accuracy: the STARD initiative.,"Bossuyt PM, Reitsma JB, Bruns DE, Gatsonis CA, Glasziou PP, Irwig LM, Lijmer JG, Moher D, Rennie D, de Vet HC, Standards for Reporting of Diagnostic Accuracy.",BMJ,2003,10.1136/bmj.326.7379.41,12511463,review,985
10.1016/s0197-2456(05)80019-4,Medical & clinical sciences,Reproducibility and responsiveness of health status measures. Statistics and strategies for evaluation.,"Deyo RA, Diehr P, Patrick DL.",Control Clin Trials,1991,10.1016/s0197-2456(05)80019-4,1663851,,950
10.1148/radiol.10091808,Medical & clinical sciences; Preclinical animal research,The National Lung Screening Trial: overview and study design.,"National Lung Screening Trial Research Team, Aberle DR, Berg CD, Black WC, Church TR, Fagerstrom RM, Galen B, Gareen IF, Gatsonis C, Goldin J, Gohagan JK, Hillman B, Jaffe C, Kramer BS, Lynch D, Marcus PM, Schnall M, Sullivan DC, Sullivan D, Zylak CJ.",Radiology,2011,10.1148/radiol.10091808,21045183,,912
10.1182/blood-2010-10-299487,Medical & clinical sciences,Consensus recommendations for the uniform reporting of clinical trials: report of the International Myeloma Workshop Consensus Panel 1.,"Rajkumar SV, Harousseau JL, Durie B, Anderson KC, Dimopoulos M, Kyle R, Blade J, Richardson P, Orlowski R, Siegel D, Jagannath S, Facon T, Avet-Loiseau H, Lonial S, Palumbo A, Zonder J, Ludwig H, Vesole D, Sezer O, Munshi NC, San Miguel J, International Myeloma Workshop Consensus Panel 1.",Blood,2011,10.1182/blood-2010-10-299487,21292775,,862
10.7326/0003-4819-138-1-200301070-00012-w1,Medical & clinical sciences,The STARD statement for reporting studies of diagnostic accuracy: explanation and elaboration.,"Bossuyt PM, Reitsma JB, Bruns DE, Gatsonis CA, Glasziou PP, Irwig LM, Moher D, Rennie D, de Vet HC, Lijmer JG, Standards for Reporting of Diagnostic Accuracy.",Ann Intern Med,2003,10.7326/0003-4819-138-1-200301070-00012-w1,12513067,,848
10.1002/pds.1001,Medical & clinical sciences,The reporting odds ratio and its advantages over the proportional reporting ratio.,"Rothman KJ, Rothman KJ, Lanes S, Sacks ST.",Pharmacoepidemiol Drug Saf,2004,10.1002/pds.1001,15317031,review,816
10.1093/ije/26.suppl_1.s6,Medical & clinical sciences,The EPIC Project: rationale and study design. European Prospective Investigation into Cancer and Nutrition.,"Riboli E, Kaaks R.",Int J Epidemiol,1997,10.1093/ije/26.suppl_1.s6,9126529,,771
10.1002/sim.1296,Medical & clinical sciences,"Subgroup analysis, covariate adjustment and baseline comparisons in clinical trial reporting: current practice and problems.","Pocock SJ, Assmann SE, Enos LE, Kasten LE.",Stat Med,2002,10.1002/sim.1296,12325108,,745
10.1016/j.ypmed.2007.08.012,Medical & clinical sciences,The Strengthening the Reporting of Observational Studies in Epidemiology (STROBE) statement: guidelines for reporting observational studies.,"von Elm E, Altman DG, Egger M, Pocock SJ, Gøtzsche PC, Vandenbroucke JP, STROBE Initiative.",Prev Med,2007,10.1016/j.ypmed.2007.08.012,17950122,review,714
10.1001/jama.285.11.1500,Medical & clinical sciences,Interobserver reproducibility of cervical cytologic and histologic interpretations: realistic estimates from the ASCUS-LSIL Triage Study.,"Stoler MH, Schiffman M, Atypical Squamous Cells of Undetermined Significance-Low-grade Squamous Intraepithelial Lesion Triage Study (ALTS) Group.",JAMA,2001,10.1001/jama.285.11.1500,11255427,,708
10.1186/1471-2458-14-25,Medical & clinical sciences,Rationale and study design of the Japan environment and children's study (JECS).,"Kawamoto T, Nitta H, Murata K, Toda E, Tsukamoto N, Hasegawa M, Yamagata Z, Kayama F, Kishi R, Ohya Y, Saito H, Sago H, Okuyama M, Ogata T, Yokoya S, Koresawa Y, Shibata Y, Nakayama S, Michikawa T, Takeuchi A, Satoh H, Working Group of the Epidemiological Research for Children’s Environmental Health.",BMC Public Health,2014,10.1186/1471-2458-14-25,24410977,,702
10.1038/s41591-020-1034-x,Medical & clinical sciences,Reporting guidelines for clinical trial reports for interventions involving artificial intelligence: the CONSORT-AI extension.,"Liu X, Cruz Rivera S, Moher D, Calvert MJ, Denniston AK, SPIRIT-AI and CONSORT-AI Working Group.",Nat Med,2020,10.1038/s41591-020-1034-x,32908283,review,694
10.1373/49.1.7,Medical & clinical sciences,The STARD statement for reporting studies of diagnostic accuracy: explanation and elaboration.,"Bossuyt PM, Reitsma JB, Bruns DE, Gatsonis CA, Glasziou PP, Irwig LM, Moher D, Rennie D, de Vet HC, Lijmer JG, Standards for Reporting of Diagnostic Accuracy.",Clin Chem,2003,10.1373/49.1.7,12507954,,661
10.1023/a:1013138911638,Medical & clinical sciences,"Smallest real difference, a link between reproducibility and responsiveness.","Beckerman H, Roebroeck ME, Lankhorst GJ, Becher JG, Bezemer PD, Verbeek AL.",Qual Life Res,2001,10.1023/a:1013138911638,11822790,,631
10.1038/nn.2467,Preclinical animal research,A robust and high-throughput Cre reporting and characterization system for the whole mouse brain.,"Madisen L, Zwingman TA, Sunkin SM, Oh SW, Zariwala HA, Gu H, Ng LL, Palmiter RD, Hawrylycz MJ, Jones AR, Lein ES, Zeng H.",Nat Neurosci,2010,10.1038/nn.2467,20023653,,6728
10.1016/j.jalz.2011.03.003,Preclinical animal research,Toward defining the preclinical stages of Alzheimer's disease: recommendations from the National Institute on Aging-Alzheimer's Association workgroups on diagnostic guidelines for Alzheimer's disease.,"Sperling RA, Aisen PS, Beckett LA, Bennett DA, Craft S, Fagan AM, Iwatsubo T, Jack CR, Kaye J, Montine TJ, Park DC, Reiman EM, Rowe CC, Siemers E, Stern Y, Yaffe K, Carrillo MC, Thies B, Morrison-Bogorad M, Wagster MV, Phelps CH.",Alzheimers Dement,2011,10.1016/j.jalz.2011.03.003,21514248,,5447
10.1073/pnas.0308709101,Preclinical animal research,PERIOD2::LUCIFERASE real-time reporting of circadian dynamics reveals persistent circadian oscillations in mouse peripheral tissues.,"Yoo SH, Yamazaki S, Lowrey PL, Shimomura K, Ko CH, Buhr ED, Siepka SM, Hong HK, Oh WJ, Yoo OJ, Menaker M, Takahashi JS.",Proc Natl Acad Sci U S A,2004,10.1073/pnas.0308709101,14963227,,1918
10.1016/j.jalz.2011.03.004,Preclinical animal research,Introduction to the recommendations from the National Institute on Aging-Alzheimer's Association workgroups on diagnostic guidelines for Alzheimer's disease.,"Jack CR, Albert MS, Knopman DS, McKhann GM, Sperling RA, Carrillo MC, Thies B, Phelps CH.",Alzheimers Dement,2011,10.1016/j.jalz.2011.03.004,21514247,,1355
10.1038/nature11556,Preclinical animal research,A call for transparent reporting to optimize the predictive value of preclinical research.,"Landis SC, Amara SG, Asadullah K, Austin CP, Blumenstein R, Bradley EW, Crystal RG, Darnell RB, Ferrante RJ, Fillit H, Finkelstein R, Fisher M, Gendelman HE, Golub RM, Goudreau JL, Gross RA, Gubitz AK, Hesterlee SE, Howells DW, Huguenard J, Kelner K, Koroshetz W, Krainc D, Lazic SE, Levine MS, Macleod MR, McCall JM, Moxley RT, Narasimhan K, Noble LJ, Perrin S, Porter JD, Steward O, Unger E, Utz U, Silberberg SD.",Nature,2012,10.1038/nature11556,23060188,,953
10.1016/j.jconrel.2011.09.063,Preclinical animal research,"Drug targeting to tumors: principles, pitfalls and (pre-) clinical progress.","Lammers T, Kiessling F, Hennink WE, Storm G.",J Control Release,2012,10.1016/j.jconrel.2011.09.063,21945285,review,881
10.1161/circresaha.114.303819,Preclinical animal research,Reproducibility in science: improving the standard for basic and preclinical research.,"Begley CG, Ioannidis JP.",Circ Res,2015,10.1161/circresaha.114.303819,25552691,review,666
10.1371/journal.pbio.1002165,Preclinical animal research,The Economics of Reproducibility in Preclinical Research.,"Freedman LP, Cockburn IM, Simcoe TS.",PLoS Biol,2015,10.1371/journal.pbio.1002165,26057340,,635
10.1016/s0006-8993(98)01258-x,Preclinical animal research; Neuroscience,"Behavioral phenotyping of transgenic and knockout mice: experimental design and evaluation of general health, sensory functions, motor abilities, and specific behavioral tests.",Crawley JN.,Brain Res,1999,10.1016/s0006-8993(98)01258-x,10448192,review,582
10.1371/journal.pone.0007824,Preclinical animal research,"Survey of the quality of experimental design, statistical analysis and reporting of research using animals.","Kilkenny C, Parsons N, Kadyszewski E, Festing MF, Cuthill IC, Fry D, Hutton J, Altman DG.",PLoS One,2009,10.1371/journal.pone.0007824,19956596,,577
10.1038/s41591-022-01772-9,Preclinical animal research,Reporting guideline for the early-stage clinical evaluation of decision support systems driven by artificial intelligence: DECIDE-AI.,"Vasey B, Nagendran M, Campbell B, Clifton DA, Collins GS, Denaxas S, Denniston AK, Faes L, Geerts B, Ibrahim M, Liu X, Mateen BA, Mathur P, McCradden MD, Morgan L, Ordish J, Rogers C, Saria S, Ting DSW, Watkinson P, Weber W, Wheatstone P, McCulloch P, DECIDE-AI expert group.",Nat Med,2022,10.1038/s41591-022-01772-9,35585198,review,556
10.1016/j.biopsych.2017.08.010,Preclinical animal research,Anti-Amyloid-β Monoclonal Antibodies for Alzheimer's Disease: Pitfalls and Promise.,van Dyck CH.,Biol Psychiatry,2018,10.1016/j.biopsych.2017.08.010,28967385,review,428
10.1016/j.biopsych.2007.05.002,Preclinical animal research,Decreased adrenocorticotropic hormone and cortisol responses to stress in healthy adults reporting significant childhood maltreatment.,"Carpenter LL, Carvalho JP, Tyrka AR, Wier LM, Mello AF, Mello MF, Anderson GM, Wilkinson CW, Price LH.",Biol Psychiatry,2007,10.1016/j.biopsych.2007.05.002,17662255,,414
10.1258/la.2010.010090,Preclinical animal research,Single dose streptozotocin-induced diabetes: considerations for study design in islet transplantation models.,"Deeds MC, Anderson JM, Armstrong AS, Gastineau DA, Hiddinga HJ, Jahangir A, Eberhardt NL, Kudva YC.",Lab Anim,2011,10.1258/la.2010.010090,21478271,review,412
10.1016/0892-0362(92)90020-b,Preclinical animal research,Principles and pitfalls in the analysis of prenatal treatment effects in multiparous species.,"Holson RR, Pearce B.",Neurotoxicol Teratol,1992,10.1016/0892-0362(92)90020-b,1635542,,408
10.1016/j.neubiorev.2016.03.004,Preclinical animal research,Assessing anhedonia in depression: Potentials and pitfalls.,"Rizvi SJ, Pizzagalli DA, Sproule BA, Kennedy SH.",Neurosci Biobehav Rev,2016,10.1016/j.neubiorev.2016.03.004,26959336,review,408
10.1007/s00395-018-0696-8,Preclinical animal research,Practical guidelines for rigor and reproducibility in preclinical and clinical studies on cardioprotection.,"Bøtker HE, Hausenloy D, Andreadou I, Antonucci S, Boengler K, Davidson SM, Deshwal S, Devaux Y, Di Lisa F, Di Sante M, Efentakis P, Femminò S, García-Dorado D, Giricz Z, Ibanez B, Iliodromitis E, Kaludercic N, Kleinbongard P, Neuhäuser M, Ovize M, Pagliaro P, Rahbek-Schmidt M, Ruiz-Meana M, Schlüter KD, Schulz R, Skyschally A, Wilder C, Yellon DM, Ferdinandy P, Heusch G.",Basic Res Cardiol,2018,10.1007/s00395-018-0696-8,30120595,review,379
10.1111/j.1474-9726.2009.00478.x,Preclinical animal research,Aging in inbred strains of mice: study design and interim report on median lifespans and circulating IGF1 levels.,"Yuan R, Tsaih SW, Petkova SB, Marin de Evsikova C, Xing S, Marion MA, Bogue MA, Mills KD, Peters LL, Bult CJ, Rosen CJ, Sundberg JP, Harrison DE, Churchill GA, Paigen B.",Aging Cell,2009,10.1111/j.1474-9726.2009.00478.x,19627267,,345
10.3758/bf03193146,Neuroscience,"G*Power 3: a flexible statistical power analysis program for the social, behavioral, and biomedical sciences.","Faul F, Erdfelder E, Lang AG, Buchner A.",Behav Res Methods,2007,10.3758/bf03193146,17695343,,31385
10.1038/nrn3475,Neuroscience,Power failure: why small sample size undermines the reliability of neuroscience.,"Button KS, Ioannidis JP, Mokrysz C, Nosek BA, Flint J, Robinson ES, Munafò MR.",Nat Rev Neurosci,2013,10.1038/nrn3475,23571845,review,4645
10.3389/fpubh.2018.00149,Neuroscience,"Best Practices for Developing and Validating Scales for Health, Social, and Behavioral Research: A Primer.","Boateng GO, Neilands TB, Frongillo EA, Melgar-Quiñonez HR, Young SL.",Front Public Health,2018,10.3389/fpubh.2018.00149,29942800,review,2800
10.2105/ajph.94.3.361,Neuroscience,Improving the reporting quality of nonrandomized evaluations of behavioral and public health interventions: the TREND statement.,"Des Jarlais DC, Lyles C, Crepaz N, TREND Group.",Am J Public Health,2004,10.2105/ajph.94.3.361,14998794,,1689
10.1037/0278-6133.23.5.443,Neuroscience,Enhancing treatment fidelity in health behavior change studies: best practices and recommendations from the NIH Behavior Change Consortium.,"Bellg AJ, Borrelli B, Resnick B, Hecht J, Minicucci DS, Ory M, Ogedegbe G, Orwig D, Ernst D, Czajkowski S, Treatment Fidelity Workgroup of the NIH Behavior Change Consortium.",Health Psychol,2004,10.1037/0278-6133.23.5.443,15367063,,1682
10.1002/(sici)1097-0193(1999)8:2/3<109::aid-hbm7>3.0.co;2-w,Neuroscience,Optimal experimental design for event-related fMRI.,Dale AM.,Hum Brain Mapp,1999,10.1002/(sici)1097-0193(1999)8:2/3<109::aid-hbm7>3.0.co;2-w,10524601,,1417
10.1177/0013164413495237,Neuroscience,"Sample Size Requirements for Structural Equation Models: An Evaluation of Power, Bias, and Solution Propriety.","Wolf EJ, Harrington KM, Clark SL, Miller MW.",Educ Psychol Meas,2013,10.1177/0013164413495237,25705052,,1323
10.1016/j.clinph.2020.10.003,Neuroscience,"Safety and recommendations for TMS use in healthy subjects and patient populations, with updates on training, ethical and regulatory issues: Expert Guidelines.","Rossi S, Antal A, Bestmann S, Bikson M, Brewer C, Brockmöller J, Carpenter LL, Cincotta M, Chen R, Daskalakis JD, Di Lazzaro V, Fox MD, George MS, Gilbert D, Kimiskidis VK, Koch G, Ilmoniemi RJ, Lefaucheur JP, Leocani L, Lisanby SH, Miniussi C, Padberg F, Pascual-Leone A, Paulus W, Peterchev AV, Quartarone A, Rotenberg A, Rothwell J, Rossini PM, Santarnecchi E, Shafi MM, Siebner HR, Ugawa Y, Wassermann EM, Zangen A, Ziemann U, Hallett M, basis of this article began with a Consensus Statement from the IFCN Workshop on ""Present, Future of TMS: Safety, Ethical Guidelines"", Siena, October 17-20, 2018, updating through April 2020.",Clin Neurophysiol,2021,10.1016/j.clinph.2020.10.003,33243615,review,1164
10.1016/j.neuroimage.2013.12.058,Neuroscience,Cluster-extent based thresholding in fMRI analyses: pitfalls and recommendations.,"Woo CW, Krishnan A, Wager TD.",Neuroimage,2014,10.1016/j.neuroimage.2013.12.058,24412399,,1037
10.1017/s1461145710001690,Neuroscience,A systematic review on reporting and assessment of adverse effects associated with transcranial direct current stimulation.,"Brunoni AR, Amadera J, Berbel B, Volz MS, Rizzerio BG, Fregni F.",Int J Neuropsychopharmacol,2011,10.1017/s1461145710001690,21320389,review,914
10.3389/fnsys.2015.00175,Neuroscience,A Tutorial Review of Functional Connectivity Analysis Methods and Their Interpretational Pitfalls.,"Bastos AM, Schoffelen JM.",Front Syst Neurosci,2015,10.3389/fnsys.2015.00175,26778976,review,858
10.3389/fnsys.2010.00008,Neuroscience,Advances and pitfalls in the analysis and interpretation of resting-state FMRI data.,"Cole DM, Smith SM, Beckmann CF.",Front Syst Neurosci,2010,10.3389/fnsys.2010.00008,20407579,,608
10.1038/nn.3085,Neuroscience,"The neuroscience of empathy: progress, pitfalls and promise.","Zaki J, Ochsner KN.",Nat Neurosci,2012,10.1038/nn.3085,22504346,,598
10.1016/j.neuroimage.2013.04.087,Neuroscience,"Graph analysis of the human connectome: promise, progress, and pitfalls.","Fornito A, Zalesky A, Breakspear M.",Neuroimage,2013,10.1016/j.neuroimage.2013.04.087,23643999,review,585
10.1016/j.neuroimage.2012.10.001,Neuroscience,Good practice for conducting and reporting MEG research.,"Gross J, Baillet S, Barnes GR, Henson RN, Hillebrand A, Jensen O, Jerbi K, Litvak V, Maess B, Oostenveld R, Parkkonen L, Taylor JR, van Wassenhove V, Wibral M, Schoffelen JM.",Neuroimage,2013,10.1016/j.neuroimage.2012.10.001,23046981,,570
10.1038/nn.4500,Neuroscience,Best practices in data analysis and sharing in neuroimaging using MRI.,"Nichols TE, Das S, Eickhoff SB, Evans AC, Glatard T, Hanke M, Kriegeskorte N, Milham MP, Poldrack RA, Poline JB, Proal E, Thirion B, Van Essen DC, White T, Yeo BT.",Nat Neurosci,2017,10.1038/nn.4500,28230846,review,545
10.1249/mss.0b013e3182399e5b,Neuroscience,Best practices for using physical activity monitors in population-based research.,"Matthews CE, Hagströmer M, Pober DM, Bowles HR.",Med Sci Sports Exerc,2012,10.1249/mss.0b013e3182399e5b,22157777,review,511
10.1016/s0165-0270(02)00121-8,Neuroscience,Estimating sample size in functional MRI (fMRI) neuroimaging studies: statistical power analyses.,"Desmond JE, Glover GH.",J Neurosci Methods,2002,10.1016/s0165-0270(02)00121-8,12204303,,487
10.1016/j.brainresrev.2006.08.002,Neuroscience,"BrdU immunohistochemistry for studying adult neurogenesis: paradigms, pitfalls, limitations, and validation.",Taupin P.,Brain Res Rev,2007,10.1016/j.brainresrev.2006.08.002,17020783,review,479
10.7326/0003-4819-156-11-201206050-00419,Neuroscience,Guidelines for improving entry into and retention in care and antiretroviral adherence for persons with HIV: evidence-based recommendations from an International Association of Physicians in AIDS Care panel.,"Thompson MA, Mugavero MJ, Amico KR, Cargill VA, Chang LW, Gross R, Orrell C, Altice FL, Bangsberg DR, Bartlett JG, Beckwith CG, Dowshen N, Gordon CM, Horn T, Kumar P, Scott JD, Stirratt MJ, Remien RH, Simoni JM, Nachega JB.",Ann Intern Med,2012,10.7326/0003-4819-156-11-201206050-00419,22393036,,475
10.1207/s15324796abm2403_09,Neuroscience,"Capturing momentary, self-report data: a proposal for reporting guidelines.","Stone AA, Shiffman S.",Ann Behav Med,2002,10.1207/s15324796abm2403_09,12173681,,466
10.1016/j.neuron.2018.03.044,Neuroscience,"A Task-Optimized Neural Network Replicates Human Auditory Behavior, Predicts Brain Responses, and Reveals a Cortical Processing Hierarchy.","Kell AJE, Yamins DLK, Shook EN, Norman-Haignere SV, McDermott JH.",Neuron,2018,10.1016/j.neuron.2018.03.044,29681533,,406
10.1016/j.neuroimage.2018.03.049,Neuroscience,The UNC/UMN Baby Connectome Project (BCP): An overview of the study design and protocol development.,"Howell BR, Styner MA, Gao W, Yap PT, Wang L, Baluyot K, Yacoub E, Chen G, Potts T, Salzwedel A, Li G, Gilmore JH, Piven J, Smith JK, Shen D, Ugurbil K, Zhu H, Lin W, Elison JT.",Neuroimage,2019,10.1016/j.neuroimage.2018.03.049,29578031,review,390
10.1111/j.1745-6924.2009.01127.x,Neuroscience,Big Correlations in Little Studies: Inflated fMRI Correlations Reflect Low Statistical Power-Commentary on Vul et al. (2009).,Yarkoni T.,Perspect Psychol Sci,2009,10.1111/j.1745-6924.2009.01127.x,26158966,,389
10.1016/j.jalz.2012.09.012,Neuroscience,The Finnish Geriatric Intervention Study to Prevent Cognitive Impairment and Disability (FINGER): study design and progress.,"Kivipelto M, Solomon A, Ahtiluoto S, Ngandu T, Lehtisalo J, Antikainen R, Bäckman L, Hänninen T, Jula A, Laatikainen T, Lindström J, Mangialasche F, Nissinen A, Paajanen T, Pajala S, Peltonen M, Rauramaa R, Stigsdotter-Neely A, Strandberg T, Tuomilehto J, Soininen H.",Alzheimers Dement,2013,10.1016/j.jalz.2012.09.012,23332672,,372
10.1016/j.neuroimage.2007.11.048,Neuroscience,Guidelines for reporting an fMRI study.,"Poldrack RA, Fletcher PC, Henson RN, Worsley KJ, Brett M, Nichols TE.",Neuroimage,2008,10.1016/j.neuroimage.2007.11.048,18191585,,369
10.1016/j.neuroimage.2020.117164,Neuroscience; Ecology & evolution,Sample size evolution in neuroimaging research: An evaluation of highly-cited studies (1990-2012) and of latest practices (2017-2018) in high-impact journals.,"Szucs D, Ioannidis JP.",Neuroimage,2020,10.1016/j.neuroimage.2020.117164,32679253,,344
10.1038/sdata.2014.49,Neuroscience,An open science resource for establishing reliability and reproducibility in functional connectomics.,"Zuo XN, Anderson JS, Bellec P, Birn RM, Biswal BB, Blautzik J, Breitner JC, Buckner RL, Calhoun VD, Castellanos FX, Chen A, Chen B, Chen J, Chen X, Colcombe SJ, Courtney W, Craddock RC, Di Martino A, Dong HM, Fu X, Gong Q, Gorgolewski KJ, Han Y, He Y, He Y, Ho E, Holmes A, Hou XH, Huckins J, Jiang T, Jiang Y, Kelley W, Kelly C, King M, LaConte SM, Lainhart JE, Lei X, Li HJ, Li K, Li K, Lin Q, Liu D, Liu J, Liu X, Liu Y, Lu G, Lu J, Luna B, Luo J, Lurie D, Mao Y, Margulies DS, Mayer AR, Meindl T, Meyerand ME, Nan W, Nielsen JA, O'Connor D, Paulsen D, Prabhakaran V, Qi Z, Qiu J, Shao C, Shehzad Z, Tang W, Villringer A, Wang H, Wang K, Wei D, Wei GX, Weng XC, Wu X, Xu T, Yang N, Yang Z, Zang YF, Zhang L, Zhang Q, Zhang Z, Zhang Z, Zhao K, Zhen Z, Zhou Y, Zhu XT, Milham MP.",Sci Data,2014,10.1038/sdata.2014.49,25977800,,344
10.1016/j.neuron.2015.05.025,Neuroscience,"A Primer on Pattern-Based Approaches to fMRI: Principles, Pitfalls, and Perspectives.",Haynes JD.,Neuron,2015,10.1016/j.neuron.2015.05.025,26182413,review,329
10.1016/s1053-8119(02)00046-0,Neuroscience,Optimization of experimental design in fMRI: a general framework using a genetic algorithm.,"Wager TD, Nichols TE.",Neuroimage,2003,10.1016/s1053-8119(02)00046-0,12595184,,315
10.1038/tp.2016.73,Neuroscience,Guidelines for Reporting Articles on Psychiatry and Heart rate variability (GRAPH): recommendations to advance research communication.,"Quintana DS, Alvares GA, Heathers JA.",Transl Psychiatry,2016,10.1038/tp.2016.73,27163204,review,308
10.1136/bmj.b2700,Ecology & evolution,The PRISMA statement for reporting systematic reviews and meta-analyses of studies that evaluate healthcare interventions: explanation and elaboration.,"Liberati A, Altman DG, Tetzlaff J, Mulrow C, Gøtzsche PC, Ioannidis JP, Clarke M, Devereaux PJ, Kleijnen J, Moher D.",BMJ,2009,10.1136/bmj.b2700,19622552,review,13460
10.1371/journal.pmed.1000100,Ecology & evolution,The PRISMA statement for reporting systematic reviews and meta-analyses of studies that evaluate health care interventions: explanation and elaboration.,"Liberati A, Altman DG, Tetzlaff J, Mulrow C, Gøtzsche PC, Ioannidis JP, Clarke M, Devereaux PJ, Kleijnen J, Moher D.",PLoS Med,2009,10.1371/journal.pmed.1000100,19621070,review,10523
10.1016/j.jclinepi.2009.06.006,Ecology & evolution,The PRISMA statement for reporting systematic reviews and meta-analyses of studies that evaluate health care interventions: explanation and elaboration.,"Liberati A, Altman DG, Tetzlaff J, Mulrow C, Gøtzsche PC, Ioannidis JP, Clarke M, Devereaux PJ, Kleijnen J, Moher D.",J Clin Epidemiol,2009,10.1016/j.jclinepi.2009.06.006,19631507,review,7669
10.7326/m14-2385,Ecology & evolution,The PRISMA extension statement for reporting of systematic reviews incorporating network meta-analyses of health care interventions: checklist and explanations.,"Hutton B, Salanti G, Caldwell DM, Chaimani A, Schmid CH, Cameron C, Ioannidis JP, Straus S, Thorlund K, Jansen JP, Mulrow C, Catalá-López F, Gøtzsche PC, Dickersin K, Boutron I, Altman DG, Moher D.",Ann Intern Med,2015,10.7326/m14-2385,26030634,,6188
10.1371/journal.pmed.1001885,Ecology & evolution,The REporting of studies Conducted using Observational Routinely-collected health Data (RECORD) statement.,"Benchimol EI, Smeeth L, Guttmann A, Harron K, Moher D, Petersen I, Sørensen HT, von Elm E, Langan SM, RECORD Working Committee.",PLoS Med,2015,10.1371/journal.pmed.1001885,26440803,,4577
10.7326/0003-4819-151-4-200908180-00136,Ecology & evolution,The PRISMA statement for reporting systematic reviews and meta-analyses of studies that evaluate health care interventions: explanation and elaboration.,"Liberati A, Altman DG, Tetzlaff J, Mulrow C, Gøtzsche PC, Ioannidis JP, Clarke M, Devereaux PJ, Kleijnen J, Moher D.",Ann Intern Med,2009,10.7326/0003-4819-151-4-200908180-00136,19622512,review,4301
10.1186/s12943-023-01740-y,Ecology & evolution,"Lung cancer immunotherapy: progress, pitfalls, and promises.","Lahiri A, Maji A, Potdar PD, Singh N, Parikh P, Bisht B, Mukherjee A, Paul MK.",Mol Cancer,2023,10.1186/s12943-023-01740-y,36810079,review,857
10.1080/20013078.2020.1713526,Ecology & evolution,MIFlowCyt-EV: a framework for standardized reporting of extracellular vesicle flow cytometry experiments.,"Welsh JA, Van Der Pol E, Arkesteijn GJA, Bremer M, Brisson A, Coumans F, Dignat-George F, Duggan E, Ghiran I, Giebel B, Görgens A, Hendrix A, Lacroix R, Lannigan J, Libregts SFWM, Lozano-Andrés E, Morales-Kastresana A, Robert S, De Rond L, Tertel T, Tigges J, De Wever O, Yan X, Nieuwland R, Wauben MHM, Nolan JP, Jones JC.",J Extracell Vesicles,2020,10.1080/20013078.2020.1713526,32128070,,398
10.1080/10635150290102366,Ecology & evolution,Potential applications and pitfalls of Bayesian inference of phylogeny.,"Huelsenbeck JP, Larget B, Miller RE, Ronquist F.",Syst Biol,2002,10.1080/10635150290102366,12396583,review,397
10.1002/ieam.244,Ecology & evolution,"Trophic magnification factors: considerations of ecology, ecosystems, and study design.","Borgå K, Kidd KA, Muir DC, Berglund O, Conder JM, Gobas FA, Kucklick J, Malm O, Powell DE.",Integr Environ Assess Manag,2012,10.1002/ieam.244,21674770,,351
10.1111/nph.17072,Ecology & evolution,"Root traits as drivers of plant and ecosystem functioning: current understanding, pitfalls and future research needs.","Freschet GT, Roumet C, Comas LH, Weemstra M, Bengough AG, Rewald B, Bardgett RD, De Deyn GB, Johnson D, Klimešová J, Lukac M, McCormack ML, Meier IC, Pagès L, Poorter H, Prieto I, Wurzburger N, Zadworny M, Bagniewska-Zadworna A, Blancaflor EB, Brunner I, Gessler A, Hobbie SE, Iversen CM, Mommer L, Picon-Cochard C, Postma JA, Rose L, Ryser P, Scherer-Lorenzen M, Soudzilovskaia NA, Sun T, Valverde-Barrantes OJ, Weigelt A, York LM, Stokes A.",New Phytol,2021,10.1111/nph.17072,33159479,,319
10.1111/brv.12721,Ecology & evolution,Preferred reporting items for systematic reviews and meta-analyses in ecology and evolutionary biology: a PRISMA extension.,"O'Dea RE, Lagisz M, Jennions MD, Koricheva J, Noble DWA, Parker TH, Gurevitch J, Page MJ, Stewart G, Moher D, Nakagawa S.",Biol Rev Camb Philos Soc,2021,10.1111/brv.12721,33960637,,295
10.1016/j.sbi.2009.04.003,Ecology & evolution,Advances and pitfalls of protein structural alignment.,"Hasegawa H, Holm L.",Curr Opin Struct Biol,2009,10.1016/j.sbi.2009.04.003,19481444,review,281
10.1097/sla.0b013e3181bd93b2,Ecology & evolution,The learning curve in laparoscopic liver resection: improved feasibility and reproducibility.,"Vigano L, Laurent A, Tayar C, Tomatis M, Ponti A, Cherqui D.",Ann Surg,2009,10.1097/sla.0b013e3181bd93b2,19801926,,271
