field,category,rank,title,authors,journal,year,doi,pmid,cited_by
Molecular & cell biology,secondary (review),1,Twenty-five years of quantitative PCR for gene expression analysis.,"VanGuilder HD, Vrana KE, Freeman WM.",Biotechniques,2008,10.2144/000112776,18474036,746
Molecular & cell biology,secondary (review),2,"Proteomics by mass spectrometry: approaches, advances, and applications.","Yates JR, Ruse CI, Nakorchevsky A.",Annu Rev Biomed Eng,2009,10.1146/annurev-bioeng-061008-124934,19400705,691
Molecular & cell biology,secondary (review),3,The new World Health Organization classification of lung tumours.,"Brambilla E, Travis WD, Colby TV, Corrin B, Shimosato Y.",Eur Respir J,2001,10.1183/09031936.01.00275301,11829087,661
Molecular & cell biology,secondary (review),4,Structural variant calling: the long and the short of it.,"Mahmoud M, Gobet N, Cruz-Dávalos DI, Mounier N, Dessimoz C, Sedlazeck FJ.",Genome Biol,2019,10.1186/s13059-019-1828-7,31747936,577
Molecular & cell biology,secondary (review),5,"Hyperuricemia, Acute and Chronic Kidney Disease, Hypertension, and Cardiovascular Disease: Report of a Scientific Workshop Organized by the National Kidney Foundation.","Johnson RJ, Bakris GL, Borghi C, Chonchol MB, Feldman D, Lanaspa MA, Merriman TR, Moe OW, Mount DB, Sanchez Lozada LG, Stahl E, Weiner DE, Chertow GM.",Am J Kidney Dis,2018,10.1053/j.ajkd.2017.12.009,29496260,509
Molecular & cell biology,secondary (review),6,"Engineers are from PDMS-land, Biologists are from Polystyrenia.","Berthier E, Young EW, Beebe D.",Lab Chip,2012,10.1039/c2lc20982a,22318426,485
Molecular & cell biology,secondary (review),7,"Elevated C-reactive protein in the diagnosis, prognosis, and cause of cancer.","Allin KH, Nordestgaard BG.",Crit Rev Clin Lab Sci,2011,10.3109/10408363.2011.599831,22035340,409
Molecular & cell biology,secondary (review),8,Limitations of oxygen delivery to cells in culture: An underappreciated problem in basic and translational research.,"Place TL, Domann FE, Case AJ.",Free Radic Biol Med,2017,10.1016/j.freeradbiomed.2017.10.003,29032224,347
Molecular & cell biology,secondary (review),9,"DNA, RNA, and protein extraction: the past and the present.","Tan SC, Yiap BC.",J Biomed Biotechnol,2009,10.1155/2009/574398,20011662,336
Molecular & cell biology,secondary (review),10,Global extent of chloroquine-resistant Plasmodium vivax: a systematic review and meta-analysis.,"Price RN, von Seidlein L, Valecha N, Nosten F, Baird JK, White NJ.",Lancet Infect Dis,2014,10.1016/s1473-3099(14)70855-2,25213732,295
Molecular & cell biology,secondary (review),11,"The ""ligamentization"" process in anterior cruciate ligament reconstruction: what happens to the human graft? A systematic review of the literature.","Claes S, Verdonk P, Forsyth R, Bellemans J.",Am J Sports Med,2011,10.1177/0363546511402662,21515806,293
Molecular & cell biology,secondary (review),12,Recombinant collagen and gelatin for drug delivery.,"Olsen D, Yang C, Bodo M, Chang R, Leigh S, Baez J, Carmichael D, Perälä M, Hämäläinen ER, Jarvinen M, Polarek J.",Adv Drug Deliv Rev,2003,10.1016/j.addr.2003.08.008,14623401,288
Molecular & cell biology,secondary (review),13,Cleavage stage versus blastocyst stage embryo transfer in assisted reproductive technology.,"Glujovsky D, Farquhar C, Quinteiro Retamar AM, Alvarez Sedo CR, Blake D.",Cochrane Database Syst Rev,2016,10.1002/14651858.cd002118.pub5,27357126,239
Molecular & cell biology,secondary (review),14,Comprehensive isolation of extracellular vesicles and nanoparticles.,"Zhang Q, Jeppesen DK, Higginbotham JN, Franklin JL, Coffey RJ.",Nat Protoc,2023,10.1038/s41596-023-00811-0,36914899,232
Molecular & cell biology,secondary (review),15,γH2AX as a marker of DNA double strand breaks and genomic instability in human population studies.,"Valdiglesias V, Giunta S, Fenech M, Neri M, Bonassi S.",Mutat Res,2013,10.1016/j.mrrev.2013.02.001,23416207,229
Molecular & cell biology,secondary (review),16,Strategic and practical guidelines for successful structured illumination microscopy.,"Demmerle J, Innocent C, North AJ, Ball G, Müller M, Miron E, Matsuda A, Dobbie IM, Markaki Y, Schermelleh L.",Nat Protoc,2017,10.1038/nprot.2017.019,28406496,225
Molecular & cell biology,secondary (review),17,2020 list of human papillomavirus assays suitable for primary cervical cancer screening.,"Arbyn M, Simon M, Peeters E, Xu L, Meijer CJLM, Berkhof J, Cuschieri K, Bonde J, Ostrbenk Vanlencak A, Zhao FH, Rezhake R, Gultekin M, Dillner J, de Sanjosé S, Canfell K, Hillemanns P, Almonte M, Wentzensen N, Poljak M.",Clin Microbiol Infect,2021,10.1016/j.cmi.2021.04.031,33975008,222
Molecular & cell biology,secondary (review),18,The journey of tumor-infiltrating lymphocytes as a biomarker in breast cancer: clinical utility in an era of checkpoint inhibition.,"Loi S, Michiels S, Adams S, Loibl S, Budczies J, Denkert C, Salgado R.",Ann Oncol,2021,10.1016/j.annonc.2021.07.007,34311075,218
Molecular & cell biology,secondary (review),19,Robust Nucleus/Cell Detection and Segmentation in Digital Pathology and Microscopy Images: A Comprehensive Review.,"Xing F, Yang L.",IEEE Rev Biomed Eng,2016,10.1109/rbme.2016.2515127,26742143,213
Molecular & cell biology,secondary (review),20,SPR microscopy and its applications to high-throughput analyses of biomolecular binding events and their kinetics.,"Campbell CT, Kim G.",Biomaterials,2007,10.1016/j.biomaterials.2007.01.047,17337300,213
Molecular & cell biology,secondary (review),21,Point-of-care microfluidic devices for pathogen detection.,"Nasseri B, Soleimani N, Rabiee N, Kalbasi A, Karimi M, Hamblin MR.",Biosens Bioelectron,2018,10.1016/j.bios.2018.05.050,29890393,205
Molecular & cell biology,secondary (review),22,Proteomic challenges: sample preparation techniques for microgram-quantity protein analysis from biological samples.,"Feist P, Hummon AB.",Int J Mol Sci,2015,10.3390/ijms16023537,25664860,196
Molecular & cell biology,secondary (review),23,Diet-induced obesity in animal models: points to consider and influence on metabolic markers.,"de Moura E Dias M, Dos Reis SA, da Conceição LL, Sediyama CMNO, Pereira SS, de Oliveira LL, Gouveia Peluzio MDC, Martinez JA, Milagro FI.",Diabetol Metab Syndr,2021,10.1186/s13098-021-00647-2,33736684,186
Molecular & cell biology,secondary (review),24,A brief history of bioinformatics.,"Gauthier J, Vincent AT, Charette SJ, Derome N.",Brief Bioinform,2019,10.1093/bib/bby063,30084940,181
Molecular & cell biology,secondary (review),25,Protein purification and analysis: next generation Western blotting techniques.,"Mishra M, Tiwari S, Gomes AV.",Expert Rev Proteomics,2017,10.1080/14789450.2017.1388167,28974114,181
Molecular & cell biology,primary (research/methods),1,A new mathematical model for relative quantification in real-time RT-PCR.,Pfaffl MW.,Nucleic Acids Res,2001,10.1093/nar/29.9.e45,11328886,26693
Molecular & cell biology,primary (research/methods),2,Design and validation of a tool for neurite tracing and analysis in fluorescence microscopy images.,"Meijering E, Jacob M, Sarria JC, Steiner P, Hirling H, Unser M.",Cytometry A,2004,10.1002/cyto.a.20022,15057970,1225
Molecular & cell biology,primary (research/methods),3,Pathologic classification of diabetic nephropathy.,"Tervaert TW, Mooyaart AL, Amann K, Cohen AH, Cook HT, Drachenberg CB, Ferrario F, Fogo AB, Haas M, de Heer E, Joh K, Noël LH, Radhakrishnan J, Seshan SV, Bajema IM, Bruijn JA, Renal Pathology Society.",J Am Soc Nephrol,2010,10.1681/asn.2010010010,20167701,1215
Molecular & cell biology,primary (research/methods),4,Genome-wide association study implicates immune activation of multiple integrin genes in inflammatory bowel disease.,"de Lange KM, Moutsianas L, Lee JC, Lamb CA, Luo Y, Kennedy NA, Jostins L, Rice DL, Gutierrez-Achury J, Ji SG, Heap G, Nimmo ER, Edwards C, Henderson P, Mowat C, Sanderson J, Satsangi J, Simmons A, Wilson DC, Tremelling M, Hart A, Mathew CG, Newman WG, Parkes M, Lees CW, Uhlig H, Hawkey C, Prescott NJ, Ahmad T, Mansfield JC, Anderson CA, Barrett JC.",Nat Genet,2017,10.1038/ng.3760,28067908,1152
Molecular & cell biology,primary (research/methods),5,"Safety, tolerability, and immunogenicity of an inactivated SARS-CoV-2 vaccine in healthy adults aged 18-59 years: a randomised, double-blind, placebo-controlled, phase 1/2 clinical trial.","Zhang Y, Zeng G, Pan H, Li C, Hu Y, Chu K, Han W, Chen Z, Tang R, Yin W, Chen X, Hu Y, Liu X, Jiang C, Li J, Yang M, Song Y, Wang X, Gao Q, Zhu F.",Lancet Infect Dis,2021,10.1016/s1473-3099(20)30843-4,33217362,1046
Molecular & cell biology,primary (research/methods),6,Synthetic alternatives to Matrigel.,"Aisenbrey EA, Murphy WL.",Nat Rev Mater,2020,10.1038/s41578-020-0199-8,32953138,764
Molecular & cell biology,primary (research/methods),7,"A comprehensive assessment of RNA-seq accuracy, reproducibility and information content by the Sequencing Quality Control Consortium.",SEQC/MAQC-III Consortium.,Nat Biotechnol,2014,10.1038/nbt.2957,25150838,762
Molecular & cell biology,primary (research/methods),8,SuperPlots: Communicating reproducibility and variability in cell biology.,"Lord SJ, Velle KB, Mullins RD, Fritz-Laylin LK.",J Cell Biol,2020,10.1083/jcb.202001064,32346721,684
Molecular & cell biology,primary (research/methods),9,Overexpression of PD-L1 significantly associates with tumor aggressiveness and postoperative recurrence in human hepatocellular carcinoma.,"Gao Q, Wang XY, Qiu SJ, Yamato I, Sho M, Nakajima Y, Zhou J, Li BZ, Shi YH, Xiao YS, Xu Y, Fan J.",Clin Cancer Res,2009,10.1158/1078-0432.ccr-08-1608,19188168,660
Molecular & cell biology,primary (research/methods),10,Guided self-organization and cortical plate formation in human brain organoids.,"Lancaster MA, Corsini NS, Wolfinger S, Gustafson EH, Phillips AW, Burkard TR, Otani T, Livesey FJ, Knoblich JA.",Nat Biotechnol,2017,10.1038/nbt.3906,28562594,652
Molecular & cell biology,primary (research/methods),11,Human bone marrow- and adipose-mesenchymal stem cells secrete exosomes enriched in distinctive miRNA and tRNA species.,"Baglio SR, Rooijers K, Koppers-Lalic D, Verweij FJ, Pérez Lanzón M, Zini N, Naaijkens B, Perut F, Niessen HW, Baldini N, Pegtel DM.",Stem Cell Res Ther,2015,10.1186/s13287-015-0116-z,26129847,626
Molecular & cell biology,primary (research/methods),12,Heterogeneous blood-tumor barrier permeability determines drug efficacy in experimental brain metastases of breast cancer.,"Lockman PR, Lockman PR, Mittapalli RK, Taskar KS, Rudraraju V, Gril B, Bohn KA, Adkins CE, Roberts A, Thorsheim HR, Gaasch JA, Huang S, Palmieri D, Steeg PS, Smith QR.",Clin Cancer Res,2010,10.1158/1078-0432.ccr-10-1564,20829328,570
Molecular & cell biology,primary (research/methods),13,Banff '09 meeting report: antibody mediated graft deterioration and implementation of Banff working groups.,"Sis B, Mengel M, Haas M, Colvin RB, Halloran PF, Racusen LC, Solez K, Baldwin WM, Bracamonte ER, Broecker V, Cosio F, Demetris AJ, Drachenberg C, Einecke G, Gloor J, Glotz D, Kraus E, Legendre C, Liapis H, Mannon RB, Nankivell BJ, Nickeleit V, Papadimitriou JC, Randhawa P, Regele H, Renaudin K, Rodriguez ER, Seron D, Seshan S, Suthanthiran M, Wasowska BA, Zachary A, Zeevi A.",Am J Transplant,2010,10.1111/j.1600-6143.2009.02987.x,20121738,570
Molecular & cell biology,primary (research/methods),14,"Functionalization, preparation and use of cell-laden gelatin methacryloyl-based hydrogels as modular tissue culture platforms.","Loessner D, Meinert C, Kaemmerer E, Martine LC, Yue K, Levett PA, Klein TJ, Melchels FP, Khademhosseini A, Hutmacher DW.",Nat Protoc,2016,10.1038/nprot.2016.037,26985572,565
Molecular & cell biology,primary (research/methods),15,"Scipion: A software framework toward integration, reproducibility and validation in 3D electron microscopy.","de la Rosa-Trevín JM, Quintana A, Del Cano L, Zaldívar A, Foche I, Gutiérrez J, Gómez-Blanco J, Burguet-Castell J, Cuenca-Alba J, Abrishami V, Vargas J, Otón J, Sharov G, Vilas JL, Navas J, Conesa P, Kazemi M, Marabini R, Sorzano CO, Carazo JM.",J Struct Biol,2016,10.1016/j.jsb.2016.04.010,27108186,522
Molecular & cell biology,primary (research/methods),16,Evaluation of quantitative miRNA expression platforms in the microRNA quality control (miRQC) study.,"Mestdagh P, Hartmann N, Baeriswyl L, Andreasen D, Bernard N, Chen C, Cheo D, D'Andrade P, DeMayo M, Dennis L, Derveaux S, Feng Y, Fulmer-Smentek S, Gerstmayer B, Gouffon J, Grimley C, Lader E, Lee KY, Luo S, Mouritzen P, Narayanan A, Patel S, Peiffer S, Rüberg S, Schroth G, Schuster D, Shaffer JM, Shelton EJ, Silveria S, Ulmanella U, Veeramachaneni V, Staedtler F, Peters T, Guettouche T, Wong L, Vandesompele J.",Nat Methods,2014,10.1038/nmeth.3014,24973947,522
Molecular & cell biology,primary (research/methods),17,"Microbial status of apical root canal system of human mandibular first molars with primary apical periodontitis after ""one-visit"" endodontic treatment.","Nair PN, Henry S, Cano V, Vera J.",Oral Surg Oral Med Oral Pathol Oral Radiol Endod,2005,10.1016/j.tripleo.2004.10.005,15660098,506
Molecular & cell biology,primary (research/methods),18,Most early disseminated cancer cells detected in bone marrow of breast cancer patients have a putative breast cancer stem cell phenotype.,"Balic M, Lin H, Young L, Hawes D, Giuliano A, McNamara G, Datar RH, Cote RJ.",Clin Cancer Res,2006,10.1158/1078-0432.ccr-06-0169,17020963,501
Molecular & cell biology,primary (research/methods),19,Low-density lipoprotein mimics blood plasma-derived exosomes and microvesicles during isolation and detection.,"Sódar BW, Kittel Á, Pálóczi K, Vukman KV, Osteikoetxea X, Szabó-Taylor K, Németh A, Sperlágh B, Baranyai T, Giricz Z, Wiener Z, Turiák L, Drahos L, Pállinger É, Vékey K, Ferdinandy P, Falus A, Buzás EI.",Sci Rep,2016,10.1038/srep24316,27087061,474
Molecular & cell biology,primary (research/methods),20,"Phase I and pharmacokinetic studies of CYT-6091, a novel PEGylated colloidal gold-rhTNF nanomedicine.","Libutti SK, Paciotti GF, Byrnes AA, Alexander HR, Gannon WE, Walker M, Seidel GD, Yuldasheva N, Tamarkin L.",Clin Cancer Res,2010,10.1158/1078-0432.ccr-10-0978,20876255,455
Molecular & cell biology,primary (research/methods),21,Systemic AAV vectors for widespread and targeted gene delivery in rodents.,"Challis RC, Ravindra Kumar S, Chan KY, Challis C, Beadle K, Jang MJ, Kim HM, Rajendran PS, Tompkins JD, Shivkumar K, Deverman BE, Gradinaru V.",Nat Protoc,2019,10.1038/s41596-018-0097-3,30626963,452
Molecular & cell biology,primary (research/methods),22,Measurement of atom resolvability in cryo-EM maps with Q-scores.,"Pintilie G, Zhang K, Su Z, Li S, Schmid MF, Chiu W.",Nat Methods,2020,10.1038/s41592-020-0731-1,32042190,437
Molecular & cell biology,primary (research/methods),23,Chronic oxaliplatin resistance induces epithelial-to-mesenchymal transition in colorectal cancer cell lines.,"Yang AD, Fan F, Camp ER, van Buren G, Liu W, Somcio R, Gray MJ, Cheng H, Hoff PM, Ellis LM.",Clin Cancer Res,2006,10.1158/1078-0432.ccr-06-0038,16857785,437
Molecular & cell biology,primary (research/methods),24,Comparative Study of Injury Models for Studying Muscle Regeneration in Mice.,"Hardy D, Besnard A, Latil M, Jouvion G, Briand D, Thépenier C, Pascal Q, Guguin A, Gayraud-Morel B, Cavaillon JM, Tajbakhsh S, Rocheteau P, Chrétien F.",PLoS One,2016,10.1371/journal.pone.0147198,26807982,427
Molecular & cell biology,primary (research/methods),25,How good is a PCR efficiency estimate: Recommendations for precise and robust qPCR efficiency assessments.,"Svec D, Tichopad A, Novosadova V, Pfaffl MW, Kubista M.",Biomol Detect Quantif,2015,10.1016/j.bdq.2015.01.005,27077029,413
Biochemistry & structural biology,secondary (review),1,Progress towards in vivo use of siRNAs.,Behlke MA.,Mol Ther,2006,10.1016/j.ymthe.2006.01.001,16481219,344
Biochemistry & structural biology,secondary (review),2,Tools and methods for circular dichroism spectroscopy of proteins: a tutorial review.,"Miles AJ, Janes RW, Wallace BA.",Chem Soc Rev,2021,10.1039/d0cs00558d,34132259,191
Biochemistry & structural biology,secondary (review),3,Histone acetyltransferases: challenges in targeting bi-substrate enzymes.,"Wapenaar H, Dekker FJ.",Clin Epigenetics,2016,10.1186/s13148-016-0225-2,27231488,172
Biochemistry & structural biology,secondary (review),4,Continuous culture--making a comeback?,"Hoskisson PA, Hobbs G.",Microbiology (Reading),2005,10.1099/mic.0.27924-0,16207900,169
Biochemistry & structural biology,secondary (review),5,Hormones and prostate cancer: current perspectives and future directions.,"Hsing AW, Reichardt JK, Stanczyk FZ.",Prostate,2002,10.1002/pros.10108,12111697,134
Biochemistry & structural biology,secondary (review),6,Evaluation of Peptide/Protein Self-Assembly and Aggregation by Spectroscopic Methods.,"Pignataro MF, Herrera MG, Dodero VI.",Molecules,2020,10.3390/molecules25204854,33096797,122
Biochemistry & structural biology,secondary (review),7,Proteome-wide structural changes measured with limited proteolysis-mass spectrometry: an advanced protocol for high-throughput applications.,"Malinovska L, Cappelletti V, Kohler D, Piazza I, Tsai TH, Pepelnjak M, Stalder P, Dörig C, Sesterhenn F, Elsässer F, Kralickova L, Beaton N, Reiter L, de Souza N, Vitek O, Picotti P.",Nat Protoc,2023,10.1038/s41596-022-00771-x,36526727,109
Biochemistry & structural biology,secondary (review),8,Covalent labeling-mass spectrometry with non-specific reagents for studying protein structure and interactions.,"Limpikirati P, Liu T, Vachet RW.",Methods,2018,10.1016/j.ymeth.2018.04.002,29630925,98
Biochemistry & structural biology,secondary (review),9,Mass Spectrometry-Based Fast Photochemical Oxidation of Proteins (FPOP) for Higher Order Structure Characterization.,"Li KS, Shi L, Gross ML.",Acc Chem Res,2018,10.1021/acs.accounts.7b00593,29450991,95
Biochemistry & structural biology,secondary (review),10,Vitamin requirements and biosynthesis in Saccharomyces cerevisiae.,"Perli T, Wronska AK, Ortiz-Merino RA, Pronk JT, Daran JM.",Yeast,2020,10.1002/yea.3461,31972058,94
Biochemistry & structural biology,secondary (review),11,Diagnosis and treatment of chronic abacterial prostatitis: a systematic review.,"McNaughton Collins M, MacDonald R, Wilt TJ.",Ann Intern Med,2000,10.7326/0003-4819-133-5-200009050-00013,10979882,93
Biochemistry & structural biology,secondary (review),12,Biochemistry of intervertebral disc degeneration and the potential for gene therapy applications.,"Cassinelli EH, Hall RA, Kang JD.",Spine J,2001,10.1016/s1529-9430(01)00021-3,14588349,82
Biochemistry & structural biology,secondary (review),13,Cre-loxP biochemistry.,"Ghosh K, Van Duyne GD.",Methods,2002,10.1016/s1046-2023(02)00244-x,12431441,82
Biochemistry & structural biology,secondary (review),14,Multifactorial theory applied to the neurotoxicity of paraquat and paraquat-induced mechanisms of developing Parkinson's disease.,"Zhang XF, Thompson M, Xu YH.",Lab Invest,2016,10.1038/labinvest.2015.161,26829122,79
Biochemistry & structural biology,secondary (review),15,Evidence-based toxicology: a comprehensive framework for causation.,"Guzelian PS, Victoroff MS, Halmes NC, James RC, Guzelian CP.",Hum Exp Toxicol,2005,10.1191/0960327105ht517oa,15957536,79
Biochemistry & structural biology,secondary (review),16,"Machine Learning and Deep Learning in Synthetic Biology: Key Architectures, Applications, and Challenges.",Goshisht MK.,ACS Omega,2024,10.1021/acsomega.3c05913,38463314,66
Biochemistry & structural biology,secondary (review),17,Biochemistry of human tear film: A review.,Masoudi S.,Exp Eye Res,2022,10.1016/j.exer.2022.109101,35508212,65
Biochemistry & structural biology,secondary (review),18,Fluorescence and chemiluminescence approaches for peroxynitrite detection.,"Prolo C, Rios N, Piacenza L, Álvarez MN, Radi R.",Free Radic Biol Med,2018,10.1016/j.freeradbiomed.2018.02.017,29454880,65
Biochemistry & structural biology,secondary (review),19,The impact of structural genomics: the first quindecennial.,"Grabowski M, Niedzialkowska E, Zimmerman MD, Minor W.",J Struct Funct Genomics,2016,10.1007/s10969-016-9201-5,26935210,55
Biochemistry & structural biology,secondary (review),20,Taking a new biomarker into routine use--a perspective from the routine clinical biochemistry laboratory.,"Sturgeon C, Hill R, Hortin GL, Thompson D.",Proteomics Clin Appl,2010,10.1002/prca.201000073,21137030,53
Biochemistry & structural biology,secondary (review),21,ERK as a model for systems biology of enzyme kinetics in cells.,"Futran AS, Link AJ, Seger R, Shvartsman SY.",Curr Biol,2013,10.1016/j.cub.2013.09.033,24200329,51
Biochemistry & structural biology,secondary (review),22,M stars as targets for terrestrial exoplanet searches and biosignature detection.,"Scalo J, Kaltenegger L, Segura A, Fridlund M, Ribas I, Kulikov YN, Kulikov YN, Grenfell JL, Rauer H, Odert P, Leitzinger M, Selsis F, Khodachenko ML, Eiroa C, Kasting J, Lammer H.",Astrobiology,2007,10.1089/ast.2006.0125,17407405,51
Biochemistry & structural biology,secondary (review),23,Diagnosis of growth hormone deficiency in the paediatric and transitional age.,"Chinoy A, Murray PG.",Best Pract Res Clin Endocrinol Metab,2016,10.1016/j.beem.2016.11.002,27974187,50
Biochemistry & structural biology,secondary (review),24,Quality assessment of protein structure models.,"Kihara D, Chen H, Yang YD.",Curr Protein Pept Sci,2009,10.2174/138920309788452173,19519452,41
Biochemistry & structural biology,secondary (review),25,Altered branched chain amino acid metabolism: toward a unifying cardiometabolic hypothesis.,"Tobias DK, Mora S, Verma S, Lawler PR.",Curr Opin Cardiol,2018,10.1097/hco.0000000000000552,29994805,40
Biochemistry & structural biology,primary (research/methods),1,Drug combination studies and their synergy quantification using the Chou-Talalay method.,Chou TC.,Cancer Res,2010,10.1158/0008-5472.can-09-1947,20068163,4592
Biochemistry & structural biology,primary (research/methods),2,"Prostate-specific membrane antigen PET-CT in patients with high-risk prostate cancer before curative-intent surgery or radiotherapy (proPSMA): a prospective, randomised, multicentre study.","Hofman MS, Lawrentschuk N, Francis RJ, Tang C, Vela I, Thomas P, Rutherford N, Martin JM, Frydenberg M, Shakher R, Wong LM, Taubman K, Ting Lee S, Hsiao E, Roach P, Nottage M, Kirkwood I, Hayne D, Link E, Marusic P, Matera A, Herschtal A, Iravani A, Hicks RJ, Williams S, Murphy DG, proPSMA Study Group Collaborators.",Lancet,2020,10.1016/s0140-6736(20)30314-7,32209449,1552
Biochemistry & structural biology,primary (research/methods),3,"ABT-888, an orally active poly(ADP-ribose) polymerase inhibitor that potentiates DNA-damaging agents in preclinical tumor models.","Donawho CK, Luo Y, Luo Y, Penning TD, Bauch JL, Bouska JJ, Bontcheva-Diaz VD, Cox BF, DeWeese TL, Dillehay LE, Ferguson DC, Ghoreishi-Haack NS, Grimm DR, Guan R, Han EK, Holley-Shanks RR, Hristov B, Idler KB, Jarvis K, Johnson EF, Kleinberg LR, Klinghofer V, Lasko LM, Liu X, Marsh KC, McGonigal TP, Meulbroek JA, Olson AM, Palma JP, Rodriguez LE, Shi Y, Stavropoulos JA, Tsurutani AC, Zhu GD, Rosenberg SH, Giranda VL, Frost DJ.",Clin Cancer Res,2007,10.1158/1078-0432.ccr-06-3039,17473206,597
Biochemistry & structural biology,primary (research/methods),4,FRED pose prediction and virtual screening accuracy.,McGann M.,J Chem Inf Model,2011,10.1021/ci100436p,21323318,579
Biochemistry & structural biology,primary (research/methods),5,AlphaFill: enriching AlphaFold models with ligands and cofactors.,"Hekkelman ML, de Vries I, Joosten RP, Perrakis A.",Nat Methods,2023,10.1038/s41592-022-01685-y,36424442,436
Biochemistry & structural biology,primary (research/methods),6,A simple disc degeneration model induced by percutaneous needle puncture in the rat tail.,"Han B, Zhu K, Li FC, Xiao YX, Feng J, Shi ZL, Lin M, Wang J, Chen QX.",Spine (Phila Pa 1976),2008,10.1097/brs.0b013e31817c64a9,18708924,372
Biochemistry & structural biology,primary (research/methods),7,"Experimental Treatment with Favipiravir for Ebola Virus Disease (the JIKI Trial): A Historically Controlled, Single-Arm Proof-of-Concept Trial in Guinea.","Sissoko D, Laouenan C, Folkesson E, M'Lebing AB, Beavogui AH, Baize S, Camara AM, Maes P, Shepherd S, Danel C, Carazo S, Conde MN, Gala JL, Colin G, Savini H, Bore JA, Le Marcis F, Koundouno FR, Petitjean F, Lamah MC, Diederich S, Tounkara A, Poelart G, Berbain E, Dindart JM, Duraffour S, Lefevre A, Leno T, Peyrouset O, Irenge L, Bangoura N, Palich R, Hinzmann J, Kraus A, Barry TS, Berette S, Bongono A, Camara MS, Chanfreau Munoz V, Doumbouya L, Souley Harouna, Kighoma PM, Koundouno FR, Réné Lolamou, Loua CM, Massala V, Moumouni K, Provost C, Samake N, Sekou C, Soumah A, Arnould I, Komano MS, Gustin L, Berutto C, Camara D, Camara FS, Colpaert J, Delamou L, Jansson L, Kourouma E, Loua M, Malme K, Manfrin E, Maomou A, Milinouno A, Ombelet S, Sidiboun AY, Verreckt I, Yombouno P, Bocquin A, Carbonnelle C, Carmoi T, Frange P, Mely S, Nguyen VK, Pannetier D, Taburet AM, Treluyer JM, Kolie J, Moh R, Gonzalez MC, Kuisma E, Liedigk B, Ngabo D, Rudolf M, Thom R, Kerber R, Gabriel M, Di Caro A, Wölfel R, Badir J, Bentahir M, Deccache Y, Dumont C, Durant JF, El Bakkouri K, Gasasira Uwamahoro M, Smits B, Toufik N, Van Cauwenberghe S, Ezzedine K, D'Ortenzio E, Pizarro L, Etienne A, Guedj J, Fizet A, Barte de Sainte Fare E, Murgue B, Tran-Minh T, Rapp C, Piguet P, Poncin M, Draguez B, Allaford Duverger T, Barbe S, Baret G, Defourny I, Carroll M, Raoul H, Augier A, Eholie SP, Yazdanpanah Y, Levy-Marchal C, Antierrens A, Van Herp M, Günther S, de Lamballerie X, Keïta S, Mentre F, Anglaret X, Malvy D, JIKI Study Group.",PLoS Med,2016,10.1371/journal.pmed.1001967,26930627,349
Biochemistry & structural biology,primary (research/methods),8,Robust model-based analysis of single-particle tracking experiments with Spot-On.,"Hansen AS, Woringer M, Grimm JB, Lavis LD, Tjian R, Darzacq X.",Elife,2018,10.7554/elife.33125,29300163,294
Biochemistry & structural biology,primary (research/methods),9,"Reversal of hypermethylation and reactivation of p16INK4a, RARbeta, and MGMT genes by genistein and other isoflavones from soy.","Fang MZ, Chen D, Sun Y, Jin Z, Christman JK, Yang CS.",Clin Cancer Res,2005,10.1158/1078-0432.ccr-05-0406,16203797,271
Biochemistry & structural biology,primary (research/methods),10,Differential metabolism of gefitinib and erlotinib by human cytochrome P450 enzymes.,"Li J, Zhao M, He P, Hidalgo M, Baker SD.",Clin Cancer Res,2007,10.1158/1078-0432.ccr-07-0088,17575239,241
Biochemistry & structural biology,primary (research/methods),11,"X-34, a fluorescent derivative of Congo red: a novel histochemical stain for Alzheimer's disease pathology.","Styren SD, Hamilton RL, Styren GC, Klunk WE.",J Histochem Cytochem,2000,10.1177/002215540004800906,10950879,223
Biochemistry & structural biology,primary (research/methods),12,Structure of fully protonated proteins by proton-detected magic-angle spinning NMR.,"Andreas LB, Jaudzems K, Stanek J, Lalli D, Bertarello A, Le Marchand T, Cala-De Paepe D, Kotelovica S, Akopjana I, Knott B, Wegner S, Engelke F, Lesage A, Emsley L, Tars K, Herrmann T, Pintacuda G.",Proc Natl Acad Sci U S A,2016,10.1073/pnas.1602248113,27489348,212
Biochemistry & structural biology,primary (research/methods),13,Intermediate and Long-term Outcomes of Survivors of Acute Kidney Injury Episodes: A Large Population-Based Cohort Study.,"Sawhney S, Marks A, Fluck N, Levin A, Prescott G, Black C.",Am J Kidney Dis,2017,10.1053/j.ajkd.2016.05.018,27555107,169
Biochemistry & structural biology,primary (research/methods),14,Preparation of peptide-conjugated quantum dots for tumor vasculature-targeted imaging.,"Cai W, Chen X.",Nat Protoc,2008,10.1038/nprot.2007.478,18193025,160
Biochemistry & structural biology,primary (research/methods),15,Evaluation of neuraminidase enzyme assays using different substrates to measure susceptibility of influenza virus clinical isolates to neuraminidase inhibitors: report of the neuraminidase inhibitor susceptibility network.,"Wetherall NT, Trivedi T, Zeller J, Hodges-Savola C, McKimm-Breschkin JL, Zambon M, Hayden FG.",J Clin Microbiol,2003,10.1128/jcm.41.2.742-750.2003,12574276,151
Biochemistry & structural biology,primary (research/methods),16,Nondisruptive p53 mutations are associated with shorter survival in patients with advanced non-small cell lung cancer.,"Molina-Vila MA, Bertran-Alamillo J, Gascó A, Mayo-de-las-Casas C, Sánchez-Ronco M, Pujantell-Pastor L, Bonanno L, Favaretto AG, Cardona AF, Vergnenègre A, Majem M, Massuti B, Morán T, Carcereny E, Viteri S, Rosell R.",Clin Cancer Res,2014,10.1158/1078-0432.ccr-13-2391,24696321,150
Biochemistry & structural biology,primary (research/methods),17,Novel monoclonal antibody-based enzyme immunoassay for determining plasma levels of ADAMTS13 activity.,"Kato S, Matsumoto M, Matsuyama T, Isonishi A, Hiura H, Fujimura Y.",Transfusion,2006,10.1111/j.1537-2995.2006.00914.x,16934083,150
Biochemistry & structural biology,primary (research/methods),18,Trimodal spectroscopy for the detection and characterization of cervical precancers in vivo.,"Georgakoudi I, Sheets EE, Müller MG, Backman V, Crum CP, Badizadegan K, Dasari RR, Feld MS.",Am J Obstet Gynecol,2002,10.1067/mob.2002.121075,11904594,147
Biochemistry & structural biology,primary (research/methods),19,Different lengths of a polymorphic repeat sequence in the thymidylate synthase gene affect translational efficiency but not its gene expression.,"Kawakami K, Salonga D, Park JM, Danenberg KD, Uetake H, Brabender J, Omura K, Watanabe G, Danenberg PV.",Clin Cancer Res,2001,,11751507,147
Biochemistry & structural biology,primary (research/methods),20,Low levels of estrogen receptor beta protein predict resistance to tamoxifen therapy in breast cancer.,"Hopp TA, Weiss HL, Parra IS, Cui Y, Osborne CK, Fuqua SA.",Clin Cancer Res,2004,10.1158/1078-0432.ccr-04-1114,15569979,140
Biochemistry & structural biology,primary (research/methods),21,"Chronic kidney disease in dogs in UK veterinary practices: prevalence, risk factors, and survival.","O'Neill DG, Elliott J, Church DB, McGreevy PD, Thomson PC, Brodbelt DC.",J Vet Intern Med,2013,10.1111/jvim.12090,23647231,136
Biochemistry & structural biology,primary (research/methods),22,Mitigating SOX2-potentiated Immune Escape of Head and Neck Squamous Cell Carcinoma with a STING-inducing Nanosatellite Vaccine.,"Tan YS, Sansanaphongpricha K, Xie Y, Donnelly CR, Luo X, Heath BR, Zhao X, Bellile E, Hu H, Chen H, Polverini PJ, Chen Q, Young S, Carey TE, Nör JE, Ferris RL, Wolf GT, Sun D, Lei YL.",Clin Cancer Res,2018,10.1158/1078-0432.ccr-17-2807,29769207,134
Biochemistry & structural biology,primary (research/methods),23,Activation of HER family signaling as a mechanism of acquired resistance to ALK inhibitors in EML4-ALK-positive non-small cell lung cancer.,"Tanizaki J, Okamoto I, Okabe T, Sakai K, Tanaka K, Hayashi H, Kaneda H, Takezawa K, Kuwata K, Yamaguchi H, Hatashita E, Nishio K, Nakagawa K.",Clin Cancer Res,2012,10.1158/1078-0432.ccr-12-0392,22843788,134
Biochemistry & structural biology,primary (research/methods),24,Ursolic acid inhibits growth and metastasis of human colorectal cancer in an orthotopic nude mouse model by targeting multiple cell signaling pathways: chemosensitization with capecitabine.,"Prasad S, Yadav VR, Sung B, Reuter S, Kannappan R, Deorukhkar A, Diagaradjane P, Wei C, Baladandayuthapani V, Krishnan S, Guha S, Aggarwal BB.",Clin Cancer Res,2012,10.1158/1078-0432.ccr-11-2805,22832932,132
Biochemistry & structural biology,primary (research/methods),25,Measurements of proteoglycan and water content distribution in human lumbar intervertebral discs.,"Iatridis JC, MacLean JJ, O'Brien M, Stokes IA.",Spine (Phila Pa 1976),2007,10.1097/brs.0b013e318067dd3f,17572617,131
Biotechnology & bioprocessing,secondary (review),1,The emergence of adaptive laboratory evolution as an efficient tool for biological discovery and industrial biotechnology.,"Sandberg TE, Salazar MJ, Weng LL, Palsson BO, Feist AM.",Metab Eng,2019,10.1016/j.ymben.2019.08.004,31401242,375
Biotechnology & bioprocessing,secondary (review),2,Overview of bone morphogenetic proteins.,Wozney JM.,Spine (Phila Pa 1976),2002,10.1097/00007632-200208151-00002,12205411,260
Biotechnology & bioprocessing,secondary (review),3,Rationally designed molecular beacons for bioanalytical and biomedical applications.,"Zheng J, Yang R, Shi M, Wu C, Fang X, Li Y, Li J, Tan W.",Chem Soc Rev,2015,10.1039/c5cs00020c,25777303,232
Biotechnology & bioprocessing,secondary (review),4,Systems biotechnology for strain improvement.,"Lee SY, Lee DY, Kim TY.",Trends Biotechnol,2005,10.1016/j.tibtech.2005.05.003,15923052,188
Biotechnology & bioprocessing,secondary (review),5,"Optimizing drug delivery systems using systematic ""design of experiments."" Part I: fundamental aspects.","Singh B, Kumar R, Ahuja N.",Crit Rev Ther Drug Carrier Syst,2005,10.1615/critrevtherdrugcarriersyst.v22.i1.20,15715503,172
Biotechnology & bioprocessing,secondary (review),6,Chemical and biochemical strategies for the randomization of protein encoding DNA sequences: library construction methods for directed evolution.,Neylon C.,Nucleic Acids Res,2004,10.1093/nar/gkh315,14990750,167
Biotechnology & bioprocessing,secondary (review),7,The Taguchi methodology as a statistical tool for biotechnological applications: a critical appraisal.,"Rao RS, Kumar CG, Prakasham RS, Hobbs PJ.",Biotechnol J,2008,10.1002/biot.200700201,18320563,158
Biotechnology & bioprocessing,secondary (review),8,Effects of prebiotics on mineral metabolism.,"Scholz-Ahrens KE, Schaafsma G, van den Heuvel EG, Schrezenmeir J.",Am J Clin Nutr,2001,10.1093/ajcn/73.2.459s,11157358,149
Biotechnology & bioprocessing,secondary (review),9,Mammalian cell metabolomics: experimental design and sample preparation.,"León Z, García-Cañaveras JC, Donato MT, Lahoz A.",Electrophoresis,2013,10.1002/elps.201200605,23436493,145
Biotechnology & bioprocessing,secondary (review),10,Solid-state fermentation--are there any biotechnological advantages?,"Hölker U, Lenz J.",Curr Opin Microbiol,2005,10.1016/j.mib.2005.04.006,15939353,144
Biotechnology & bioprocessing,secondary (review),11,Minimally invasive transforaminal lumbar interbody fusion: a review of techniques and outcomes.,"Karikari IO, Isaacs RE.",Spine (Phila Pa 1976),2010,10.1097/brs.0b013e3182022ddc,21160393,139
Biotechnology & bioprocessing,secondary (review),12,Product Differences in Intra-articular Hyaluronic Acids for Osteoarthritis of the Knee.,"Altman RD, Bedi A, Karlsson J, Sancheti P, Schemitsch E.",Am J Sports Med,2016,10.1177/0363546515609599,26578719,133
Biotechnology & bioprocessing,secondary (review),13,Multiscale requirements for bioencapsulation in medicine and biotechnology.,"de Vos P, Bucko M, Gemeiner P, Navrátil M, Svitel J, Faas M, Strand BL, Skjak-Braek G, Morch YA, Vikartovská A, Lacík I, Kolláriková G, Orive G, Poncelet D, Pedraz JL, Ansorge-Schumacher MB.",Biomaterials,2009,10.1016/j.biomaterials.2009.01.014,19201460,131
Biotechnology & bioprocessing,secondary (review),14,Optimization in computational systems biology.,Banga JR.,BMC Syst Biol,2008,10.1186/1752-0509-2-47,18507829,130
Biotechnology & bioprocessing,secondary (review),15,"Biomarkers for tuberculosis disease activity, cure, and relapse.","Wallis RS, Doherty TM, Onyebujoh P, Vahedi M, Laang H, Olesen O, Parida S, Zumla A.",Lancet Infect Dis,2009,10.1016/s1473-3099(09)70042-8,19246020,126
Biotechnology & bioprocessing,secondary (review),16,Advances in on-line monitoring and control of mammalian cell cultures: Supporting the PAT initiative.,"Teixeira AP, Oliveira R, Alves PM, Carrondo MJT.",Biotechnol Adv,2009,10.1016/j.biotechadv.2009.05.003,19450676,102
Biotechnology & bioprocessing,secondary (review),17,Impact of DNA polymorphisms in key DNA base excision repair proteins on cancer risk.,"Karahalil B, Bohr VA, Wilson DM.",Hum Exp Toxicol,2012,10.1177/0960327112444476,23023028,100
Biotechnology & bioprocessing,secondary (review),18,Holo-Omics: Integrated Host-Microbiota Multi-omics for Basic and Applied Biological Research.,"Nyholm L, Koziol A, Marcos S, Botnen AB, Aizpurua O, Gopalakrishnan S, Limborg MT, Gilbert MTP, Alberdi A.",iScience,2020,10.1016/j.isci.2020.101414,32777774,95
Biotechnology & bioprocessing,secondary (review),19,Stem cell bioprocessing: fundamentals and principles.,"Placzek MR, Chung IM, Macedo HM, Ismail S, Mortera Blanco T, Lim M, Cha JM, Fauzi I, Kang Y, Yeo DC, Ma CY, Polak JM, Panoskaltsis N, Mantalaris A.",J R Soc Interface,2009,10.1098/rsif.2008.0442,19033137,94
Biotechnology & bioprocessing,secondary (review),20,"Talking the talk, but not walking the walk: RT-qPCR as a paradigm for the lack of reproducibility in molecular research.","Bustin S, Nolan T.",Eur J Clin Invest,2017,10.1111/eci.12801,28796277,88
Biotechnology & bioprocessing,secondary (review),21,Electromyographic monitoring and its anatomical implications in minimally invasive spine surgery.,"Uribe JS, Vale FL, Dakwar E.",Spine (Phila Pa 1976),2010,10.1097/brs.0b013e3182027976,21160402,87
Biotechnology & bioprocessing,secondary (review),22,"Recent progress in genome engineering techniques in the silkworm, Bombyx mori.","Daimon T, Kiuchi T, Takasu Y.",Dev Growth Differ,2014,10.1111/dgd.12096,24175911,84
Biotechnology & bioprocessing,secondary (review),23,A comprehensive and quantitative review of dark fermentative biohydrogen production.,"Rittmann S, Herwig C.",Microb Cell Fact,2012,10.1186/1475-2859-11-115,22925149,84
Biotechnology & bioprocessing,secondary (review),24,Efficacy of chemical root surface modifiers in the treatment of periodontal disease. A systematic review.,Mariotti A.,Ann Periodontol,2003,10.1902/annals.2003.8.1.205,14971255,83
Biotechnology & bioprocessing,secondary (review),25,Response surface methodology as a tool to optimize the extraction of bioactive compounds from plant sources.,"Weremfo A, Abassah-Oppong S, Adulley F, Dabie K, Seidu-Larry S.",J Sci Food Agric,2023,10.1002/jsfa.12121,35833361,80
Biotechnology & bioprocessing,primary (research/methods),1,Creation and analysis of biochemical constraint-based models using the COBRA Toolbox v.3.0.,"Heirendt L, Arreckx S, Pfau T, Mendoza SN, Richelle A, Heinken A, Haraldsdóttir HS, Wachowiak J, Keating SM, Vlasov V, Magnusdóttir S, Ng CY, Preciat G, Žagare A, Chan SHJ, Aurich MK, Clancy CM, Modamio J, Sauls JT, Noronha A, Bordbar A, Cousins B, El Assal DC, Valcarcel LV, Apaolaza I, Ghaderi S, Ahookhosh M, Ben Guebila M, Kostromins A, Sompairac N, Le HM, Ma D, Sun Y, Wang L, Yurkovich JT, Oliveira MAP, Vuong PT, El Assal LP, Kuperstein I, Zinovyev A, Hinton HS, Bryant WA, Aragón Artacho FJ, Planes FJ, Stalidzans E, Maass A, Vempala S, Hucka M, Saunders MA, Maranas CD, Lewis NE, Sauter T, Palsson BØ, Thiele I, Fleming RMT.",Nat Protoc,2019,10.1038/s41596-018-0098-2,30787451,1024
Biotechnology & bioprocessing,primary (research/methods),2,Early Treatment for Covid-19 with SARS-CoV-2 Neutralizing Antibody Sotrovimab.,"Gupta A, Gonzalez-Rojas Y, Juarez E, Crespo Casal M, Moya J, Falci DR, Sarkis E, Solis J, Zheng H, Scott N, Cathcart AL, Hebner CM, Sager J, Mogalian E, Tipple C, Peppercorn A, Alexander E, Pang PS, Free A, Brinson C, Aldinger M, Shapiro AE, COMET-ICE Investigators.",N Engl J Med,2021,10.1056/nejmoa2107934,34706189,902
Biotechnology & bioprocessing,primary (research/methods),3,Quantification of proteins and metabolites by mass spectrometry without isotopic labeling or spiked standards.,"Wang W, Zhou H, Lin H, Roy S, Shaler TA, Hill LR, Norton S, Kumar P, Anderle M, Becker CH.",Anal Chem,2003,10.1021/ac026468x,14674459,460
Biotechnology & bioprocessing,primary (research/methods),4,"Neratinib after trastuzumab-based adjuvant therapy in patients with HER2-positive breast cancer (ExteNET): a multicentre, randomised, double-blind, placebo-controlled, phase 3 trial.","Chan A, Delaloge S, Holmes FA, Moy B, Iwata H, Harvey VJ, Robert NJ, Silovski T, Gokmen E, von Minckwitz G, Ejlertsen B, Chia SKL, Mansi J, Barrios CH, Gnant M, Buyse M, Gore I, Smith J, Harker G, Masuda N, Petrakova K, Zotano AG, Iannotti N, Rodriguez G, Tassone P, Wong A, Bryce R, Ye Y, Yao B, Martin M, ExteNET Study Group.",Lancet Oncol,2016,10.1016/s1470-2045(15)00551-3,26874901,413
Biotechnology & bioprocessing,primary (research/methods),5,Bioorthogonal chemistry.,"Scinto SL, Bilodeau DA, Hincapie R, Lee W, Nguyen SS, Xu M, Am Ende CW, Finn MG, Lang K, Lin Q, Pezacki JP, Prescher JA, Robillard MS, Fox JM.",Nat Rev Methods Primers,2021,10.1038/s43586-021-00028-z,34585143,370
Biotechnology & bioprocessing,primary (research/methods),6,Experimental design and multiple response optimization. Using the desirability function in analytical methods development.,"Candioti LV, De Zan MM, Cámara MS, Goicoechea HC.",Talanta,2014,10.1016/j.talanta.2014.01.034,24767454,369
Biotechnology & bioprocessing,primary (research/methods),7,"Chitosan-sodium alginate nanoparticles as submicroscopic reservoirs for ocular delivery: formulation, optimisation and in vitro characterisation.","Motwani SK, Chopra S, Talegaonkar S, Talegaonkar S, Kohli K, Ahmad FJ, Khar RK.",Eur J Pharm Biopharm,2008,10.1016/j.ejpb.2007.09.009,17983737,261
Biotechnology & bioprocessing,primary (research/methods),8,Changes in the gut microbiome and fermentation products concurrent with enhanced longevity in acarbose-treated mice.,"Smith BJ, Miller RA, Ericsson AC, Harrison DC, Strong R, Schmidt TM.",BMC Microbiol,2019,10.1186/s12866-019-1494-7,31195972,254
Biotechnology & bioprocessing,primary (research/methods),9,Review on polyphenols in Theobroma cacao: changes in composition during the manufacture of chocolate and methodology for identification and quantification,"Wollgast J, Anklam E.",Food Res Int,2000,10.1016/s0963-9969(00)00068-5,,254
Biotechnology & bioprocessing,primary (research/methods),10,Validation of a rapid equilibrium dialysis approach for the measurement of plasma protein binding.,"Waters NJ, Jones R, Williams G, Sohal B.",J Pharm Sci,2008,10.1002/jps.21317,18300299,232
Biotechnology & bioprocessing,primary (research/methods),11,A data integration methodology for systems biology.,"Hwang D, Rust AG, Ramsey S, Smith JJ, Leslie DM, Weston AD, de Atauri P, Aitchison JD, Hood L, Siegel AF, Bolouri H.",Proc Natl Acad Sci U S A,2005,10.1073/pnas.0508647102,16301537,232
Biotechnology & bioprocessing,primary (research/methods),12,IPO: a tool for automated optimization of XCMS parameters.,"Libiseller G, Dvorzak M, Kleb U, Gander E, Eisenberg T, Madeo F, Neumann S, Trausinger G, Sinner F, Pieber T, Magnes C.",BMC Bioinformatics,2015,10.1186/s12859-015-0562-8,25888443,228
Biotechnology & bioprocessing,primary (research/methods),13,Comparative analysis of the primary transcriptome of Synechocystis sp. PCC 6803.,"Kopf M, Klähn S, Scholz I, Matthiessen JK, Hess WR, Voß B.",DNA Res,2014,10.1093/dnares/dsu018,24935866,224
Biotechnology & bioprocessing,primary (research/methods),14,Serum macrophage inhibitory cytokine 1 as a marker of pancreatic and other periampullary cancers.,"Koopmann J, Buckhaults P, Brown DA, Zahurak ML, Sato N, Fukushima N, Sokoll LJ, Chan DW, Yeo CJ, Hruban RH, Breit SN, Kinzler KW, Vogelstein B, Goggins M.",Clin Cancer Res,2004,10.1158/1078-0432.ccr-03-0165,15073115,217
Biotechnology & bioprocessing,primary (research/methods),15,Bioprocess optimization using design-of-experiments methodology.,"Mandenius CF, Brundin A.",Biotechnol Prog,2008,10.1002/btpr.67,19194932,216
Biotechnology & bioprocessing,primary (research/methods),16,Cell viability analysis using trypan blue: manual and automated methods.,"Louis KS, Siegel AC.",Methods Mol Biol,2011,10.1007/978-1-61779-108-6_2,21468962,214
Biotechnology & bioprocessing,primary (research/methods),17,Minimally invasive surgery: lateral approach interbody fusion: results and review.,"Youssef JA, McAfee PC, Patty CA, Raley E, DeBauche S, Shucosky E, Chotikul L.",Spine (Phila Pa 1976),2010,10.1097/brs.0b013e3182023438,21160394,196
Biotechnology & bioprocessing,primary (research/methods),18,"Efficacy, safety, and immunogenicity of the DNA SARS-CoV-2 vaccine (ZyCoV-D): the interim efficacy results of a phase 3, randomised, double-blind, placebo-controlled study in India.","Khobragade A, Bhate S, Ramaiah V, Deshpande S, Giri K, Phophle H, Supe P, Godara I, Revanna R, Nagarkar R, Sanmukhani J, Dey A, Rajanathan TMC, Kansagra K, Koradia P, ZyCoV-D phase 3 Study Investigator Group.",Lancet,2022,10.1016/s0140-6736(22)00151-9,35367003,192
Biotechnology & bioprocessing,primary (research/methods),19,"Effect of immunisation against angiotensin II with CYT006-AngQb on ambulatory blood pressure: a double-blind, randomised, placebo-controlled phase IIa study.","Tissot AC, Maurer P, Nussberger J, Sabat R, Pfister T, Ignatenko S, Volk HD, Stocker H, Müller P, Jennings GT, Wagner F, Bachmann MF.",Lancet,2008,10.1016/s0140-6736(08)60381-5,18328929,189
Biotechnology & bioprocessing,primary (research/methods),20,"Efficacy and safety of two neutralising monoclonal antibody therapies, sotrovimab and BRII-196 plus BRII-198, for adults hospitalised with COVID-19 (TICO): a randomised controlled trial.",ACTIV-3/Therapeutics for Inpatients with COVID-19 (TICO) Study Group.,Lancet Infect Dis,2022,10.1016/s1473-3099(21)00751-9,34953520,182
Biotechnology & bioprocessing,primary (research/methods),21,Reproducibility of oligonucleotide microarray transcriptome analyses. An interlaboratory comparison using chemostat cultures of Saccharomyces cerevisiae.,"Piper MD, Daran-Lapujade P, Bro C, Regenberg B, Knudsen S, Nielsen J, Pronk JT.",J Biol Chem,2002,10.1074/jbc.m204490200,12121991,180
Biotechnology & bioprocessing,primary (research/methods),22,Shifts in the rumen microbiota due to the type of carbohydrate and level of protein ingested by dairy cattle are associated with changes in rumen fermentation.,"Belanche A, Doreau M, Edwards JE, Moorby JM, Pinloche E, Newbold CJ.",J Nutr,2012,10.3945/jn.112.159574,22833657,179
Biotechnology & bioprocessing,primary (research/methods),23,Contemporary prevalence of infectious agents in laboratory mice and rats.,"Pritchett-Corning KR, Cosentino J, Clifford CB.",Lab Anim,2009,10.1258/la.2008.008009,19015179,179
Biotechnology & bioprocessing,primary (research/methods),24,Specific substrate-driven changes in human faecal microbiota composition contrast with functional redundancy in short-chain fatty acid production.,"Reichardt N, Vollmer M, Holtrop G, Farquharson FM, Wefers D, Bunzel M, Duncan SH, Drew JE, Williams LM, Milligan G, Preston T, Morrison D, Flint HJ, Louis P.",ISME J,2018,10.1038/ismej.2017.196,29192904,176
Biotechnology & bioprocessing,primary (research/methods),25,High-resolution <sup>13</sup>C metabolic flux analysis.,"Long CP, Antoniewicz MR.",Nat Protoc,2019,10.1038/s41596-019-0204-0,31471597,168
Microbiology & microbiome,secondary (review),1,Best practices for analysing microbiomes.,"Knight R, Vrbanac A, Taylor BC, Aksenov A, Callewaert C, Debelius J, Gonzalez A, Kosciolek T, McCall LI, McDonald D, Melnik AV, Morton JT, Navas J, Quinn RA, Sanders JG, Swafford AD, Thompson LR, Tripathi A, Xu ZZ, Zaneveld JR, Zhu Q, Caporaso JG, Dorrestein PC.",Nat Rev Microbiol,2018,10.1038/s41579-018-0029-9,29795328,1364
Microbiology & microbiome,secondary (review),2,Real-time PCR in virology.,"Mackay IM, Arden KE, Nitsche A.",Nucleic Acids Res,2002,10.1093/nar/30.6.1292,11884626,832
Microbiology & microbiome,secondary (review),3,Fecal microbiota transplantation for Clostridium difficile infection: systematic review and meta-analysis.,"Kassam Z, Lee CH, Yuan Y, Hunt RH.",Am J Gastroenterol,2013,10.1038/ajg.2013.59,23511459,660
Microbiology & microbiome,secondary (review),4,Intestinal microbiota in functional bowel disorders: a Rome foundation report.,"Simrén M, Barbara G, Flint HJ, Spiegel BM, Spiller RC, Vanner S, Verdu EF, Whorwell PJ, Zoetendal EG, Rome Foundation Committee.",Gut,2013,10.1136/gutjnl-2012-302167,22730468,639
Microbiology & microbiome,secondary (review),5,Identification of medically relevant microorganisms by vibrational spectroscopy.,"Maquelin K, Kirschner C, Choo-Smith LP, van den Braak N, Endtz HP, Naumann D, Puppels GJ.",J Microbiol Methods,2002,10.1016/s0167-7012(02)00127-6,12223286,484
Microbiology & microbiome,secondary (review),6,"Mechanisms of Silver Nanoparticle Release, Transformation and Toxicity: A Critical Review of Current Knowledge and Recommendations for Future Studies and Applications.","Reidy B, Haase A, Luch A, Dawson KA, Lynch I.",Materials (Basel),2013,10.3390/ma6062295,28809275,477
Microbiology & microbiome,secondary (review),7,Mouse models for human intestinal microbiota research: a critical evaluation.,"Hugenholtz F, de Vos WM.",Cell Mol Life Sci,2018,10.1007/s00018-017-2693-8,29124307,475
Microbiology & microbiome,secondary (review),8,Molecular mimicry and autoimmunity.,"Rojas M, Restrepo-Jiménez P, Monsalve DM, Pacheco Y, Acosta-Ampudia Y, Ramírez-Santana C, Leung PSC, Ansari AA, Gershwin ME, Anaya JM.",J Autoimmun,2018,10.1016/j.jaut.2018.10.012,30509385,458
Microbiology & microbiome,secondary (review),9,Systematic Review of Gut Microbiota and Major Depression.,"Cheung SG, Goldenthal AR, Uhlemann AC, Mann JJ, Miller JM, Sublette ME.",Front Psychiatry,2019,10.3389/fpsyt.2019.00034,30804820,444
Microbiology & microbiome,secondary (review),10,Optimizing methods and dodging pitfalls in microbiome research.,"Kim D, Hofstaedter CE, Zhao C, Mattei L, Tanes C, Clarke E, Lauder A, Sherrill-Mix S, Chehoud C, Kelsen J, Conrad M, Collman RG, Baldassano R, Bushman FD, Bittinger K.",Microbiome,2017,10.1186/s40168-017-0267-5,28476139,427
Microbiology & microbiome,secondary (review),11,"Invited Review: The role of cow, pathogen, and treatment regimen in the therapeutic success of bovine Staphylococcus aureus mastitis.","Barkema HW, Schukken YH, Zadoks RN.",J Dairy Sci,2006,10.3168/jds.s0022-0302(06)72256-1,16702252,427
Microbiology & microbiome,secondary (review),12,Current challenges and best-practice protocols for microbiome analysis.,"Bharti R, Grimm DG.",Brief Bioinform,2021,10.1093/bib/bbz155,31848574,387
Microbiology & microbiome,secondary (review),13,The gut microbiome in human neurological disease: A review.,"Tremlett H, Bauer KC, Appel-Cresswell S, Finlay BB, Waubant E.",Ann Neurol,2017,10.1002/ana.24901,28220542,381
Microbiology & microbiome,secondary (review),14,Host and Environmental Factors Affecting the Intestinal Microbiota in Chickens.,"Kers JG, Velkers FC, Fischer EAJ, Hermes GDA, Stegeman JA, Smidt H.",Front Microbiol,2018,10.3389/fmicb.2018.00235,29503637,354
Microbiology & microbiome,secondary (review),15,Gut Microbiota-brain Axis.,"Wang HX, Wang YP.",Chin Med J (Engl),2016,10.4103/0366-6999.190667,27647198,348
Microbiology & microbiome,secondary (review),16,Guidelines for evaluation of new fever in critically ill adult patients: 2008 update from the American College of Critical Care Medicine and the Infectious Diseases Society of America.,"O'Grady NP, Barie PS, Bartlett JG, Bleck T, Carroll K, Kalil AC, Linden P, Maki DG, Nierman D, Pasculle W, Masur H, American College of Critical Care Medicine, Infectious Diseases Society of America.",Crit Care Med,2008,10.1097/ccm.0b013e318169eda9,18379262,345
Microbiology & microbiome,secondary (review),17,Photodynamic therapy for infections: clinical applications.,"Kharkwal GB, Sharma SK, Huang YY, Dai T, Hamblin MR.",Lasers Surg Med,2011,10.1002/lsm.21080,22057503,337
Microbiology & microbiome,secondary (review),18,Next-generation sequencing: insights to advance clinical investigations of the microbiome.,"Wensel CR, Pluznick JL, Salzberg SL, Sears CL.",J Clin Invest,2022,10.1172/jci154944,35362479,328
Microbiology & microbiome,secondary (review),19,The microbe electric: conversion of organic matter to electricity.,Lovley DR.,Curr Opin Biotechnol,2008,10.1016/j.copbio.2008.10.005,19000760,320
Microbiology & microbiome,secondary (review),20,Heterogeneity of the gut microbiome in mice: guidelines for optimizing experimental design.,"Laukens D, Brinkman BM, Raes J, De Vos M, Vandenabeele P.",FEMS Microbiol Rev,2016,10.1093/femsre/fuv036,26323480,318
Microbiology & microbiome,secondary (review),21,Laboratory Diagnosis of Human Brucellosis.,"Yagupsky P, Morata P, Colmenero JD.",Clin Microbiol Rev,2019,10.1128/cmr.00073-19,31722888,275
Microbiology & microbiome,secondary (review),22,The low FODMAP diet: recent advances in understanding its mechanisms and efficacy in IBS.,"Staudacher HM, Whelan K.",Gut,2017,10.1136/gutjnl-2017-313750,28592442,272
Microbiology & microbiome,secondary (review),23,Stroke-associated pneumonia: major advances and obstacles.,"Hannawi Y, Hannawi B, Rao CP, Suarez JI, Bershad EM.",Cerebrovasc Dis,2013,10.1159/000350199,23735757,271
Microbiology & microbiome,secondary (review),24,Fighting Pathogenic Bacteria on Two Fronts: Phages and Antibiotics as Combined Strategy.,"Tagliaferri TL, Jansen M, Horz HP.",Front Cell Infect Microbiol,2019,10.3389/fcimb.2019.00022,30834237,258
Microbiology & microbiome,secondary (review),25,A survey of modulation of gut microbiota by dietary polyphenols.,"Dueñas M, Muñoz-González I, Cueva C, Jiménez-Girón A, Sánchez-Patán F, Santos-Buelga C, Moreno-Arribas MV, Bartolomé B.",Biomed Res Int,2015,10.1155/2015/850902,25793210,256
Microbiology & microbiome,primary (research/methods),1,RETRACTED: Hydroxychloroquine and azithromycin as a treatment of COVID-19: results of an open-label non-randomized clinical trial.,"Gautret P, Lagier JC, Parola P, Hoang VT, Meddeb L, Mailhe M, Doudier B, Courjon J, Giordanengo V, Vieira VE, Tissot Dupont H, Honoré S, Colson P, Chabrière E, La Scola B, Rolain JM, Brouqui P, Raoult D.",Int J Antimicrob Agents,2020,10.1016/j.ijantimicag.2020.105949,32205204,3113
Microbiology & microbiome,primary (research/methods),2,Multivariable association discovery in population-scale meta-omics studies.,"Mallick H, Rahnavard A, McIver LJ, Ma S, Zhang Y, Nguyen LH, Tickle TL, Weingart G, Ren B, Schwager EH, Chatterjee S, Thompson KN, Wilkinson JE, Subramanian A, Lu Y, Waldron L, Paulson JN, Franzosa EA, Bravo HC, Huttenhower C.",PLoS Comput Biol,2021,10.1371/journal.pcbi.1009442,34784344,2286
Microbiology & microbiome,primary (research/methods),3,"Waste not, want not: why rarefying microbiome data is inadmissible.","McMurdie PJ, Holmes S.",PLoS Comput Biol,2014,10.1371/journal.pcbi.1003531,24699258,2034
Microbiology & microbiome,primary (research/methods),4,Population-level analysis of gut microbiome variation.,"Falony G, Joossens M, Vieira-Silva S, Wang J, Darzi Y, Faust K, Kurilshikov A, Bonder MJ, Valles-Colomer M, Vandeputte D, Tito RY, Chaffron S, Rymenans L, Verspecht C, De Sutter L, Lima-Mendez G, D'hoe K, Jonckheere K, Homola D, Garcia R, Tigchelaar EF, Eeckhaudt L, Fu J, Henckaerts L, Zhernakova A, Wijmenga C, Raes J.",Science,2016,10.1126/science.aad3503,27126039,1819
Microbiology & microbiome,primary (research/methods),5,Proksee: in-depth characterization and visualization of bacterial genomes.,"Grant JR, Enns E, Marinier E, Mandal A, Herman EK, Chen CY, Graham M, Van Domselaar G, Stothard P.",Nucleic Acids Res,2023,10.1093/nar/gkad326,37140037,1518
Microbiology & microbiome,primary (research/methods),6,Large-scale association analyses identify host factors influencing human gut microbiome composition.,"Kurilshikov A, Medina-Gomez C, Bacigalupe R, Radjabzadeh D, Wang J, Demirkan A, Le Roy CI, Raygoza Garay JA, Finnicum CT, Liu X, Zhernakova DV, Bonder MJ, Hansen TH, Frost F, Rühlemann MC, Turpin W, Moon JY, Kim HN, Lüll K, Barkan E, Shah SA, Fornage M, Szopinska-Tokov J, Wallen ZD, Borisevich D, Agreus L, Andreasson A, Bang C, Bedrani L, Bell JT, Bisgaard H, Boehnke M, Boomsma DI, Burk RD, Claringbould A, Croitoru K, Davies GE, van Duijn CM, Duijts L, Falony G, Fu J, van der Graaf A, Hansen T, Homuth G, Hughes DA, Ijzerman RG, Jackson MA, Jaddoe VWV, Joossens M, Jørgensen T, Keszthelyi D, Knight R, Laakso M, Laudes M, Launer LJ, Lieb W, Lusis AJ, Masclee AAM, Moll HA, Mujagic Z, Qibin Q, Rothschild D, Shin H, Sørensen SJ, Steves CJ, Thorsen J, Timpson NJ, Tito RY, Vieira-Silva S, Völker U, Völzke H, Võsa U, Wade KH, Walter S, Watanabe K, Weiss S, Weiss FU, Weissbrod O, Westra HJ, Willemsen G, Payami H, Jonkers DMAE, Arias Vasquez A, de Geus EJC, Meyer KA, Stokholm J, Segal E, Org E, Wijmenga C, Kim HL, Kaplan RC, Spector TD, Uitterlinden AG, Rivadeneira F, Franke A, Lerch MM, Franke L, Sanna S, D'Amato M, Pedersen O, Paterson AD, Kraaij R, Raes J, Zhernakova A.",Nat Genet,2021,10.1038/s41588-020-00763-1,33462485,1464
Microbiology & microbiome,primary (research/methods),7,Analysis of composition of microbiomes: a novel method for studying microbial composition.,"Mandal S, Van Treuren W, White RA, Eggesbø M, Knight R, Peddada SD.",Microb Ecol Health Dis,2015,10.3402/mehd.v26.27663,26028277,1358
Microbiology & microbiome,primary (research/methods),8,"Causal relationships among the gut microbiome, short-chain fatty acids and metabolic diseases.","Sanna S, van Zuydam NR, Mahajan A, Kurilshikov A, Vich Vila A, Võsa U, Mujagic Z, Masclee AAM, Jonkers DMAE, Oosting M, Joosten LAB, Netea MG, Franke L, Zhernakova A, Fu J, Wijmenga C, McCarthy MI.",Nat Genet,2019,10.1038/s41588-019-0350-x,30778224,1193
Microbiology & microbiome,primary (research/methods),9,Multidonor intensive faecal microbiota transplantation for active ulcerative colitis: a randomised placebo-controlled trial.,"Paramsothy S, Kamm MA, Kaakoush NO, Walsh AJ, van den Bogaerde J, Samuel D, Leong RWL, Connor S, Ng W, Paramsothy R, Xuan W, Lin E, Mitchell HM, Borody TJ.",Lancet,2017,10.1016/s0140-6736(17)30182-4,28214091,974
Microbiology & microbiome,primary (research/methods),10,Microbiome differential abundance methods produce different results across 38 datasets.,"Nearing JT, Douglas GM, Hayes MG, MacDonald J, Desai DK, Allward N, Jones CMA, Wright RJ, Dhanani AS, Comeau AM, Langille MGI.",Nat Commun,2022,10.1038/s41467-022-28034-z,35039521,802
Microbiology & microbiome,primary (research/methods),11,Use of procalcitonin to reduce patients' exposure to antibiotics in intensive care units (PRORATA trial): a multicentre randomised controlled trial.,"Bouadma L, Luyt CE, Tubach F, Cracco C, Alvarez A, Schwebel C, Schortgen F, Lasocki S, Veber B, Dehoux M, Bernard M, Pasquet B, Régnier B, Brun-Buisson C, Chastre J, Wolff M, PRORATA trial group.",Lancet,2010,10.1016/s0140-6736(09)61879-1,20097417,797
Microbiology & microbiome,primary (research/methods),12,The Generation R Study: design and cohort update 2017.,"Kooijman MN, Kruithof CJ, van Duijn CM, Duijts L, Franco OH, van IJzendoorn MH, de Jongste JC, Klaver CC, van der Lugt A, Mackenbach JP, Moll HA, Peeters RP, Raat H, Rings EH, Rivadeneira F, van der Schroeff MP, Steegers EA, Tiemeier H, Uitterlinden AG, Verhulst FC, Wolvius E, Felix JF, Jaddoe VW.",Eur J Epidemiol,2016,10.1007/s10654-016-0224-9,28070760,760
Microbiology & microbiome,primary (research/methods),13,Analysis of the microbiome: Advantages of whole genome shotgun versus 16S amplicon sequencing.,"Ranjan R, Rani A, Metwally A, Metwally A, McGee HS, Perkins DL.",Biochem Biophys Res Commun,2016,10.1016/j.bbrc.2015.12.083,26718401,678
Microbiology & microbiome,primary (research/methods),14,Evidence that the endometrial microbiota has an effect on implantation success or failure.,"Moreno I, Codoñer FM, Vilella F, Valbuena D, Martinez-Blanch JF, Jimenez-Almazán J, Alonso R, Alamá P, Remohí J, Pellicer A, Ramon D, Simon C.",Am J Obstet Gynecol,2016,10.1016/j.ajog.2016.09.075,27717732,589
Microbiology & microbiome,primary (research/methods),15,Generation of multimillion-sequence 16S rRNA gene libraries from complex microbial communities by assembling paired-end illumina reads.,"Bartram AK, Lynch MD, Stearns JC, Moreno-Hagelsieb G, Neufeld JD.",Appl Environ Microbiol,2011,10.1128/aem.02772-10,21460107,567
Microbiology & microbiome,primary (research/methods),16,The contribution of species richness and composition to bacterial services.,"Bell T, Newman JA, Silverman BW, Turner SL, Lilley AK.",Nature,2005,10.1038/nature03891,16121181,559
Microbiology & microbiome,primary (research/methods),17,A controlled trial of long-term inhaled hypertonic saline in patients with cystic fibrosis.,"Elkins MR, Robinson M, Rose BR, Harbour C, Moriarty CP, Marks GB, Belousova EG, Xuan W, Bye PT, National Hypertonic Saline in Cystic Fibrosis (NHSCF) Study Group.",N Engl J Med,2006,10.1056/nejmoa043900,16421364,557
Microbiology & microbiome,primary (research/methods),18,MGnify: the microbiome analysis resource in 2020.,"Mitchell AL, Almeida A, Beracochea M, Boland M, Burgin J, Cochrane G, Crusoe MR, Kale V, Potter SC, Richardson LJ, Sakharova E, Scheremetjew M, Korobeynikov A, Shlemov A, Kunyavskaya O, Lapidus A, Finn RD.",Nucleic Acids Res,2020,10.1093/nar/gkz1035,31696235,532
Microbiology & microbiome,primary (research/methods),19,Combined effects of host genetics and diet on human gut microbiota and incident disease in a single population cohort.,"Qin Y, Havulinna AS, Liu Y, Jousilahti P, Ritchie SC, Tokolyi A, Sanders JG, Valsta L, Brożyńska M, Zhu Q, Tripathi A, Vázquez-Baeza Y, Loomba R, Cheng S, Jain M, Niiranen T, Lahti L, Knight R, Salomaa V, Inouye M, Méric G.",Nat Genet,2022,10.1038/s41588-021-00991-z,35115689,531
Microbiology & microbiome,primary (research/methods),20,"The prevalence of bacterial vaginosis in the United States, 2001-2004; associations with symptoms, sexual behaviors, and reproductive health.","Koumans EH, Sternberg M, Bruce C, McQuillan G, Kendrick J, Sutton M, Markowitz LE.",Sex Transm Dis,2007,10.1097/olq.0b013e318074e565,17621244,530
Microbiology & microbiome,primary (research/methods),21,Four-month moxifloxacin-based regimens for drug-sensitive tuberculosis.,"Gillespie SH, Crook AM, McHugh TD, Mendel CM, Meredith SK, Murray SR, Pappas F, Phillips PP, Nunn AJ, REMoxTB Consortium.",N Engl J Med,2014,10.1056/nejmoa1407426,25196020,514
Microbiology & microbiome,primary (research/methods),22,Laboratory mice born to wild mice have natural microbiota and model human immune responses.,"Rosshart SP, Herz J, Vassallo BG, Hunter A, Wall MK, Badger JH, McCulloch JA, Anastasakis DG, Sarshad AA, Leonardi I, Collins N, Blatter JA, Han SJ, Tamoutounour S, Potapova S, Foster St Claire MB, Yuan W, Sen SK, Dreier MS, Hild B, Hafner M, Wang D, Iliev ID, Belkaid Y, Trinchieri G, Rehermann B.",Science,2019,10.1126/science.aaw4361,31371577,510
Microbiology & microbiome,primary (research/methods),23,Multiplex human papillomavirus serology based on in situ-purified glutathione s-transferase fusion proteins.,"Waterboer T, Sehr P, Michael KM, Franceschi S, Nieland JD, Joos TO, Templin MF, Pawlita M.",Clin Chem,2005,10.1373/clinchem.2005.052381,16099939,501
Microbiology & microbiome,primary (research/methods),24,Association of Prior Antibiotic Treatment With Survival and Response to Immune Checkpoint Inhibitor Therapy in Patients With Cancer.,"Pinato DJ, Howlett S, Ottaviani D, Urus H, Patel A, Mineo T, Brock C, Power D, Hatcher O, Falconer A, Ingle M, Brown A, Gujral D, Partridge S, Sarwar N, Gonzalez M, Bendle M, Lewanski C, Newsom-Davis T, Allara E, Bower M.",JAMA Oncol,2019,10.1001/jamaoncol.2019.2785,31513236,490
Microbiology & microbiome,primary (research/methods),25,U.K. Controlled trial of intrapleural streptokinase for pleural infection.,"Maskell NA, Davies CW, Nunn AJ, Hedley EL, Gleeson FV, Miller R, Gabe R, Rees GL, Peto TE, Woodhead MA, Lane DJ, Darbyshire JH, Davies RJ, First Multicenter Intrapleural Sepsis Trial (MIST1) Group.",N Engl J Med,2005,10.1056/nejmoa042473,15745977,490
Pharmacy & pharmacology,secondary (review),1,Biomarker definitions and their applications.,Califf RM.,Exp Biol Med (Maywood),2018,10.1177/1535370217750088,29405771,987
Pharmacy & pharmacology,secondary (review),2,Bisphenol-A and the great divide: a review of controversies in the field of endocrine disruption.,"Vandenberg LN, Maffini MV, Sonnenschein C, Rubin BS, Soto AM.",Endocr Rev,2009,10.1210/er.2008-0021,19074586,939
Pharmacy & pharmacology,secondary (review),3,Network pharmacology: curing causal mechanisms instead of treating symptoms.,"Nogales C, Mamdouh ZM, List M, Kiel C, Casas AI, Schmidt HHHW.",Trends Pharmacol Sci,2022,10.1016/j.tips.2021.11.004,34895945,841
Pharmacy & pharmacology,secondary (review),4,Interventions for enhancing medication adherence.,"Haynes RB, Ackloo E, Sahota N, McDonald HP, Yao X.",Cochrane Database Syst Rev,2008,10.1002/14651858.cd000011.pub3,18425859,822
Pharmacy & pharmacology,secondary (review),5,Understanding pharmaceutical quality by design.,"Yu LX, Amidon G, Khan MA, Hoag SW, Polli J, Raju GK, Woodcock J.",AAPS J,2014,10.1208/s12248-014-9598-3,24854893,651
Pharmacy & pharmacology,secondary (review),6,Polymyxin B for the treatment of multidrug-resistant pathogens: a critical review.,"Zavascki AP, Goldani LZ, Li J, Nation RL.",J Antimicrob Chemother,2007,10.1093/jac/dkm357,17878146,616
Pharmacy & pharmacology,secondary (review),7,Amphotericin B formulations: a comparative review of efficacy and toxicity.,Hamill RJ.,Drugs,2013,10.1007/s40265-013-0069-4,23729001,546
Pharmacy & pharmacology,secondary (review),8,An evidence-based clinical guideline for the diagnosis and treatment of lumbar disc herniation with radiculopathy.,"Kreiner DS, Hwang SW, Easa JE, Resnick DK, Baisden JL, Bess S, Cho CH, DePalma MJ, Dougherty P, Fernand R, Ghiselli G, Hanna AS, Lamer T, Lisi AJ, Mazanec DJ, Meagher RJ, Nucci RC, Patel RD, Sembrano JN, Sharma AK, Summers JT, Taleghani CK, Tontz WL, Toton JF, North American Spine Society.",Spine J,2014,10.1016/j.spinee.2013.08.003,24239490,455
Pharmacy & pharmacology,secondary (review),9,Thrombolysis for acute ischaemic stroke.,"Wardlaw JM, Murray V, Berge E, del Zoppo GJ.",Cochrane Database Syst Rev,2014,10.1002/14651858.cd000213.pub3,25072528,421
Pharmacy & pharmacology,secondary (review),10,Artificial Intelligence in Pharmaceutical Technology and Drug Delivery Design.,"Vora LK, Gholap AD, Jetha K, Thakur RRS, Solanki HK, Chavda VP.",Pharmaceutics,2023,10.3390/pharmaceutics15071916,37514102,387
Pharmacy & pharmacology,secondary (review),11,"Physiologically Based Pharmacokinetic (PBPK) Modeling and Simulation Approaches: A Systematic Review of Published Models, Applications, and Model Verification.","Sager JE, Yu J, Ragueneau-Majlessi I, Isoherranen N.",Drug Metab Dispos,2015,10.1124/dmd.115.065920,26296709,387
Pharmacy & pharmacology,secondary (review),12,Lipid-Based Nanoparticles for Drug/Gene Delivery: An Overview of the Production Techniques and Difficulties Encountered in Their Industrial Development.,"Mehta M, Bui TA, Yang X, Aksoy Y, Goldys EM, Deng W.",ACS Mater Au,2023,10.1021/acsmaterialsau.3c00032,38089666,383
Pharmacy & pharmacology,secondary (review),13,Molecular mechanisms of action of bisphosphonates: current status.,"Roelofs AJ, Thompson K, Gordon S, Rogers MJ.",Clin Cancer Res,2006,10.1158/1078-0432.ccr-06-0843,17062705,367
Pharmacy & pharmacology,secondary (review),14,Factors influencing behavior in the forced swim test.,"Bogdanova OV, Kanekar S, D'Anci KE, Renshaw PF.",Physiol Behav,2013,10.1016/j.physbeh.2013.05.012,23685235,354
Pharmacy & pharmacology,secondary (review),15,Nanoprecipitation process: From encapsulation to drug delivery.,"Martínez Rivas CJ, Tarhini M, Badri W, Miladi K, Greige-Gerges H, Nazari QA, Galindo Rodríguez SA, Román RÁ, Fessi H, Elaissari A.",Int J Pharm,2017,10.1016/j.ijpharm.2017.08.064,28801107,345
Pharmacy & pharmacology,secondary (review),16,An evidence-based clinical guideline for the diagnosis and treatment of degenerative lumbar spinal stenosis (update).,"Kreiner DS, Shaffer WO, Baisden JL, Gilbert TJ, Summers JT, Toton JF, Hwang SW, Mendel RC, Reitman CA, North American Spine Society.",Spine J,2013,10.1016/j.spinee.2012.11.059,23830297,333
Pharmacy & pharmacology,secondary (review),17,What is the association between sedentary behaviour and cognitive function? A systematic review.,"Falck RS, Davis JC, Liu-Ambrose T.",Br J Sports Med,2017,10.1136/bjsports-2015-095551,27153869,331
Pharmacy & pharmacology,secondary (review),18,Efficacy of vitamin and antioxidant supplements in prevention of cardiovascular disease: systematic review and meta-analysis of randomised controlled trials.,"Myung SK, Ju W, Cho B, Oh SW, Park SM, Koo BK, Park BJ, Korean Meta-Analysis Study Group.",BMJ,2013,10.1136/bmj.f10,23335472,321
Pharmacy & pharmacology,secondary (review),19,Using a Federated Network of Real-World Data to Optimize Clinical Trials Operations.,"Topaloglu U, Palchuk MB.",JCO Clin Cancer Inform,2018,10.1200/cci.17.00067,30652541,297
Pharmacy & pharmacology,secondary (review),20,Hormone replacement therapy and prevention of nonvertebral fractures: a meta-analysis of randomized trials.,"Torgerson DJ, Bell-Syer SE.",JAMA,2001,10.1001/jama.285.22.2891,11401611,293
Pharmacy & pharmacology,secondary (review),21,Magnetic resonance imaging (MRI) of articular cartilage in knee osteoarthritis (OA): morphological assessment.,"Eckstein F, Cicuttini F, Raynauld JP, Waterton JC, Peterfy C.",Osteoarthritis Cartilage,2006,10.1016/j.joca.2006.02.026,16713720,283
Pharmacy & pharmacology,secondary (review),22,The origins and uses of mouse outbred stocks.,"Chia R, Achilli F, Festing MF, Fisher EM.",Nat Genet,2005,10.1038/ng1665,16254564,278
Pharmacy & pharmacology,secondary (review),23,"Drug interaction studies: study design, data analysis, and implications for dosing and labeling.","Huang SM, Temple R, Throckmorton DC, Lesko LJ.",Clin Pharmacol Ther,2007,10.1038/sj.clpt.6100054,17259955,274
Pharmacy & pharmacology,secondary (review),24,Is it possible to overcome issues of external validity in preclinical animal research? Why most animal models are bound to fail.,"Pound P, Ritskes-Hoitinga M.",J Transl Med,2018,10.1186/s12967-018-1678-1,30404629,268
Pharmacy & pharmacology,secondary (review),25,Interventions for helping patients to follow prescriptions for medications.,"Haynes RB, McDonald H, Garg AX, Montague P.",Cochrane Database Syst Rev,2002,10.1002/14651858.cd000011,12076376,267
Pharmacy & pharmacology,primary (research/methods),1,"Gefitinib versus cisplatin plus docetaxel in patients with non-small-cell lung cancer harbouring mutations of the epidermal growth factor receptor (WJTOG3405): an open label, randomised phase 3 trial.","Mitsudomi T, Morita S, Yatabe Y, Negoro S, Okamoto I, Tsurutani J, Seto T, Satouchi M, Tada H, Hirashima T, Asami K, Katakami N, Takada M, Yoshioka H, Shibata K, Kudoh S, Shimizu E, Saito H, Toyooka S, Nakagawa K, Fukuoka M, West Japan Oncology Group.",Lancet Oncol,2010,10.1016/s1470-2045(09)70364-x,20022809,3249
Pharmacy & pharmacology,primary (research/methods),2,"Oral Nirmatrelvir for High-Risk, Nonhospitalized Adults with Covid-19.","Hammond J, Leister-Tebbe H, Gardner A, Abreu P, Bao W, Wisemandle W, Baniecki M, Hendrick VM, Damle B, Simón-Campos A, Pypstra R, Rusnak JM, EPIC-HR Investigators.",N Engl J Med,2022,10.1056/nejmoa2118542,35172054,1917
Pharmacy & pharmacology,primary (research/methods),3,Experimental design and analysis and their reporting II: updated and simplified guidance for authors and peer reviewers.,"Curtis MJ, Alexander S, Cirino G, Docherty JR, George CH, Giembycz MA, Hoyer D, Insel PA, Izzo AA, Ji Y, MacEwan DJ, Sobey CG, Stanford SC, Teixeira MM, Wonnacott S, Ahluwalia A.",Br J Pharmacol,2018,10.1111/bph.14153,29520785,1182
Pharmacy & pharmacology,primary (research/methods),4,"Effect of interleukin-6 receptor inhibition with tocilizumab in patients with rheumatoid arthritis (OPTION study): a double-blind, placebo-controlled, randomised trial.","Smolen JS, Beaulieu A, Rubbert-Roth A, Ramos-Remus C, Rovensky J, Alecock E, Woodworth T, Alten R, OPTION Investigators.",Lancet,2008,10.1016/s0140-6736(08)60453-5,18358926,1039
Pharmacy & pharmacology,primary (research/methods),5,Nivolumab Combination Therapy in Advanced Esophageal Squamous-Cell Carcinoma.,"Doki Y, Ajani JA, Kato K, Xu J, Wyrwicz L, Motoyama S, Ogata T, Kawakami H, Hsu CH, Adenis A, El Hajbi F, Di Bartolomeo M, Braghiroli MI, Holtved E, Ostoich SA, Kim HR, Ueno M, Mansoor W, Yang WC, Liu T, Bridgewater J, Makino T, Xynos I, Liu X, Lei M, Kondo K, Patel A, Gricar J, Chau I, Kitagawa Y, CheckMate 648 Trial Investigators.",N Engl J Med,2022,10.1056/nejmoa2111380,35108470,991
Pharmacy & pharmacology,primary (research/methods),6,"Nivolumab versus chemotherapy in patients with advanced oesophageal squamous cell carcinoma refractory or intolerant to previous chemotherapy (ATTRACTION-3): a multicentre, randomised, open-label, phase 3 trial.","Kato K, Cho BC, Takahashi M, Okada M, Lin CY, Chin K, Kadowaki S, Ahn MJ, Hamamoto Y, Doki Y, Yen CC, Kubota Y, Kim SB, Hsu CH, Holtved E, Xynos I, Kodani M, Kitagawa Y.",Lancet Oncol,2019,10.1016/s1470-2045(19)30626-6,31582355,955
Pharmacy & pharmacology,primary (research/methods),7,"A good practice guide to the administration of substances and removal of blood, including routes and volumes.","Diehl KH, Hull R, Morton D, Pfister R, Rabemampianina Y, Smith D, Vidal JM, van de Vorstenbosch C, European Federation of Pharmaceutical Industries Association and European Centre for the Validation of Alternative Methods.",J Appl Toxicol,2001,10.1002/jat.727,11180276,951
Pharmacy & pharmacology,primary (research/methods),8,Effects of drug loading on the antitumor activity of a monoclonal antibody drug conjugate.,"Hamblett KJ, Senter PD, Chace DF, Sun MM, Lenox J, Cerveny CG, Kissler KM, Bernhardt SX, Kopcha AK, Zabinski RF, Meyer DL, Francisco JA.",Clin Cancer Res,2004,10.1158/1078-0432.ccr-04-0789,15501986,929
Pharmacy & pharmacology,primary (research/methods),9,"Reslizumab for inadequately controlled asthma with elevated blood eosinophil counts: results from two multicentre, parallel, double-blind, randomised, placebo-controlled, phase 3 trials.","Castro M, Zangrilli J, Wechsler ME, Bateman ED, Brusselle GG, Bardin P, Murphy K, Maspero JF, O'Brien C, Korn S.",Lancet Respir Med,2015,10.1016/s2213-2600(15)00042-9,25736990,861
Pharmacy & pharmacology,primary (research/methods),10,"Subcutaneous versus intravenous administration of bortezomib in patients with relapsed multiple myeloma: a randomised, phase 3, non-inferiority study.","Moreau P, Pylypenko H, Grosicki S, Karamanesht I, Leleu X, Grishunina M, Rekhtman G, Masliak Z, Robak T, Shubina A, Arnulf B, Kropff M, Cavet J, Esseltine DL, Feng H, Girgis S, van de Velde H, Deraedt W, Harousseau JL.",Lancet Oncol,2011,10.1016/s1470-2045(11)70081-x,21507715,703
Pharmacy & pharmacology,primary (research/methods),11,"Nivolumab plus chemotherapy versus placebo plus chemotherapy in patients with HER2-negative, untreated, unresectable advanced or recurrent gastric or gastro-oesophageal junction cancer (ATTRACTION-4): a randomised, multicentre, double-blind, placebo-controlled, phase 3 trial.","Kang YK, Chen LT, Ryu MH, Oh DY, Oh SC, Chung HC, Lee KW, Omori T, Shitara K, Sakuramoto S, Chung IJ, Yamaguchi K, Kato K, Sym SJ, Kadowaki S, Tsuji K, Chen JS, Bai LY, Oh SY, Choda Y, Yasui H, Takeuchi K, Hirashima Y, Hagihara S, Boku N.",Lancet Oncol,2022,10.1016/s1470-2045(21)00692-6,35030335,699
Pharmacy & pharmacology,primary (research/methods),12,Phase I Study of Pembrolizumab (MK-3475; Anti-PD-1 Monoclonal Antibody) in Patients with Advanced Solid Tumors.,"Patnaik A, Kang SP, Rasco D, Papadopoulos KP, Elassaiss-Schaap J, Beeram M, Drengler R, Chen C, Smith L, Espino G, Gergich K, Delgado L, Daud A, Lindia JA, Li XN, Pierce RH, Yearley JH, Wu D, Laterza O, Lehnert M, Iannone R, Tolcher AW.",Clin Cancer Res,2015,10.1158/1078-0432.ccr-14-2607,25977344,676
Pharmacy & pharmacology,primary (research/methods),13,"Nivolumab plus ipilimumab versus sunitinib in first-line treatment for advanced renal cell carcinoma: extended follow-up of efficacy and safety results from a randomised, controlled, phase 3 trial.","Motzer RJ, Rini BI, McDermott DF, Arén Frontera O, Hammers HJ, Carducci MA, Salman P, Escudier B, Beuselinck B, Amin A, Porta C, George S, Neiman V, Bracarda S, Tykodi SS, Barthélémy P, Leibowitz-Amit R, Plimack ER, Oosting SF, Redman B, Melichar B, Powles T, Nathan P, Oudard S, Pook D, Choueiri TK, Donskov F, Grimm MO, Gurney H, Heng DYC, Kollmannsberger CK, Harrison MR, Tomita Y, Duran I, Grünwald V, McHenry MB, Mekan S, Tannir NM, CheckMate 214 investigators.",Lancet Oncol,2019,10.1016/s1470-2045(19)30413-9,31427204,626
Pharmacy & pharmacology,primary (research/methods),14,"Erlotinib alone or with bevacizumab as first-line therapy in patients with advanced non-squamous non-small-cell lung cancer harbouring EGFR mutations (JO25567): an open-label, randomised, multicentre, phase 2 study.","Seto T, Kato T, Nishio M, Goto K, Atagi S, Hosomi Y, Yamamoto N, Hida T, Maemondo M, Nakagawa K, Nagase S, Okamoto I, Yamanaka T, Tajima K, Harada R, Fukuoka M, Yamamoto N.",Lancet Oncol,2014,10.1016/s1470-2045(14)70381-x,25175099,600
Pharmacy & pharmacology,primary (research/methods),15,Intramuscular AZD7442 (Tixagevimab-Cilgavimab) for Prevention of Covid-19.,"Levin MJ, Ustianowski A, De Wit S, Launay O, Avila M, Templeton A, Yuan Y, Seegobin S, Ellery A, Levinson DJ, Ambery P, Arends RH, Beavon R, Dey K, Garbes P, Kelly EJ, Koh GCKW, Near KA, Padilla KW, Psachoulia K, Sharbaugh A, Streicher K, Pangalos MN, Esser MT, PROVENT Study Group.",N Engl J Med,2022,10.1056/nejmoa2116620,35443106,561
Pharmacy & pharmacology,primary (research/methods),16,GSK1120212 (JTP-74057) is an inhibitor of MEK activity and activation with favorable pharmacokinetic properties for sustained in vivo pathway inhibition.,"Gilmartin AG, Bleam MR, Groy A, Moss KG, Minthorn EA, Kulkarni SG, Rominger CM, Erskine S, Fisher KE, Yang J, Zappacosta F, Annan R, Sutton D, Laquerre SG.",Clin Cancer Res,2011,10.1158/1078-0432.ccr-10-2200,21245089,517
Pharmacy & pharmacology,primary (research/methods),17,"Phase I safety and pharmacokinetic study of CT-011, a humanized antibody interacting with PD-1, in patients with advanced hematologic malignancies.","Berger R, Rotem-Yehudar R, Slama G, Landes S, Kneller A, Leiba M, Koren-Michowitz M, Shimoni A, Nagler A.",Clin Cancer Res,2008,10.1158/1078-0432.ccr-07-4079,18483370,514
Pharmacy & pharmacology,primary (research/methods),18,"Erlotinib plus bevacizumab versus erlotinib alone in patients with EGFR-positive advanced non-squamous non-small-cell lung cancer (NEJ026): interim analysis of an open-label, randomised, multicentre, phase 3 trial.","Saito H, Fukuhara T, Furuya N, Watanabe K, Sugawara S, Iwasawa S, Tsunezuka Y, Yamaguchi O, Okada M, Yoshimori K, Nakachi I, Gemma A, Azuma K, Kurimoto F, Tsubata Y, Fujita Y, Nagashima H, Asai G, Watanabe S, Miyazaki M, Hagiwara K, Nukiwa T, Morita S, Kobayashi K, Maemondo M.",Lancet Oncol,2019,10.1016/s1470-2045(19)30035-x,30975627,511
Pharmacy & pharmacology,primary (research/methods),19,Grazoprevir plus elbasvir in treatment-naive and treatment-experienced patients with hepatitis C virus genotype 1 infection and stage 4-5 chronic kidney disease (the C-SURFER study): a combination phase 3 study.,"Roth D, Nelson DR, Bruchfeld A, Liapakis A, Silva M, Monsour H, Martin P, Pol S, Londoño MC, Hassanein T, Zamor PJ, Zuckerman E, Wan S, Jackson B, Nguyen BY, Robertson M, Barr E, Wahl J, Greaves W.",Lancet,2015,10.1016/s0140-6736(15)00349-9,26456905,509
Pharmacy & pharmacology,primary (research/methods),20,"Nonclinical antiangiogenesis and antitumor activities of axitinib (AG-013736), an oral, potent, and selective inhibitor of vascular endothelial growth factor receptor tyrosine kinases 1, 2, 3.","Hu-Lowe DD, Zou HY, Grazzini ML, Hallin ME, Wickman GR, Amundson K, Chen JH, Rewolinski DA, Yamazaki S, Wu EY, McTigue MA, Murray BW, Kania RS, O'Connor P, Shalinsky DR, Bender SL.",Clin Cancer Res,2008,10.1158/1078-0432.ccr-08-0652,19010843,505
Pharmacy & pharmacology,primary (research/methods),21,"Phase I and pharmacokinetic study of Genexol-PM, a cremophor-free, polymeric micelle-formulated paclitaxel, in patients with advanced malignancies.","Kim TY, Kim DW, Chung JY, Shin SG, Kim SC, Heo DS, Kim NK, Bang YJ.",Clin Cancer Res,2004,10.1158/1078-0432.ccr-03-0655,15173077,491
Pharmacy & pharmacology,primary (research/methods),22,"Rivaroxaban versus placebo in patients with acute coronary syndromes (ATLAS ACS-TIMI 46): a randomised, double-blind, phase II trial.","Mega JL, Braunwald E, Mohanavelu S, Burton P, Poulter R, Misselwitz F, Hricak V, Barnathan ES, Bordes P, Witkowski A, Markov V, Oppenheimer L, Gibson CM, ATLAS ACS-TIMI 46 study group.",Lancet,2009,10.1016/s0140-6736(09)60738-8,19539361,473
Pharmacy & pharmacology,primary (research/methods),23,"Phase I and pharmacokinetic studies of CYT-6091, a novel PEGylated colloidal gold-rhTNF nanomedicine.","Libutti SK, Paciotti GF, Byrnes AA, Alexander HR, Gannon WE, Walker M, Seidel GD, Yuldasheva N, Tamarkin L.",Clin Cancer Res,2010,10.1158/1078-0432.ccr-10-0978,20876255,455
Pharmacy & pharmacology,primary (research/methods),24,World Endometriosis Society consensus on the classification of endometriosis.,"Johnson NP, Hummelshoj L, Adamson GD, Keckstein J, Taylor HS, Abrao MS, Bush D, Kiesel L, Tamimi R, Sharpe-Timms KL, Rombauts L, Giudice LC, World Endometriosis Society Sao Paulo Consortium .",Hum Reprod,2017,10.1093/humrep/dew293,27920089,451
Pharmacy & pharmacology,primary (research/methods),25,Investigating Novel Resistance Mechanisms to Third-Generation EGFR Tyrosine Kinase Inhibitor Osimertinib in Non-Small Cell Lung Cancer Patients.,"Yang Z, Yang N, Ou Q, Xiang Y, Jiang T, Wu X, Bao H, Tong X, Wang X, Shao YW, Liu Y, Wang Y, Zhou C.",Clin Cancer Res,2018,10.1158/1078-0432.ccr-17-2310,29506987,450
Plant & animal breeding,secondary (review),1,An inconvenient truth: global worming and anthelmintic resistance.,"Kaplan RM, Vidyashankar AN.",Vet Parasitol,2012,10.1016/j.vetpar.2011.11.048,22154968,579
Plant & animal breeding,secondary (review),2,Evaluating physiological responses of plants to salinity stress.,"Negrão S, Schmöckel SM, Tester M.",Ann Bot,2017,10.1093/aob/mcw191,27707746,444
Plant & animal breeding,secondary (review),3,Next-generation phenotyping: requirements and strategies for enhancing our understanding of genotype-phenotype relationships and its relevance to crop improvement.,"Cobb JN, Declerck G, Greenberg A, Clark R, McCouch S.",Theor Appl Genet,2013,10.1007/s00122-013-2066-0,23471459,313
Plant & animal breeding,secondary (review),4,Status and prospects of genome-wide association studies in plants.,"Tibbs Cortes L, Zhang Z, Yu J.",Plant Genome,2021,10.1002/tpg2.20077,33442955,312
Plant & animal breeding,secondary (review),5,GiA Roots: software for the high throughput analysis of plant root system architecture.,"Galkovskyi T, Mileyko Y, Bucksch A, Moore B, Symonova O, Price CA, Topp CN, Iyer-Pascuzzi AS, Zurek PR, Fang S, Harer J, Benfey PN, Weitz JS.",BMC Plant Biol,2012,10.1186/1471-2229-12-116,22834569,192
Plant & animal breeding,secondary (review),6,Is anthelmintic resistance a concern for the control of human soil-transmitted helminths?,"Vercruysse J, Albonico M, Behnke JM, Kotze AC, Prichard RK, McCarthy JS, Montresor A, Levecke B.",Int J Parasitol Drugs Drug Resist,2011,10.1016/j.ijpddr.2011.09.002,24533260,187
Plant & animal breeding,secondary (review),7,"Smart breeding driven by big data, artificial intelligence, and integrated genomic-enviromic prediction.","Xu Y, Zhang X, Li H, Zheng H, Zhang J, Olsen MS, Varshney RK, Prasanna BM, Qian Q.",Mol Plant,2022,10.1016/j.molp.2022.09.001,36081348,152
Plant & animal breeding,secondary (review),8,MAGIC populations in crops: current status and future prospects.,"Huang BE, Verbyla KL, Verbyla AP, Raghavan C, Singh VK, Gaur P, Leung H, Varshney RK, Cavanagh CR.",Theor Appl Genet,2015,10.1007/s00122-015-2506-0,25855139,150
Plant & animal breeding,secondary (review),9,"World Association for the Advancement of Veterinary Parasitology (W.A.A.V.P.) guideline for diagnosing anthelmintic resistance using the faecal egg count reduction test in ruminants, horses and swine.","Kaplan RM, Denwood MJ, Nielsen MK, Thamsborg SM, Torgerson PR, Gilleard JS, Dobson RJ, Vercruysse J, Levecke B.",Vet Parasitol,2023,10.1016/j.vetpar.2023.109936,37121092,136
Plant & animal breeding,secondary (review),10,Increasing salt tolerance in the tomato.,"Cuartero J, Bolarín MC, Asíns MJ, Moreno V.",J Exp Bot,2006,10.1093/jxb/erj102,16520333,135
Plant & animal breeding,secondary (review),11,Thermography to explore plant-environment interactions.,"Costa JM, Grant OM, Chaves MM.",J Exp Bot,2013,10.1093/jxb/ert029,23599272,128
Plant & animal breeding,secondary (review),12,Complex Trait Prediction from Genome Data: Contrasting EBV in Livestock to PRS in Humans: Genomic Prediction.,"Wray NR, Kemper KE, Hayes BJ, Goddard ME, Visscher PM.",Genetics,2019,10.1534/genetics.119.301859,30967442,115
Plant & animal breeding,secondary (review),13,Pesticide exposures for residents living close to agricultural lands: A review.,"Dereumeaux C, Fillol C, Quenel P, Denys S.",Environ Int,2020,10.1016/j.envint.2019.105210,31739132,114
Plant & animal breeding,secondary (review),14,Safety and nutritional assessment of GM plants and derived food and feed: the role of animal feeding trials.,EFSA GMO Panel Working Group on Animal Feeding Trials.,Food Chem Toxicol,2008,10.1016/j.fct.2008.02.008,18328408,111
Plant & animal breeding,secondary (review),15,Mastitis therapy and antimicrobial susceptibility: a multispecies review with a focus on antibiotic treatment of mastitis in dairy cattle.,Barlow J.,J Mammary Gland Biol Neoplasia,2011,10.1007/s10911-011-9235-z,21984469,100
Plant & animal breeding,secondary (review),16,From association to prediction: statistical methods for the dissection and selection of complex traits in plants.,"Lipka AE, Kandianis CB, Hudson ME, Yu J, Drnevich J, Bradbury PJ, Gore MA.",Curr Opin Plant Biol,2015,10.1016/j.pbi.2015.02.010,25795170,98
Plant & animal breeding,secondary (review),17,"Systematic literature review of Rift Valley fever virus seroprevalence in livestock, wildlife and humans in Africa from 1968 to 2016.","Clark MHA, Warimwe GM, Di Nardo A, Lyons NA, Gubbins S.",PLoS Negl Trop Dis,2018,10.1371/journal.pntd.0006627,30036382,95
Plant & animal breeding,secondary (review),18,Intestinal organoids in farm animals.,"Beaumont M, Blanc F, Cherbuy C, Egidy G, Giuffra E, Lacroix-Lamandé S, Wiedemann A.",Vet Res,2021,10.1186/s13567-021-00909-x,33632315,89
Plant & animal breeding,secondary (review),19,Micronuclei and pesticide exposure.,"Bolognesi C, Creus A, Ostrosky-Wegman P, Marcos R.",Mutagenesis,2011,10.1093/mutage/geq070,21164178,89
Plant & animal breeding,secondary (review),20,Animal board invited review: genetic possibilities to reduce enteric methane emissions from ruminants.,"Pickering NK, Oddy VH, Basarab J, Cammack K, Hayes B, Hegarty RS, Lassen J, McEwan JC, Miller S, Pinares-Patiño CS, de Haas Y.",Animal,2015,10.1017/s1751731115000968,26055577,86
Plant & animal breeding,secondary (review),21,Oral antimicrobials increase antimicrobial resistance in porcine E. coli--a systematic review.,"Burow E, Simoneit C, Tenhagen BA, Käsbohrer A.",Prev Vet Med,2014,10.1016/j.prevetmed.2013.12.007,24433638,86
Plant & animal breeding,secondary (review),22,From markers to genome-based breeding in wheat.,"Rasheed A, Xia X.",Theor Appl Genet,2019,10.1007/s00122-019-03286-4,30673804,80
Plant & animal breeding,secondary (review),23,Coxiella burnetii in wild mammals: A systematic review.,"González-Barrio D, Ruiz-Fons F.",Transbound Emerg Dis,2019,10.1111/tbed.13085,30506629,75
Plant & animal breeding,secondary (review),24,Limited evidence on the effectiveness of interventions to reduce livestock predation by large carnivores.,"Eklund A, López-Bao JV, Tourani M, Chapron G, Frank J.",Sci Rep,2017,10.1038/s41598-017-02323-w,28522834,74
Plant & animal breeding,secondary (review),25,Recent Advances in Measurement and Dietary Mitigation of Enteric Methane Emissions in Ruminants.,Patra AK.,Front Vet Sci,2016,10.3389/fvets.2016.00039,27243027,64
Plant & animal breeding,primary (research/methods),1,High-resolution temporal profiling of transcripts during Arabidopsis leaf senescence reveals a distinct chronology of processes and regulation.,"Breeze E, Harrison E, McHattie S, Hughes L, Hickman R, Hill C, Kiddle S, Kim YS, Penfold CA, Jenkins D, Zhang C, Morris K, Jenner C, Jackson S, Thomas B, Tabrett A, Legaie R, Moore JD, Wild DL, Ott S, Rand D, Beynon J, Denby K, Mead A, Buchanan-Wollaston V.",Plant Cell,2011,10.1105/tpc.111.083345,21447789,623
Plant & animal breeding,primary (research/methods),2,Biodiversity inhibits parasites: Broad evidence for the dilution effect.,"Civitello DJ, Cohen J, Fatima H, Halstead NT, Liriano J, McMahon TA, Ortega CN, Sauer EL, Sehgal T, Young S, Rohr JR.",Proc Natl Acad Sci U S A,2015,10.1073/pnas.1506279112,26069208,417
Plant & animal breeding,primary (research/methods),3,Priors in whole-genome regression: the bayesian alphabet returns.,Gianola D.,Genetics,2013,10.1534/genetics.113.151753,23636739,319
Plant & animal breeding,primary (research/methods),4,"Efficacy of vaccination with live attenuated, cold-adapted, trivalent, intranasal influenza virus vaccine against a variant (A/Sydney) not contained in the vaccine.","Belshe RB, Gruber WC, Mendelman PM, Cho I, Reisinger K, Block SL, Wittes J, Iacuzio D, Piedra P, Treanor J, King J, Kotloff K, Bernstein DI, Hayden FG, Zangwill K, Yan L, Wolff M.",J Pediatr,2000,10.1016/s0022-3476(00)70097-7,10657821,297
Plant & animal breeding,primary (research/methods),5,Genebank genomics highlights the diversity of a global barley collection.,"Milner SG, Jost M, Taketa S, Mazón ER, Himmelbach A, Oppermann M, Weise S, Knüpffer H, Basterrechea M, König P, Schüler D, Sharma R, Pasam RK, Rutten T, Guo G, Xu D, Zhang J, Herren G, Müller T, Krattinger SG, Keller B, Jiang Y, González MY, Zhao Y, Habekuß A, Färber S, Ordon F, Lange M, Börner A, Graner A, Reif JC, Scholz U, Mascher M, Stein N.",Nat Genet,2019,10.1038/s41588-018-0266-x,30420647,294
Plant & animal breeding,primary (research/methods),6,Factors affecting accuracy from genomic selection in populations derived from multiple inbred lines: a Barley case study.,"Zhong S, Dekkers JC, Fernando RL, Jannink JL.",Genetics,2009,10.1534/genetics.108.098277,19299342,283
Plant & animal breeding,primary (research/methods),7,Improving Social Support for Older Adults Through Technology: Findings From the PRISM Randomized Controlled Trial.,"Czaja SJ, Boot WR, Charness N, Rogers WA, Sharit J.",Gerontologist,2018,10.1093/geront/gnw249,28201730,274
Plant & animal breeding,primary (research/methods),8,Genomic prediction in CIMMYT maize and wheat breeding programs.,"Crossa J, Pérez P, Hickey J, Burgueño J, Ornella L, Cerón-Rojas J, Zhang X, Dreisigacker S, Babu R, Li Y, Bonnett D, Mathews K.",Heredity (Edinb),2014,10.1038/hdy.2013.16,23572121,270
Plant & animal breeding,primary (research/methods),9,Concepts for risk-based surveillance in the field of veterinary medicine and veterinary public health: review of current approaches.,"Stärk KD, Regula G, Hernandez J, Knopf L, Fuchs K, Morris RS, Davies P.",BMC Health Serv Res,2006,10.1186/1472-6963-6-20,16507106,196
Plant & animal breeding,primary (research/methods),10,Genome-based prediction of testcross values in maize.,"Albrecht T, Wimmer V, Auinger HJ, Erbe M, Knaak C, Ouzunova M, Simianer H, Schön CC.",Theor Appl Genet,2011,10.1007/s00122-011-1587-7,21505832,188
Plant & animal breeding,primary (research/methods),11,Development of DArT marker platforms and genetic diversity assessment of the U.S. collection of the new oilseed crop lesquerella and related species.,"Cruz VM, Kilian A, Dierig DA.",PLoS One,2013,10.1371/journal.pone.0064062,23724020,185
Plant & animal breeding,primary (research/methods),12,Variation in the gut microbiota of laboratory mice is related to both genetic and environmental factors.,"Hufeldt MR, Nielsen DS, Vogensen FK, Midtvedt T, Hansen AK.",Comp Med,2010,,21262117,184
Plant & animal breeding,primary (research/methods),13,"Macrofilaricidal activity after doxycycline treatment of Wuchereria bancrofti: a double-blind, randomised placebo-controlled trial.","Taylor MJ, Makunde WH, McGarry HF, Turner JD, Mand S, Hoerauf A.",Lancet,2005,10.1016/s0140-6736(05)66591-9,15964448,184
Plant & animal breeding,primary (research/methods),14,Increasing importance of anthelmintic resistance in European livestock: creation and meta-analysis of an open database.,"Rose Vineer H, Morgan ER, Hertzberg H, Bartley DJ, Bosco A, Charlier J, Chartier C, Claerebout E, de Waal T, Hendrickx G, Hinney B, Höglund J, Ježek J, Kašný M, Keane OM, Martínez-Valladares M, Mateus TL, McIntyre J, Mickiewicz M, Munoz AM, Phythian CJ, Ploeger HW, Rataj AV, Skuce PJ, Simin S, Sotiraki S, Spinu M, Stuen S, Thamsborg SM, Vadlejch J, Varady M, von Samson-Himmelstjerna G, Rinaldi L.",Parasite,2020,10.1051/parasite/2020062,33277891,180
Plant & animal breeding,primary (research/methods),15,Decreased kidney function among agricultural workers in El Salvador.,"Peraza S, Wesseling C, Aragon A, Leiva R, García-Trabanino RA, Torres C, Jakobsson K, Elinder CG, Hogstedt C.",Am J Kidney Dis,2012,10.1053/j.ajkd.2011.11.039,22300650,172
Plant & animal breeding,primary (research/methods),16,Genome-wide association and genomic selection in animal breeding.,"Hayes B, Goddard M.",Genome,2010,10.1139/g10-076,21076503,158
Plant & animal breeding,primary (research/methods),17,Image-based high-throughput field phenotyping of crop roots.,"Bucksch A, Burridge J, York LM, Das A, Nord E, Weitz JS, Lynch JP.",Plant Physiol,2014,10.1104/pp.114.243519,25187526,154
Plant & animal breeding,primary (research/methods),18,Field Scanalyzer: An automated robotic field phenotyping platform for detailed crop monitoring.,"Virlet N, Sabermanesh K, Sadeghi-Tehran P, Hawkesford MJ.",Funct Plant Biol,2016,10.1071/fp16163,32480553,146
Plant & animal breeding,primary (research/methods),19,"Genomic variation in tomato, from wild ancestors to contemporary breeding accessions.","Blanca J, Montero-Pau J, Sauvage C, Bauchet G, Illa E, Díez MJ, Francis D, Causse M, van der Knaap E, Cañizares J.",BMC Genomics,2015,10.1186/s12864-015-1444-1,25880392,143
Plant & animal breeding,primary (research/methods),20,Genomic selection models double the accuracy of predicted breeding values for bacterial cold water disease resistance compared to a traditional pedigree-based model in rainbow trout aquaculture.,"Vallejo RL, Leeds TD, Gao G, Parsons JE, Martin KE, Evenhuis JP, Fragomeni BO, Wiens GD, Palti Y.",Genet Sel Evol,2017,10.1186/s12711-017-0293-6,28148220,142
Plant & animal breeding,primary (research/methods),21,Neonatal and infant mortality in the ten years (1993 to 2003) of the Gadchiroli field trial: effect of home-based neonatal care.,"Bang AT, Reddy HM, Deshmukh MD, Baitule SB, Bang RA.",J Perinatol,2005,10.1038/sj.jp.7211277,15791283,141
Plant & animal breeding,primary (research/methods),22,Genomic predictability of interconnected biparental maize populations.,"Riedelsheimer C, Endelman JB, Stange M, Sorrells ME, Jannink JL, Melchinger AE.",Genetics,2013,10.1534/genetics.113.150227,23535384,134
Plant & animal breeding,primary (research/methods),23,"Use of a patch containing heat-labile toxin from Escherichia coli against travellers' diarrhoea: a phase II, randomised, double-blind, placebo-controlled field trial.","Frech SA, Dupont HL, Bourgeois AL, McKenzie R, Belkind-Gerson J, Figueroa JF, Okhuysen PC, Guerrero NH, Martinez-Sandoval FG, Meléndez-Romero JH, Jiang ZD, Asturias EJ, Halpern J, Torres OR, Hoffman AS, Villar CP, Kassem RN, Flyer DC, Andersen BH, Kazempour K, Breisch SA, Glenn GM.",Lancet,2008,10.1016/s0140-6736(08)60839-9,18554712,131
Plant & animal breeding,primary (research/methods),24,Pyrethroid tolerance is associated with elevated expression of antioxidants and agricultural practice in Anopheles arabiensis sampled from an area of cotton fields in Northern Cameroon.,"Müller P, Chouaïbou M, Pignatelli P, Etang J, Walker ED, Donnelly MJ, Simard F, Ranson H.",Mol Ecol,2008,10.1111/j.1365-294x.2007.03617.x,18179425,119
Plant & animal breeding,primary (research/methods),25,Mapping regulatory variants controlling gene expression in drought response and tolerance in maize.,"Liu S, Li C, Wang H, Wang S, Yang S, Liu X, Yan J, Li B, Beatty M, Zastrow-Hayes G, Song S, Qin F.",Genome Biol,2020,10.1186/s13059-020-02069-1,32631406,116
Genetics,secondary (review),1,Mendelian randomization: genetic anchors for causal inference in epidemiological studies.,"Davey Smith G, Hemani G.",Hum Mol Genet,2014,10.1093/hmg/ddu328,25064373,3890
Genetics,secondary (review),2,Avoiding bias from weak instruments in Mendelian randomization studies.,"Burgess S, Thompson SG, CRP CHD Genetics Collaboration.",Int J Epidemiol,2011,10.1093/ije/dyr036,21414999,3419
Genetics,secondary (review),3,Mendelian Randomization.,"Emdin CA, Khera AV, Kathiresan S.",JAMA,2017,10.1001/jama.2017.17219,29164242,2955
Genetics,secondary (review),4,"Low-density lipoproteins cause atherosclerotic cardiovascular disease. 1. Evidence from genetic, epidemiologic, and clinical studies. A consensus statement from the European Atherosclerosis Society Consensus Panel.","Ference BA, Ginsberg HN, Graham I, Ray KK, Packard CJ, Bruckert E, Hegele RA, Krauss RM, Raal FJ, Schunkert H, Watts GF, Borén J, Fazio S, Horton JD, Masana L, Nicholls SJ, Nordestgaard BG, van de Sluis B, Taskinen MR, Tokgözoglu L, Landmesser U, Laufs U, Wiklund O, Stock JK, Chapman MJ, Catapano AL.",Eur Heart J,2017,10.1093/eurheartj/ehx144,28444290,2887
Genetics,secondary (review),5,"10 Years of GWAS Discovery: Biology, Function, and Translation.","Visscher PM, Wray NR, Zhang Q, Sklar P, McCarthy MI, Brown MA, Yang J.",Am J Hum Genet,2017,10.1016/j.ajhg.2017.06.005,28686856,2864
Genetics,secondary (review),6,Mendelian Randomization as an Approach to Assess Causality Using Observational Data.,"Sekula P, Del Greco M F, Pattaro C, Köttgen A.",J Am Soc Nephrol,2016,10.1681/asn.2016010098,27486138,1890
Genetics,secondary (review),7,Five years of GWAS discovery.,"Visscher PM, Brown MA, McCarthy MI, Yang J.",Am J Hum Genet,2012,10.1016/j.ajhg.2011.11.029,22243964,1713
Genetics,secondary (review),8,A review of instrumental variable estimators for Mendelian randomization.,"Burgess S, Small DS, Thompson SG.",Stat Methods Med Res,2017,10.1177/0962280215597579,26282889,1468
Genetics,secondary (review),9,Meta-analysis and Mendelian randomization: A review.,"Bowden J, Holmes MV.",Res Synth Methods,2019,10.1002/jrsm.1346,30861319,1366
Genetics,secondary (review),10,Evaluating the potential role of pleiotropy in Mendelian randomization studies.,"Hemani G, Bowden J, Davey Smith G.",Hum Mol Genet,2018,10.1093/hmg/ddy163,29771313,1310
Genetics,secondary (review),11,Repeatability for Gaussian and non-Gaussian data: a practical guide for biologists.,"Nakagawa S, Schielzeth H.",Biol Rev Camb Philos Soc,2010,10.1111/j.1469-185x.2010.00141.x,20569253,1177
Genetics,secondary (review),12,Genetics of diabetes mellitus and diabetes complications.,"Cole JB, Florez JC.",Nat Rev Nephrol,2020,10.1038/s41581-020-0278-5,32398868,1164
Genetics,secondary (review),13,The advantages and limitations of trait analysis with GWAS: a review.,"Korte A, Farlow A.",Plant Methods,2013,10.1186/1746-4811-9-29,23876160,1081
Genetics,secondary (review),14,Recent Developments in Mendelian Randomization Studies.,"Zheng J, Baird D, Borges MC, Bowden J, Hemani G, Haycock P, Evans DM, Smith GD.",Curr Epidemiol Rep,2017,10.1007/s40471-017-0128-6,29226067,956
Genetics,secondary (review),15,"Mendelian randomization: prospects, potentials, and limitations.","Smith GD, Ebrahim S.",Int J Epidemiol,2004,10.1093/ije/dyh132,15075143,944
Genetics,secondary (review),16,"Triglyceride-Rich Lipoproteins and Atherosclerotic Cardiovascular Disease: New Insights From Epidemiology, Genetics, and Biology.",Nordestgaard BG.,Circ Res,2016,10.1161/circresaha.115.306249,26892957,889
Genetics,secondary (review),17,The Association of Cigarette Smoking With Depression and Anxiety: A Systematic Review.,"Fluharty M, Taylor AE, Grabski M, Munafò MR.",Nicotine Tob Res,2017,10.1093/ntr/ntw140,27199385,857
Genetics,secondary (review),18,Population stratification and spurious allelic association.,"Cardon LR, Palmer LJ.",Lancet,2003,10.1016/s0140-6736(03)12520-2,12598158,842
Genetics,secondary (review),19,Skeletal and Extraskeletal Actions of Vitamin D: Current Evidence and Outstanding Questions.,"Bouillon R, Marcocci C, Carmeliet G, Bikle D, White JH, Dawson-Hughes B, Lips P, Munns CF, Lazaretti-Castro M, Giustina A, Bilezikian J.",Endocr Rev,2019,10.1210/er.2018-00126,30321335,798
Genetics,secondary (review),20,"Degenerative Cervical Myelopathy: Epidemiology, Genetics, and Pathogenesis.","Nouri A, Tetreault L, Singh A, Karadimas SK, Fehlings MG.",Spine (Phila Pa 1976),2015,10.1097/brs.0000000000000913,25839387,744
Genetics,secondary (review),21,"Epidemiology of sarcopenia: Prevalence, risk factors, and consequences.","Yuan S, Larsson SC.",Metabolism,2023,10.1016/j.metabol.2023.155533,36907247,740
Genetics,secondary (review),22,Multivariable Mendelian Randomization and Mediation.,Sanderson E.,Cold Spring Harb Perspect Med,2021,10.1101/cshperspect.a038984,32341063,697
Genetics,secondary (review),23,Mendelian Randomization: Concepts and Scope.,"Richmond RC, Davey Smith G.",Cold Spring Harb Perspect Med,2022,10.1101/cshperspect.a040501,34426474,694
Genetics,secondary (review),24,Effect of long-term exposure to lower low-density lipoprotein cholesterol beginning early in life on the risk of coronary heart disease: a Mendelian randomization analysis.,"Ference BA, Yoo W, Alesh I, Mahajan N, Mirowska KK, Mewada A, Kahn J, Afonso L, Williams KA, Flack JM.",J Am Coll Cardiol,2012,10.1016/j.jacc.2012.09.017,23083789,688
Genetics,secondary (review),25,Mendelian randomization as an instrumental variable approach to causal inference.,"Didelez V, Sheehan N.",Stat Methods Med Res,2007,10.1177/0962280206077743,17715159,668
Genetics,primary (research/methods),1,Mendelian randomization with invalid instruments: effect estimation and bias detection through Egger regression.,"Bowden J, Davey Smith G, Burgess S.",Int J Epidemiol,2015,10.1093/ije/dyv080,26050253,8549
Genetics,primary (research/methods),2,Consistent Estimation in Mendelian Randomization with Some Invalid Instruments Using a Weighted Median Estimator.,"Bowden J, Davey Smith G, Haycock PC, Burgess S.",Genet Epidemiol,2016,10.1002/gepi.21965,27061298,7760
Genetics,primary (research/methods),3,Detection of widespread horizontal pleiotropy in causal relationships inferred from Mendelian randomization between complex traits and diseases.,"Verbanck M, Chen CY, Neale B, Do R.",Nat Genet,2018,10.1038/s41588-018-0099-7,29686387,7490
Genetics,primary (research/methods),4,The MR-Base platform supports systematic causal inference across the human phenome.,"Hemani G, Zheng J, Elsworth B, Wade KH, Haberland V, Baird D, Laurin C, Burgess S, Bowden J, Langdon R, Tan VY, Yarmolinsky J, Shihab HA, Timpson NJ, Evans DM, Relton C, Martin RM, Davey Smith G, Gaunt TR, Haycock PC.",Elife,2018,10.7554/elife.34408,29846171,6870
Genetics,primary (research/methods),5,Mendelian randomization analysis with multiple genetic variants using summarized data.,"Burgess S, Butterworth A, Thompson SG.",Genet Epidemiol,2013,10.1002/gepi.21758,24114802,5344
Genetics,primary (research/methods),6,'Mendelian randomization': can genetic epidemiology contribute to understanding environmental determinants of disease?,"Smith GD, Ebrahim S.",Int J Epidemiol,2003,10.1093/ije/dyg070,12689998,4691
Genetics,primary (research/methods),7,The structure of haplotype blocks in the human genome.,"Gabriel SB, Schaffner SF, Nguyen H, Moore JM, Roy J, Blumenstiel B, Higgins J, DeFelice M, Lochner A, Faggart M, Liu-Cordero SN, Rotimi C, Adeyemo A, Cooper R, Ward R, Lander ES, Daly MJ, Altshuler D.",Science,2002,10.1126/science.1069424,12029063,4387
Genetics,primary (research/methods),8,Interpreting findings from Mendelian randomization using the MR-Egger method.,"Burgess S, Thompson SG.",Eur J Epidemiol,2017,10.1007/s10654-017-0255-x,28527048,4026
Genetics,primary (research/methods),9,Mendelian randomization: using genes as instruments for making causal inferences in epidemiology.,"Lawlor DA, Harbord RM, Sterne JA, Timpson N, Davey Smith G.",Stat Med,2008,10.1002/sim.3034,17886233,3698
Genetics,primary (research/methods),10,Strengthening the Reporting of Observational Studies in Epidemiology Using Mendelian Randomization: The STROBE-MR Statement.,"Skrivankova VW, Richmond RC, Woolf BAR, Yarmolinsky J, Davies NM, Swanson SA, VanderWeele TJ, Higgins JPT, Timpson NJ, Dimou N, Langenberg C, Golub RM, Loder EW, Gallo V, Tybjaerg-Hansen A, Davey Smith G, Egger M, Richards JB.",JAMA,2021,10.1001/jama.2021.18236,34698778,3516
Genetics,primary (research/methods),11,Robust inference in summary data Mendelian randomization via the zero modal pleiotropy assumption.,"Hartwig FP, Davey Smith G, Bowden J.",Int J Epidemiol,2017,10.1093/ije/dyx102,29040600,3069
Genetics,primary (research/methods),12,Genome-wide efficient mixed-model analysis for association studies.,"Zhou X, Stephens M.",Nat Genet,2012,10.1038/ng.2310,22706312,2943
Genetics,primary (research/methods),13,Partitioning heritability by functional annotation using genome-wide association summary statistics.,"Finucane HK, Bulik-Sullivan B, Gusev A, Trynka G, Reshef Y, Loh PR, Anttila V, Xu H, Zang C, Farh K, Ripke S, Day FR, ReproGen Consortium, Schizophrenia Working Group of the Psychiatric Genomics Consortium, RACI Consortium, Purcell S, Stahl E, Lindstrom S, Perry JR, Okada Y, Raychaudhuri S, Daly MJ, Patterson N, Neale BM, Price AL.",Nat Genet,2015,10.1038/ng.3404,26414678,2593
Genetics,primary (research/methods),14,"Identification of novel risk loci, causal insights, and heritable risk for Parkinson's disease: a meta-analysis of genome-wide association studies.","Nalls MA, Blauwendraat C, Vallerga CL, Heilbron K, Bandres-Ciga S, Chang D, Tan M, Kia DA, Noyce AJ, Xue A, Bras J, Young E, von Coelln R, Simón-Sánchez J, Schulte C, Sharma M, Krohn L, Pihlstrøm L, Siitonen A, Iwaki H, Leonard H, Faghri F, Gibbs JR, Hernandez DG, Scholz SW, Botia JA, Martinez M, Corvol JC, Lesage S, Jankovic J, Shulman LM, Sutherland M, Tienari P, Majamaa K, Toft M, Andreassen OA, Bangale T, Brice A, Yang J, Gan-Or Z, Gasser T, Heutink P, Shulman JM, Wood NW, Hinds DA, Hardy JA, Morris HR, Gratten J, Visscher PM, Graham RR, Singleton AB, 23andMe Research Team, System Genomics of Parkinson's Disease Consortium, International Parkinson's Disease Genomics Consortium.",Lancet Neurol,2019,10.1016/s1474-4422(19)30320-5,31701892,2261
Genetics,primary (research/methods),15,Genome-wide meta-analysis identifies new loci and functional pathways influencing Alzheimer's disease risk.,"Jansen IE, Savage JE, Watanabe K, Bryois J, Williams DM, Steinberg S, Sealock J, Karlsson IK, Hägg S, Athanasiu L, Voyle N, Proitsi P, Witoelar A, Stringer S, Aarsland D, Almdahl IS, Andersen F, Bergh S, Bettella F, Bjornsson S, Brækhus A, Bråthen G, de Leeuw C, Desikan RS, Djurovic S, Dumitrescu L, Fladby T, Hohman TJ, Jonsson PV, Kiddle SJ, Rongve A, Saltvedt I, Sando SB, Selbæk G, Shoai M, Skene NG, Snaedal J, Stordal E, Ulstein ID, Wang Y, White LR, Hardy J, Hjerling-Leffler J, Sullivan PF, van der Flier WM, Dobson R, Davis LK, Stefansson H, Stefansson K, Pedersen NL, Ripke S, Andreassen OA, Posthuma D.",Nat Genet,2019,10.1038/s41588-018-0311-9,30617256,2098
Genetics,primary (research/methods),16,Meta-analysis of genome-wide association studies for height and body mass index in ∼700000 individuals of European ancestry.,"Yengo L, Sidorenko J, Kemper KE, Zheng Z, Wood AR, Weedon MN, Frayling TM, Hirschhorn J, Yang J, Visscher PM, GIANT Consortium.",Hum Mol Genet,2018,10.1093/hmg/ddy271,30124842,1995
Genetics,primary (research/methods),17,Genomic atlas of the human plasma proteome.,"Sun BB, Maranville JC, Peters JE, Stacey D, Staley JR, Blackshaw J, Burgess S, Jiang T, Paige E, Surendran P, Oliver-Williams C, Kamat MA, Prins BP, Wilcox SK, Zimmerman ES, Chi A, Bansal N, Spain SL, Wood AM, Morrell NW, Bradley JR, Janjic N, Roberts DJ, Ouwehand WH, Todd JA, Soranzo N, Suhre K, Paul DS, Fox CS, Plenge RM, Danesh J, Runz H, Butterworth AS.",Nature,2018,10.1038/s41586-018-0175-2,29875488,1966
Genetics,primary (research/methods),18,MendelianRandomization: an R package for performing Mendelian randomization analyses using summarized data.,"Yavorska OO, Burgess S.",Int J Epidemiol,2017,10.1093/ije/dyx034,28398548,1799
Genetics,primary (research/methods),19,Guidelines for performing Mendelian randomization investigations: update for summer 2023.,"Burgess S, Davey Smith G, Davies NM, Dudbridge F, Gill D, Glymour MM, Hartwig FP, Kutalik Z, Holmes MV, Minelli C, Morrison JV, Pan W, Relton CL, Theodoratou E.",Wellcome Open Res,2019,10.12688/wellcomeopenres.15555.3,32760811,1781
Genetics,primary (research/methods),20,Mendelian randomization.,"Sanderson E, Glymour MM, Holmes MV, Kang H, Morrison J, Munafò MR, Palmer T, Schooling CM, Wallace C, Zhao Q, Smith GD.",Nat Rev Methods Primers,2022,10.1038/s43586-021-00092-5,37325194,1777
Genetics,primary (research/methods),21,g:Profiler-interoperable web service for functional enrichment analysis and gene identifier mapping (2023 update).,"Kolberg L, Raudvere U, Kuzmin I, Adler P, Vilo J, Peterson H.",Nucleic Acids Res,2023,10.1093/nar/gkad347,37144459,1732
Genetics,primary (research/methods),22,Sensitivity Analyses for Robust Causal Inference from Mendelian Randomization Analyses with Multiple Genetic Variants.,"Burgess S, Bowden J, Fall T, Ingelsson E, Thompson SG.",Epidemiology,2017,10.1097/ede.0000000000000559,27749700,1686
Genetics,primary (research/methods),23,A framework for the investigation of pleiotropy in two-sample summary data Mendelian randomization.,"Bowden J, Del Greco M F, Minelli C, Davey Smith G, Sheehan N, Thompson J.",Stat Med,2017,10.1002/sim.7221,28114746,1665
Genetics,primary (research/methods),24,Power and instrument strength requirements for Mendelian randomization studies using multiple genetic variants.,"Pierce BL, Ahsan H, Vanderweele TJ.",Int J Epidemiol,2011,10.1093/ije/dyq151,20813862,1620
Genetics,primary (research/methods),25,Using published data in Mendelian randomization: a blueprint for efficient identification of causal risk factors.,"Burgess S, Scott RA, Timpson NJ, Davey Smith G, Thompson SG, EPIC- InterAct Consortium.",Eur J Epidemiol,2015,10.1007/s10654-015-0011-z,25773750,1590
Genomics & epigenomics,secondary (review),1,"10 Years of GWAS Discovery: Biology, Function, and Translation.","Visscher PM, Wray NR, Zhang Q, Sklar P, McCarthy MI, Brown MA, Yang J.",Am J Hum Genet,2017,10.1016/j.ajhg.2017.06.005,28686856,2864
Genomics & epigenomics,secondary (review),2,Five years of GWAS discovery.,"Visscher PM, Brown MA, McCarthy MI, Yang J.",Am J Hum Genet,2012,10.1016/j.ajhg.2011.11.029,22243964,1713
Genomics & epigenomics,secondary (review),3,ChIP-seq: advantages and challenges of a maturing technology.,Park PJ.,Nat Rev Genet,2009,10.1038/nrg2641,19736561,1543
Genomics & epigenomics,secondary (review),4,A survey of best practices for RNA-seq data analysis.,"Conesa A, Madrigal P, Tarazona S, Gomez-Cabrero D, Cervera A, McPherson A, Szcześniak MW, Gaffney DJ, Elo LL, Zhang X, Mortazavi A.",Genome Biol,2016,10.1186/s13059-016-0881-8,26813401,1485
Genomics & epigenomics,secondary (review),5,Meta-analysis and Mendelian randomization: A review.,"Bowden J, Holmes MV.",Res Synth Methods,2019,10.1002/jrsm.1346,30861319,1366
Genomics & epigenomics,secondary (review),6,Evaluating the potential role of pleiotropy in Mendelian randomization studies.,"Hemani G, Bowden J, Davey Smith G.",Hum Mol Genet,2018,10.1093/hmg/ddy163,29771313,1310
Genomics & epigenomics,secondary (review),7,Genetics of diabetes mellitus and diabetes complications.,"Cole JB, Florez JC.",Nat Rev Nephrol,2020,10.1038/s41581-020-0278-5,32398868,1164
Genomics & epigenomics,secondary (review),8,The advantages and limitations of trait analysis with GWAS: a review.,"Korte A, Farlow A.",Plant Methods,2013,10.1186/1746-4811-9-29,23876160,1081
Genomics & epigenomics,secondary (review),9,"Genomics, gene expression and DNA arrays.","Lockhart DJ, Winzeler EA.",Nature,2000,10.1038/35015701,10866209,1074
Genomics & epigenomics,secondary (review),10,Sequencing depth and coverage: key considerations in genomic analyses.,"Sims D, Sudbery I, Ilott NE, Heger A, Ponting CP.",Nat Rev Genet,2014,10.1038/nrg3642,24434847,982
Genomics & epigenomics,secondary (review),11,Pleiotropy in complex traits: challenges and strategies.,"Solovieff N, Cotsapas C, Lee PH, Purcell SM, Smoller JW.",Nat Rev Genet,2013,10.1038/nrg3461,23752797,904
Genomics & epigenomics,secondary (review),12,Genome-wide association studies: theoretical and practical concerns.,"Wang WY, Barratt BJ, Clayton DG, Todd JA.",Nat Rev Genet,2005,10.1038/nrg1522,15716907,731
Genomics & epigenomics,secondary (review),13,Computational analysis of microarray data.,Quackenbush J.,Nat Rev Genet,2001,10.1038/35076576,11389458,698
Genomics & epigenomics,secondary (review),14,Mendelian randomization for cardiovascular diseases: principles and applications.,"Larsson SC, Butterworth AS, Burgess S.",Eur Heart J,2023,10.1093/eurheartj/ehad736,37935836,644
Genomics & epigenomics,secondary (review),15,"Validation of a DNA methylation microarray for 850,000 CpG sites of the human genome enriched in enhancer sequences.","Moran S, Arribas C, Esteller M.",Epigenomics,2016,10.2217/epi.15.114,26673039,580
Genomics & epigenomics,secondary (review),16,GWAMA: software for genome-wide association meta-analysis.,"Mägi R, Morris AP.",BMC Bioinformatics,2010,10.1186/1471-2105-11-288,20509871,576
Genomics & epigenomics,secondary (review),17,Research review: Polygenic methods and their application to psychiatric traits.,"Wray NR, Lee SH, Mehta D, Vinkhuyzen AA, Dudbridge F, Middeldorp CM.",J Child Psychol Psychiatry,2014,10.1111/jcpp.12295,25132410,519
Genomics & epigenomics,secondary (review),18,15 years of GWAS discovery: Realizing the promise.,"Abdellaoui A, Yengo L, Verweij KJH, Visscher PM.",Am J Hum Genet,2023,10.1016/j.ajhg.2022.12.011,36634672,506
Genomics & epigenomics,secondary (review),19,"The Genetic Basis of Mendelian Phenotypes: Discoveries, Challenges, and Opportunities.","Chong JX, Buckingham KJ, Jhangiani SN, Boehm C, Sobreira N, Smith JD, Harrell TM, McMillin MJ, Wiszniewski W, Gambin T, Coban Akdemir ZH, Doheny K, Scott AF, Avramopoulos D, Chakravarti A, Hoover-Fong J, Mathews D, Witmer PD, Ling H, Hetrick K, Watkins L, Patterson KE, Reinier F, Blue E, Muzny D, Kircher M, Bilguvar K, López-Giráldez F, Sutton VR, Tabor HK, Leal SM, Gunel M, Mane S, Gibbs RA, Boerwinkle E, Hamosh A, Shendure J, Lupski JR, Lifton RP, Valle D, Nickerson DA, Centers for Mendelian Genomics, Bamshad MJ.",Am J Hum Genet,2015,10.1016/j.ajhg.2015.06.009,26166479,506
Genomics & epigenomics,secondary (review),20,Combining evidence from Mendelian randomization and colocalization: Review and comparison of approaches.,"Zuber V, Grinberg NF, Gill D, Manipur I, Slob EAW, Patel A, Wallace C, Burgess S.",Am J Hum Genet,2022,10.1016/j.ajhg.2022.04.001,35452592,461
Genomics & epigenomics,secondary (review),21,Statistical power and significance testing in large-scale genetic studies.,"Sham PC, Purcell SM.",Nat Rev Genet,2014,10.1038/nrg3706,24739678,446
Genomics & epigenomics,secondary (review),22,The Human Pangenome Project: a global resource to map genomic diversity.,"Wang T, Antonacci-Fulton L, Howe K, Lawson HA, Lucas JK, Phillippy AM, Popejoy AB, Asri M, Carson C, Chaisson MJP, Chang X, Cook-Deegan R, Felsenfeld AL, Fulton RS, Garrison EP, Garrison NA, Graves-Lindsay TA, Ji H, Kenny EE, Koenig BA, Li D, Marschall T, McMichael JF, Novak AM, Purushotham D, Schneider VA, Schultz BI, Smith MW, Sofia HJ, Weissman T, Flicek P, Li H, Miga KH, Paten B, Jarvis ED, Hall IM, Eichler EE, Haussler D, Human Pangenome Reference Consortium.",Nature,2022,10.1038/s41586-022-04601-8,35444317,424
Genomics & epigenomics,secondary (review),23,Applications of multi-omics analysis in human diseases.,"Chen C, Wang J, Pan D, Wang X, Xu Y, Yan J, Wang L, Yang X, Yang M, Liu GP.",MedComm (2020),2023,10.1002/mco2.315,37533767,401
Genomics & epigenomics,secondary (review),24,Artificial Intelligence in Pharmaceutical Technology and Drug Delivery Design.,"Vora LK, Gholap AD, Jetha K, Thakur RRS, Solanki HK, Chavda VP.",Pharmaceutics,2023,10.3390/pharmaceutics15071916,37514102,387
Genomics & epigenomics,secondary (review),25,The complex genetic architecture of Alzheimer's disease: novel insights and future directions.,"Andrews SJ, Renton AE, Fulton-Howard B, Podlesny-Drabiniok A, Marcora E, Goate AM.",EBioMedicine,2023,10.1016/j.ebiom.2023.104511,36907103,354
Genomics & epigenomics,primary (research/methods),1,Differential expression analysis for sequence count data.,"Anders S, Huber W.",Genome Biol,2010,10.1186/gb-2010-11-10-r106,20979621,12672
Genomics & epigenomics,primary (research/methods),2,Mendelian randomization with invalid instruments: effect estimation and bias detection through Egger regression.,"Bowden J, Davey Smith G, Burgess S.",Int J Epidemiol,2015,10.1093/ije/dyv080,26050253,8549
Genomics & epigenomics,primary (research/methods),3,Consistent Estimation in Mendelian Randomization with Some Invalid Instruments Using a Weighted Median Estimator.,"Bowden J, Davey Smith G, Haycock PC, Burgess S.",Genet Epidemiol,2016,10.1002/gepi.21965,27061298,7760
Genomics & epigenomics,primary (research/methods),4,The MR-Base platform supports systematic causal inference across the human phenome.,"Hemani G, Zheng J, Elsworth B, Wade KH, Haberland V, Baird D, Laurin C, Burgess S, Bowden J, Langdon R, Tan VY, Yarmolinsky J, Shihab HA, Timpson NJ, Evans DM, Relton C, Martin RM, Davey Smith G, Gaunt TR, Haycock PC.",Elife,2018,10.7554/elife.34408,29846171,6870
Genomics & epigenomics,primary (research/methods),5,LD Score regression distinguishes confounding from polygenicity in genome-wide association studies.,"Bulik-Sullivan BK, Loh PR, Finucane HK, Ripke S, Yang J, Schizophrenia Working Group of the Psychiatric Genomics Consortium, Patterson N, Daly MJ, Price AL, Neale BM.",Nat Genet,2015,10.1038/ng.3211,25642630,5465
Genomics & epigenomics,primary (research/methods),6,Mendelian randomization analysis with multiple genetic variants using summarized data.,"Burgess S, Butterworth A, Thompson SG.",Genet Epidemiol,2013,10.1002/gepi.21758,24114802,5344
Genomics & epigenomics,primary (research/methods),7,Differential expression analysis of multifactor RNA-Seq experiments with respect to biological variation.,"McCarthy DJ, Chen Y, Smyth GK.",Nucleic Acids Res,2012,10.1093/nar/gks042,22287627,4418
Genomics & epigenomics,primary (research/methods),8,Strengthening the Reporting of Observational Studies in Epidemiology Using Mendelian Randomization: The STROBE-MR Statement.,"Skrivankova VW, Richmond RC, Woolf BAR, Yarmolinsky J, Davies NM, Swanson SA, VanderWeele TJ, Higgins JPT, Timpson NJ, Dimou N, Langenberg C, Golub RM, Loder EW, Gallo V, Tybjaerg-Hansen A, Davey Smith G, Egger M, Richards JB.",JAMA,2021,10.1001/jama.2021.18236,34698778,3516
Genomics & epigenomics,primary (research/methods),9,TCGAbiolinks: an R/Bioconductor package for integrative analysis of TCGA data.,"Colaprico A, Silva TC, Olsen C, Garofano L, Cava C, Garolini D, Sabedot TS, Malta TM, Pagnotta SM, Castiglioni I, Ceccarelli M, Bontempi G, Noushmehr H.",Nucleic Acids Res,2016,10.1093/nar/gkv1507,26704973,3421
Genomics & epigenomics,primary (research/methods),10,MAGMA: generalized gene-set analysis of GWAS data.,"de Leeuw CA, Mooij JM, Heskes T, Posthuma D.",PLoS Comput Biol,2015,10.1371/journal.pcbi.1004219,25885710,3354
Genomics & epigenomics,primary (research/methods),11,Robust inference in summary data Mendelian randomization via the zero modal pleiotropy assumption.,"Hartwig FP, Davey Smith G, Bowden J.",Int J Epidemiol,2017,10.1093/ije/dyx102,29040600,3069
Genomics & epigenomics,primary (research/methods),12,Genome-wide efficient mixed-model analysis for association studies.,"Zhou X, Stephens M.",Nat Genet,2012,10.1038/ng.2310,22706312,2943
Genomics & epigenomics,primary (research/methods),13,Partitioning heritability by functional annotation using genome-wide association summary statistics.,"Finucane HK, Bulik-Sullivan B, Gusev A, Trynka G, Reshef Y, Loh PR, Anttila V, Xu H, Zang C, Farh K, Ripke S, Day FR, ReproGen Consortium, Schizophrenia Working Group of the Psychiatric Genomics Consortium, RACI Consortium, Purcell S, Stahl E, Lindstrom S, Perry JR, Okada Y, Raychaudhuri S, Daly MJ, Patterson N, Neale BM, Price AL.",Nat Genet,2015,10.1038/ng.3404,26414678,2593
Genomics & epigenomics,primary (research/methods),14,rMATS: robust and flexible detection of differential alternative splicing from replicate RNA-Seq data.,"Shen S, Park JW, Lu ZX, Lin L, Henry MD, Wu YN, Zhou Q, Xing Y.",Proc Natl Acad Sci U S A,2014,10.1073/pnas.1419161111,25480548,2331
Genomics & epigenomics,primary (research/methods),15,Orienting the causal relationship between imprecisely measured traits using GWAS summary data.,"Hemani G, Tilling K, Davey Smith G.",PLoS Genet,2017,10.1371/journal.pgen.1007081,29149188,2268
Genomics & epigenomics,primary (research/methods),16,"Identification of novel risk loci, causal insights, and heritable risk for Parkinson's disease: a meta-analysis of genome-wide association studies.","Nalls MA, Blauwendraat C, Vallerga CL, Heilbron K, Bandres-Ciga S, Chang D, Tan M, Kia DA, Noyce AJ, Xue A, Bras J, Young E, von Coelln R, Simón-Sánchez J, Schulte C, Sharma M, Krohn L, Pihlstrøm L, Siitonen A, Iwaki H, Leonard H, Faghri F, Gibbs JR, Hernandez DG, Scholz SW, Botia JA, Martinez M, Corvol JC, Lesage S, Jankovic J, Shulman LM, Sutherland M, Tienari P, Majamaa K, Toft M, Andreassen OA, Bangale T, Brice A, Yang J, Gan-Or Z, Gasser T, Heutink P, Shulman JM, Wood NW, Hinds DA, Hardy JA, Morris HR, Gratten J, Visscher PM, Graham RR, Singleton AB, 23andMe Research Team, System Genomics of Parkinson's Disease Consortium, International Parkinson's Disease Genomics Consortium.",Lancet Neurol,2019,10.1016/s1474-4422(19)30320-5,31701892,2261
Genomics & epigenomics,primary (research/methods),17,Genome-wide meta-analysis of depression identifies 102 independent variants and highlights the importance of the prefrontal brain regions.,"Howard DM, Adams MJ, Clarke TK, Hafferty JD, Gibson J, Shirali M, Coleman JRI, Hagenaars SP, Ward J, Wigmore EM, Alloza C, Shen X, Barbu MC, Xu EY, Whalley HC, Marioni RE, Porteous DJ, Davies G, Deary IJ, Hemani G, Berger K, Teismann H, Rawal R, Arolt V, Baune BT, Dannlowski U, Domschke K, Tian C, Hinds DA, 23andMe Research Team, Major Depressive Disorder Working Group of the Psychiatric Genomics Consortium, Trzaskowski M, Byrne EM, Ripke S, Smith DJ, Sullivan PF, Wray NR, Breen G, Lewis CM, McIntosh AM.",Nat Neurosci,2019,10.1038/s41593-018-0326-7,30718901,2252
Genomics & epigenomics,primary (research/methods),18,Identification of common genetic risk variants for autism spectrum disorder.,"Grove J, Ripke S, Als TD, Mattheisen M, Walters RK, Won H, Pallesen J, Agerbo E, Andreassen OA, Anney R, Awashti S, Belliveau R, Bettella F, Buxbaum JD, Bybjerg-Grauholm J, Bækvad-Hansen M, Cerrato F, Chambert K, Christensen JH, Churchhouse C, Dellenvall K, Demontis D, De Rubeis S, Devlin B, Djurovic S, Dumont AL, Goldstein JI, Hansen CS, Hauberg ME, Hollegaard MV, Hope S, Howrigan DP, Huang H, Hultman CM, Klei L, Maller J, Martin J, Martin AR, Moran JL, Nyegaard M, Nyegaard M, Nærland T, Palmer DS, Palotie A, Pedersen CB, Pedersen MG, dPoterba T, Poulsen JB, Pourcain BS, Qvist P, Rehnström K, Reichenberg A, Reichert J, Robinson EB, Roeder K, Roussos P, Saemundsen E, Sandin S, Satterstrom FK, Davey Smith G, Stefansson H, Steinberg S, Stevens CR, Sullivan PF, Turley P, Walters GB, Xu X, Autism Spectrum Disorder Working Group of the Psychiatric Genomics Consortium, BUPGEN, Major Depressive Disorder Working Group of the Psychiatric Genomics Consortium, 23andMe Research Team, Stefansson K, Geschwind DH, Nordentoft M, Hougaard DM, Werge T, Mors O, Mortensen PB, Neale BM, Daly MJ, Børglum AD.",Nat Genet,2019,10.1038/s41588-019-0344-8,30804558,2198
Genomics & epigenomics,primary (research/methods),19,Detection of nonneutral substitution rates on mammalian phylogenies.,"Pollard KS, Hubisz MJ, Rosenbloom KR, Siepel A.",Genome Res,2010,10.1101/gr.097857.109,19858363,2136
Genomics & epigenomics,primary (research/methods),20,Genome-wide meta-analysis identifies new loci and functional pathways influencing Alzheimer's disease risk.,"Jansen IE, Savage JE, Watanabe K, Bryois J, Williams DM, Steinberg S, Sealock J, Karlsson IK, Hägg S, Athanasiu L, Voyle N, Proitsi P, Witoelar A, Stringer S, Aarsland D, Almdahl IS, Andersen F, Bergh S, Bettella F, Bjornsson S, Brækhus A, Bråthen G, de Leeuw C, Desikan RS, Djurovic S, Dumitrescu L, Fladby T, Hohman TJ, Jonsson PV, Kiddle SJ, Rongve A, Saltvedt I, Sando SB, Selbæk G, Shoai M, Skene NG, Snaedal J, Stordal E, Ulstein ID, Wang Y, White LR, Hardy J, Hjerling-Leffler J, Sullivan PF, van der Flier WM, Dobson R, Davis LK, Stefansson H, Stefansson K, Pedersen NL, Ripke S, Andreassen OA, Posthuma D.",Nat Genet,2019,10.1038/s41588-018-0311-9,30617256,2098
Genomics & epigenomics,primary (research/methods),21,Rare-variant association testing for sequencing data with the sequence kernel association test.,"Wu MC, Lee S, Cai T, Li Y, Boehnke M, Lin X.",Am J Hum Genet,2011,10.1016/j.ajhg.2011.05.029,21737059,2028
Genomics & epigenomics,primary (research/methods),22,Meta-analysis of genome-wide association studies for height and body mass index in ∼700000 individuals of European ancestry.,"Yengo L, Sidorenko J, Kemper KE, Zheng Z, Wood AR, Weedon MN, Frayling TM, Hirschhorn J, Yang J, Visscher PM, GIANT Consortium.",Hum Mol Genet,2018,10.1093/hmg/ddy271,30124842,1995
Genomics & epigenomics,primary (research/methods),23,Polygenic prediction via Bayesian regression and continuous shrinkage priors.,"Ge T, Chen CY, Ni Y, Feng YA, Smoller JW.",Nat Commun,2019,10.1038/s41467-019-09718-5,30992449,1914
Genomics & epigenomics,primary (research/methods),24,The new NHGRI-EBI Catalog of published genome-wide association studies (GWAS Catalog).,"MacArthur J, Bowler E, Cerezo M, Gil L, Hall P, Hastings E, Junkins H, McMahon A, Milano A, Morales J, Pendlington ZM, Welter D, Burdett T, Hindorff L, Flicek P, Cunningham F, Parkinson H.",Nucleic Acids Res,2017,10.1093/nar/gkw1133,27899670,1793
Genomics & epigenomics,primary (research/methods),25,Sensitivity Analyses for Robust Causal Inference from Mendelian Randomization Analyses with Multiple Genetic Variants.,"Burgess S, Bowden J, Fall T, Ingelsson E, Thompson SG.",Epidemiology,2017,10.1097/ede.0000000000000559,27749700,1686
Transcriptomics (bulk & single-cell),secondary (review),1,A survey of best practices for RNA-seq data analysis.,"Conesa A, Madrigal P, Tarazona S, Gomez-Cabrero D, Cervera A, McPherson A, Szcześniak MW, Gaffney DJ, Elo LL, Zhang X, Mortazavi A.",Genome Biol,2016,10.1186/s13059-016-0881-8,26813401,1485
Transcriptomics (bulk & single-cell),secondary (review),2,Microarray data normalization and transformation.,Quackenbush J.,Nat Genet,2002,10.1038/ng1032,12454644,1163
Transcriptomics (bulk & single-cell),secondary (review),3,Twenty-five years of quantitative PCR for gene expression analysis.,"VanGuilder HD, Vrana KE, Freeman WM.",Biotechniques,2008,10.2144/000112776,18474036,746
Transcriptomics (bulk & single-cell),secondary (review),4,Single-Cell RNA-Seq Technologies and Related Computational Data Analysis.,"Chen G, Ning B, Shi T.",Front Genet,2019,10.3389/fgene.2019.00317,31024627,718
Transcriptomics (bulk & single-cell),secondary (review),5,Computational analysis of microarray data.,Quackenbush J.,Nat Rev Genet,2001,10.1038/35076576,11389458,698
Transcriptomics (bulk & single-cell),secondary (review),6,Translating RNA sequencing into clinical diagnostics: opportunities and challenges.,"Byron SA, Van Keuren-Jensen KR, Engelthaler DM, Carpten JD, Craig DW.",Nat Rev Genet,2016,10.1038/nrg.2016.10,26996076,605
Transcriptomics (bulk & single-cell),secondary (review),7,Fundamentals of experimental design for cDNA microarrays.,Churchill GA.,Nat Genet,2002,10.1038/ng1031,12454643,593
Transcriptomics (bulk & single-cell),secondary (review),8,"Validation of a DNA methylation microarray for 850,000 CpG sites of the human genome enriched in enhancer sequences.","Moran S, Arribas C, Esteller M.",Epigenomics,2016,10.2217/epi.15.114,26673039,580
Transcriptomics (bulk & single-cell),secondary (review),9,Design and Analysis of Single-Cell Sequencing Experiments.,"Grün D, van Oudenaarden A.",Cell,2015,10.1016/j.cell.2015.10.039,26544934,422
Transcriptomics (bulk & single-cell),secondary (review),10,Critical review of published microarray studies for cancer outcome and guidelines on statistical analysis and reporting.,"Dupuy A, Simon RM.",J Natl Cancer Inst,2007,10.1093/jnci/djk018,17227998,403
Transcriptomics (bulk & single-cell),secondary (review),11,Applications of multi-omics analysis in human diseases.,"Chen C, Wang J, Pan D, Wang X, Xu Y, Yan J, Wang L, Yang X, Yang M, Liu GP.",MedComm (2020),2023,10.1002/mco2.315,37533767,401
Transcriptomics (bulk & single-cell),secondary (review),12,Reliability and reproducibility issues in DNA microarray measurements.,"Draghici S, Khatri P, Eklund AC, Szallasi Z.",Trends Genet,2006,10.1016/j.tig.2005.12.005,16380191,388
Transcriptomics (bulk & single-cell),secondary (review),13,Statistical design and the analysis of gene expression microarray data.,"Kerr MK, Churchill GA.",Genet Res,2001,10.1017/s0016672301005055,11355567,330
Transcriptomics (bulk & single-cell),secondary (review),14,Next-generation sequencing: insights to advance clinical investigations of the microbiome.,"Wensel CR, Pluznick JL, Salzberg SL, Sears CL.",J Clin Invest,2022,10.1172/jci154944,35362479,328
Transcriptomics (bulk & single-cell),secondary (review),15,Single-Cell Whole-Genome Amplification and Sequencing: Methodology and Applications.,"Huang L, Ma F, Chapman A, Lu S, Xie XS.",Annu Rev Genomics Hum Genet,2015,10.1146/annurev-genom-090413-025352,26077818,312
Transcriptomics (bulk & single-cell),secondary (review),16,Roadmap for developing and validating therapeutically relevant genomic classifiers.,Simon R.,J Clin Oncol,2005,10.1200/jco.2005.02.8712,16145063,264
Transcriptomics (bulk & single-cell),secondary (review),17,Trials and tribulations of 'omics data analysis: assessing quality of SIMCA-based multivariate models using examples from pulmonary medicine.,"Wheelock ÅM, Wheelock CE.",Mol Biosyst,2013,10.1039/c3mb70194h,23999822,251
Transcriptomics (bulk & single-cell),secondary (review),18,Advancing Cancer Research and Medicine with Single-Cell Genomics.,"Lim B, Lin Y, Navin N.",Cancer Cell,2020,10.1016/j.ccell.2020.03.008,32289270,225
Transcriptomics (bulk & single-cell),secondary (review),19,Gene expression profiling reveals reproducible human lung adenocarcinoma subtypes in multiple independent patient cohorts.,"Hayes DN, Monti S, Parmigiani G, Gilks CB, Naoki K, Bhattacharjee A, Socinski MA, Perou C, Meyerson M.",J Clin Oncol,2006,10.1200/jco.2005.05.1748,17075127,222
Transcriptomics (bulk & single-cell),secondary (review),20,Artificial intelligence for predictive biomarker discovery in immuno-oncology: a systematic review.,"Prelaj A, Miskovic V, Zanitti M, Trovo F, Genova C, Viscardi G, Rebuzzi SE, Mazzeo L, Provenzano L, Kosta S, Favali M, Spagnoletti A, Castelo-Branco L, Dolezal J, Pearson AT, Lo Russo G, Proto C, Ganzinelli M, Giani C, Ambrosini E, Turajlic S, Au L, Koopman M, Delaloge S, Kather JN, de Braud F, Garassino MC, Pentheroudakis G, Spencer C, Pedrocchi ALG.",Ann Oncol,2024,10.1016/j.annonc.2023.10.125,37879443,220
Transcriptomics (bulk & single-cell),secondary (review),21,Measuring oxidative damage to DNA and its repair with the comet assay.,Collins AR.,Biochim Biophys Acta,2014,10.1016/j.bbagen.2013.04.022,23618695,214
Transcriptomics (bulk & single-cell),secondary (review),22,SPR microscopy and its applications to high-throughput analyses of biomolecular binding events and their kinetics.,"Campbell CT, Kim G.",Biomaterials,2007,10.1016/j.biomaterials.2007.01.047,17337300,213
Transcriptomics (bulk & single-cell),secondary (review),23,Predictive ability of DNA microarrays for cancer outcomes and correlates: an empirical assessment.,"Ntzani EE, Ioannidis JP.",Lancet,2003,10.1016/s0140-6736(03)14686-7,14602436,212
Transcriptomics (bulk & single-cell),secondary (review),24,Chemometric analysis in Raman spectroscopy from experimental design to machine learning-based modeling.,"Guo S, Popp J, Bocklitz T.",Nat Protoc,2021,10.1038/s41596-021-00620-3,34741152,203
Transcriptomics (bulk & single-cell),secondary (review),25,Statistical issues in the use of the comet assay.,"Lovell DP, Omori T.",Mutagenesis,2008,10.1093/mutage/gen015,18385511,198
Transcriptomics (bulk & single-cell),primary (research/methods),1,Accurate normalization of real-time quantitative RT-PCR data by geometric averaging of multiple internal control genes.,"Vandesompele J, De Preter K, Pattyn F, Poppe B, Van Roy N, De Paepe A, Speleman F.",Genome Biol,2002,10.1186/gb-2002-3-7-research0034,12184808,14794
Transcriptomics (bulk & single-cell),primary (research/methods),2,Differential expression analysis for sequence count data.,"Anders S, Huber W.",Genome Biol,2010,10.1186/gb-2010-11-10-r106,20979621,12672
Transcriptomics (bulk & single-cell),primary (research/methods),3,"Integrating single-cell transcriptomic data across different conditions, technologies, and species.","Butler A, Hoffman P, Smibert P, Papalexi E, Satija R.",Nat Biotechnol,2018,10.1038/nbt.4096,29608179,11393
Transcriptomics (bulk & single-cell),primary (research/methods),4,Adjusting batch effects in microarray expression data using empirical Bayes methods.,"Johnson WE, Li C, Rabinovic A.",Biostatistics,2007,10.1093/biostatistics/kxj037,16632515,6871
Transcriptomics (bulk & single-cell),primary (research/methods),5,Differential expression analysis of multifactor RNA-Seq experiments with respect to biological variation.,"McCarthy DJ, Chen Y, Smyth GK.",Nucleic Acids Res,2012,10.1093/nar/gks042,22287627,4418
Transcriptomics (bulk & single-cell),primary (research/methods),6,Dimensionality reduction for visualizing single-cell data using UMAP.,"Becht E, McInnes L, Healy J, Dutertre CA, Kwok IWH, Ng LG, Ginhoux F, Newell EW.",Nat Biotechnol,2018,10.1038/nbt.4314,30531897,4338
Transcriptomics (bulk & single-cell),primary (research/methods),7,Droplet barcoding for single-cell transcriptomics applied to embryonic stem cells.,"Klein AM, Mazutis L, Akartuna I, Tallapragada N, Veres A, Li V, Peshkin L, Weitz DA, Kirschner MW.",Cell,2015,10.1016/j.cell.2015.04.044,26000487,2740
Transcriptomics (bulk & single-cell),primary (research/methods),8,rMATS: robust and flexible detection of differential alternative splicing from replicate RNA-Seq data.,"Shen S, Park JW, Lu ZX, Lin L, Henry MD, Wu YN, Zhou Q, Xing Y.",Proc Natl Acad Sci U S A,2014,10.1073/pnas.1419161111,25480548,2331
Transcriptomics (bulk & single-cell),primary (research/methods),9,Representational similarity analysis - connecting the branches of systems neuroscience.,"Kriegeskorte N, Mur M, Bandettini P.",Front Syst Neurosci,2008,10.3389/neuro.06.004.2008,19104670,2311
Transcriptomics (bulk & single-cell),primary (research/methods),10,"Identification of novel risk loci, causal insights, and heritable risk for Parkinson's disease: a meta-analysis of genome-wide association studies.","Nalls MA, Blauwendraat C, Vallerga CL, Heilbron K, Bandres-Ciga S, Chang D, Tan M, Kia DA, Noyce AJ, Xue A, Bras J, Young E, von Coelln R, Simón-Sánchez J, Schulte C, Sharma M, Krohn L, Pihlstrøm L, Siitonen A, Iwaki H, Leonard H, Faghri F, Gibbs JR, Hernandez DG, Scholz SW, Botia JA, Martinez M, Corvol JC, Lesage S, Jankovic J, Shulman LM, Sutherland M, Tienari P, Majamaa K, Toft M, Andreassen OA, Bangale T, Brice A, Yang J, Gan-Or Z, Gasser T, Heutink P, Shulman JM, Wood NW, Hinds DA, Hardy JA, Morris HR, Gratten J, Visscher PM, Graham RR, Singleton AB, 23andMe Research Team, System Genomics of Parkinson's Disease Consortium, International Parkinson's Disease Genomics Consortium.",Lancet Neurol,2019,10.1016/s1474-4422(19)30320-5,31701892,2261
Transcriptomics (bulk & single-cell),primary (research/methods),11,Batch effects in single-cell RNA-sequencing data are corrected by matching mutual nearest neighbors.,"Haghverdi L, Lun ATL, Morgan MD, Marioni JC.",Nat Biotechnol,2018,10.1038/nbt.4091,29608177,2193
Transcriptomics (bulk & single-cell),primary (research/methods),12,UMI-tools: modeling sequencing errors in Unique Molecular Identifiers to improve quantification accuracy.,"Smith T, Heger A, Sudbery I.",Genome Res,2017,10.1101/gr.209601.116,28100584,2158
Transcriptomics (bulk & single-cell),primary (research/methods),13,"Waste not, want not: why rarefying microbiome data is inadmissible.","McMurdie PJ, Holmes S.",PLoS Comput Biol,2014,10.1371/journal.pcbi.1003531,24699258,2034
Transcriptomics (bulk & single-cell),primary (research/methods),14,RNA-seq: an assessment of technical reproducibility and comparison with gene expression arrays.,"Marioni JC, Mason CE, Mane SM, Stephens M, Gilad Y.",Genome Res,2008,10.1101/gr.079558.108,18550803,1985
Transcriptomics (bulk & single-cell),primary (research/methods),15,The MicroArray Quality Control (MAQC) project shows inter- and intraplatform reproducibility of gene expression measurements.,"MAQC Consortium, Shi L, Reid LH, Jones WD, Shippy R, Warrington JA, Baker SC, Collins PJ, de Longueville F, Kawasaki ES, Lee KY, Luo Y, Sun YA, Willey JC, Setterquist RA, Fischer GM, Tong W, Dragan YP, Dix DJ, Frueh FW, Goodsaid FM, Herman D, Jensen RV, Johnson CD, Lobenhofer EK, Puri RK, Schrf U, Thierry-Mieg J, Wang C, Wilson M, Wolber PK, Zhang L, Amur S, Bao W, Barbacioru CC, Lucas AB, Bertholet V, Boysen C, Bromley B, Brown D, Brunner A, Canales R, Cao XM, Cebula TA, Chen JJ, Cheng J, Chu TM, Chudin E, Corson J, Corton JC, Croner LJ, Davies C, Davison TS, Delenstarr G, Deng X, Dorris D, Eklund AC, Fan XH, Fang H, Fulmer-Smentek S, Fuscoe JC, Gallagher K, Ge W, Guo L, Guo X, Hager J, Haje PK, Han J, Han T, Harbottle HC, Harris SC, Hatchwell E, Hauser CA, Hester S, Hong H, Hurban P, Jackson SA, Ji H, Knight CR, Kuo WP, LeClerc JE, Levy S, Li QZ, Liu C, Liu Y, Lombardi MJ, Ma Y, Magnuson SR, Maqsodi B, McDaniel T, Mei N, Myklebost O, Ning B, Novoradovskaya N, Orr MS, Osborn TW, Papallo A, Patterson TA, Perkins RG, Peters EH, Peterson R, Philips KL, Pine PS, Pusztai L, Qian F, Ren H, Rosen M, Rosenzweig BA, Samaha RR, Schena M, Schroth GP, Shchegrova S, Smith DD, Staedtler F, Su Z, Sun H, Szallasi Z, Tezak Z, Thierry-Mieg D, Thompson KL, Tikhonova I, Turpaz Y, Vallanat B, Van C, Walker SJ, Wang SJ, Wang Y, Wolfinger R, Wong A, Wu J, Xiao C, Xie Q, Xu J, Yang W, Zhang L, Zhong S, Zong Y, Slikker W.",Nat Biotechnol,2006,10.1038/nbt1239,16964229,1482
Transcriptomics (bulk & single-cell),primary (research/methods),16,T-helper type 2-driven inflammation defines major subphenotypes of asthma.,"Woodruff PG, Modrek B, Choy DF, Jia G, Abbas AR, Ellwanger A, Koth LL, Arron JR, Fahy JV.",Am J Respir Crit Care Med,2009,10.1164/rccm.200903-0392oc,19483109,1436
Transcriptomics (bulk & single-cell),primary (research/methods),17,Three-dimensional intact-tissue sequencing of single-cell transcriptional states.,"Wang X, Allen WE, Wright MA, Sylwestrak EL, Samusik N, Vesuna S, Evans K, Liu C, Ramakrishnan C, Liu J, Nolan GP, Bava FA, Deisseroth K.",Science,2018,10.1126/science.aat5691,29930089,1422
Transcriptomics (bulk & single-cell),primary (research/methods),18,<i>ComBat-seq</i>: batch effect adjustment for RNA-seq count data.,"Zhang Y, Parmigiani G, Johnson WE.",NAR Genom Bioinform,2020,10.1093/nargab/lqaa078,33015620,1326
Transcriptomics (bulk & single-cell),primary (research/methods),19,A framework for oligonucleotide microarray preprocessing.,"Carvalho BS, Irizarry RA.",Bioinformatics,2010,10.1093/bioinformatics/btq431,20688976,1317
Transcriptomics (bulk & single-cell),primary (research/methods),20,Critical evaluation of the Illumina MethylationEPIC BeadChip microarray for whole-genome DNA methylation profiling.,"Pidsley R, Zotenko E, Peters TJ, Lawrence MG, Risbridger GP, Molloy P, Van Djik S, Muhlhausler B, Stirzaker C, Clark SJ.",Genome Biol,2016,10.1186/s13059-016-1066-1,27717381,1187
Transcriptomics (bulk & single-cell),primary (research/methods),21,Novel molecular subtypes of serous and endometrioid ovarian cancer linked to clinical outcome.,"Tothill RW, Tinker AV, George J, Brown R, Fox SB, Lade S, Johnson DS, Trivett MK, Etemadmoghadam D, Locandro B, Traficante N, Fereday S, Hung JA, Chiew YE, Haviv I, Australian Ovarian Cancer Study Group, Gertig D, DeFazio A, Bowtell DD.",Clin Cancer Res,2008,10.1158/1078-0432.ccr-08-0196,18698038,1182
Transcriptomics (bulk & single-cell),primary (research/methods),22,Use of within-array replicate spots for assessing differential expression in microarray experiments.,"Smyth GK, Michaud J, Scott HS.",Bioinformatics,2005,10.1093/bioinformatics/bti270,15657102,1166
Transcriptomics (bulk & single-cell),primary (research/methods),23,SARTools: A DESeq2- and EdgeR-Based R Pipeline for Comprehensive Differential Analysis of RNA-Seq Data.,"Varet H, Brillet-Guéguen L, Coppée JY, Dillies MA.",PLoS One,2016,10.1371/journal.pone.0157022,27280887,976
Transcriptomics (bulk & single-cell),primary (research/methods),24,Individual brain organoids reproducibly form cell diversity of the human cerebral cortex.,"Velasco S, Kedaigle AJ, Simmons SK, Nash A, Rocha M, Quadrato G, Paulsen B, Nguyen L, Adiconis X, Regev A, Levin JZ, Arlotta P.",Nature,2019,10.1038/s41586-019-1289-x,31168097,944
Transcriptomics (bulk & single-cell),primary (research/methods),25,TISCH: a comprehensive web resource enabling interactive single-cell transcriptome visualization of tumor microenvironment.,"Sun D, Wang J, Han Y, Dong X, Ge J, Zheng R, Shi X, Wang B, Li Z, Ren P, Sun L, Yan Y, Zhang P, Zhang F, Li T, Wang C.",Nucleic Acids Res,2021,10.1093/nar/gkaa1020,33179754,924
Proteomics & metabolomics,secondary (review),1,Protein biomarker discovery and validation: the long and uncertain path to clinical utility.,"Rifai N, Gillette MA, Carr SA.",Nat Biotechnol,2006,10.1038/nbt1235,16900146,1301
Proteomics & metabolomics,secondary (review),2,Current two-dimensional electrophoresis technology for proteomics.,"Görg A, Weiss W, Dunn MJ.",Proteomics,2004,10.1002/pmic.200401031,15543535,1151
Proteomics & metabolomics,secondary (review),3,Using MetaboAnalyst 3.0 for Comprehensive Metabolomics Data Analysis.,"Xia J, Wishart DS.",Curr Protoc Bioinformatics,2016,10.1002/cpbi.11,27603023,1089
Proteomics & metabolomics,secondary (review),4,"Mass spectrometry-based metabolomics: a guide for annotation, quantification and best reporting practices.","Alseekh S, Aharoni A, Brotman Y, Contrepois K, D'Auria J, Ewald J, C Ewald J, Fraser PD, Giavalisco P, Hall RD, Heinemann M, Link H, Luo J, Neumann S, Nielsen J, Perez de Souza L, Saito K, Sauer U, Schroeder FC, Schuster S, Siuzdak G, Skirycz A, Sumner LW, Snyder MP, Tang H, Tohge T, Wang Y, Wen W, Wu S, Xu G, Zamboni N, Fernie AR.",Nat Methods,2021,10.1038/s41592-021-01197-1,34239102,813
Proteomics & metabolomics,secondary (review),5,NMR Spectroscopy for Metabolomics Research.,"Emwas AH, Roy R, McKay RT, Tenori L, Saccenti E, Gowda GAN, Raftery D, Alahmari F, Jaremko L, Jaremko M, Wishart DS.",Metabolites,2019,10.3390/metabo9070123,31252628,714
Proteomics & metabolomics,secondary (review),6,"Proteomics by mass spectrometry: approaches, advances, and applications.","Yates JR, Ruse CI, Nakorchevsky A.",Annu Rev Biomed Eng,2009,10.1146/annurev-bioeng-061008-124934,19400705,691
Proteomics & metabolomics,secondary (review),7,Guidelines and considerations for the use of system suitability and quality control samples in mass spectrometry assays applied in untargeted clinical metabolomic studies.,"Broadhurst D, Goodacre R, Reinke SN, Kuligowski J, Wilson ID, Lewis MR, Dunn WB.",Metabolomics,2018,10.1007/s11306-018-1367-3,29805336,661
Proteomics & metabolomics,secondary (review),8,Quantitative Serum Nuclear Magnetic Resonance Metabolomics in Large-Scale Epidemiology: A Primer on -Omic Technologies.,"Würtz P, Kangas AJ, Soininen P, Lawlor DA, Davey Smith G, Ala-Korpela M.",Am J Epidemiol,2017,10.1093/aje/kwx016,29106475,594
Proteomics & metabolomics,secondary (review),9,Strategies for discovering novel cancer biomarkers through utilization of emerging technologies.,"Kulasingam V, Diamandis EP.",Nat Clin Pract Oncol,2008,10.1038/ncponc1187,18695711,550
Proteomics & metabolomics,secondary (review),10,Assigning significance to peptides identified by tandem mass spectrometry using decoy databases.,"Käll L, Storey JD, MacCoss MJ, Noble WS.",J Proteome Res,2008,10.1021/pr700600n,18067246,503
Proteomics & metabolomics,secondary (review),11,Isobaric labeling-based relative quantification in shotgun proteomics.,"Rauniyar N, Yates JR.",J Proteome Res,2014,10.1021/pr500880b,25337643,455
Proteomics & metabolomics,secondary (review),12,Applications of multi-omics analysis in human diseases.,"Chen C, Wang J, Pan D, Wang X, Xu Y, Yan J, Wang L, Yang X, Yang M, Liu GP.",MedComm (2020),2023,10.1002/mco2.315,37533767,401
Proteomics & metabolomics,secondary (review),13,Artificial Intelligence in Pharmaceutical Technology and Drug Delivery Design.,"Vora LK, Gholap AD, Jetha K, Thakur RRS, Solanki HK, Chavda VP.",Pharmaceutics,2023,10.3390/pharmaceutics15071916,37514102,387
Proteomics & metabolomics,secondary (review),14,Core candidate neurochemical and imaging biomarkers of Alzheimer's disease.,"Hampel H, Bürger K, Teipel SJ, Bokde AL, Zetterberg H, Blennow K.",Alzheimers Dement,2008,10.1016/j.jalz.2007.08.006,18631949,374
Proteomics & metabolomics,secondary (review),15,Cardiovascular Metabolomics.,"McGarrah RW, Crown SB, Zhang GF, Shah SH, Newgard CB.",Circ Res,2018,10.1161/circresaha.117.311002,29700070,356
Proteomics & metabolomics,secondary (review),16,The importance of experimental design and QC samples in large-scale and MS-driven untargeted metabolomic studies of humans.,"Dunn WB, Wilson ID, Nicholls AW, Broadhurst D.",Bioanalysis,2012,10.4155/bio.12.204,23046267,308
Proteomics & metabolomics,secondary (review),17,Current practice of liquid chromatography-mass spectrometry in metabolomics and metabonomics.,"Gika HG, Theodoridis GA, Plumb RS, Wilson ID.",J Pharm Biomed Anal,2014,10.1016/j.jpba.2013.06.032,23916607,273
Proteomics & metabolomics,secondary (review),18,A review on mass spectrometry-based quantitative proteomics: Targeted and data independent acquisition.,"Vidova V, Spacil Z.",Anal Chim Acta,2017,10.1016/j.aca.2017.01.059,28351641,258
Proteomics & metabolomics,secondary (review),19,Trials and tribulations of 'omics data analysis: assessing quality of SIMCA-based multivariate models using examples from pulmonary medicine.,"Wheelock ÅM, Wheelock CE.",Mol Biosyst,2013,10.1039/c3mb70194h,23999822,251
Proteomics & metabolomics,secondary (review),20,On the development of plasma protein biomarkers.,"Surinova S, Schiess R, Hüttenhain R, Cerciello F, Wollscheid B, Aebersold R.",J Proteome Res,2011,10.1021/pr1008515,21142170,248
Proteomics & metabolomics,secondary (review),21,Ambient ionization mass spectrometry: current understanding of mechanistic theory; analytical performance and application areas.,Weston DJ.,Analyst,2010,10.1039/b925579f,20309440,221
Proteomics & metabolomics,secondary (review),22,Statistical design of quantitative mass spectrometry-based proteomic experiments.,"Oberg AL, Vitek O.",J Proteome Res,2009,10.1021/pr8010099,19222236,218
Proteomics & metabolomics,secondary (review),23,Challenges and opportunities of metabolomics.,"Johnson CH, Gonzalez FJ.",J Cell Physiol,2012,10.1002/jcp.24002,22034100,217
Proteomics & metabolomics,secondary (review),24,Overview of mass spectrometry-based metabolomics: opportunities and challenges.,"Gowda GA, Djukovic D.",Methods Mol Biol,2014,10.1007/978-1-4939-1258-2_1,25270919,215
Proteomics & metabolomics,secondary (review),25,Transcriptomic and metabolomic data integration.,"Cavill R, Jennen D, Kleinjans J, Briedé JJ.",Brief Bioinform,2016,10.1093/bib/bbv090,26467821,212
Proteomics & metabolomics,primary (research/methods),1,Revised equations for estimated GFR from serum creatinine in Japan.,"Matsuo S, Imai E, Horio M, Yasuda Y, Tomita K, Nitta K, Yamagata K, Tomino Y, Yokoyama H, Hishida A, Collaborators developing the Japanese equation for estimated GFR.",Am J Kidney Dis,2009,10.1053/j.ajkd.2008.12.034,19339088,5418
Proteomics & metabolomics,primary (research/methods),2,Skyline: an open source document editor for creating and analyzing targeted proteomics experiments.,"MacLean B, Tomazela DM, Shulman N, Chambers M, Finney GL, Frewen B, Kern R, Tabb DL, Liebler DC, MacCoss MJ.",Bioinformatics,2010,10.1093/bioinformatics/btq054,20147306,4183
Proteomics & metabolomics,primary (research/methods),3,MetaboAnalyst 5.0: narrowing the gap between raw spectra and functional insights.,"Pang Z, Chong J, Zhou G, de Lima Morais DA, Chang L, Barrette M, Gauthier C, Jacques PÉ, Li S, Xia J.",Nucleic Acids Res,2021,10.1093/nar/gkab382,34019663,3270
Proteomics & metabolomics,primary (research/methods),4,MetaboAnalyst 3.0--making metabolomics more meaningful.,"Xia J, Sinelnikov IV, Han B, Wishart DS.",Nucleic Acids Res,2015,10.1093/nar/gkv380,25897128,2086
Proteomics & metabolomics,primary (research/methods),5,Using MetaboAnalyst 4.0 for Comprehensive and Integrative Metabolomics Data Analysis.,"Chong J, Wishart DS, Xia J.",Curr Protoc Bioinformatics,2019,10.1002/cpbi.86,31756036,1617
Proteomics & metabolomics,primary (research/methods),6,"MetaboAnalyst 6.0: towards a unified platform for metabolomics data processing, analysis and interpretation.","Pang Z, Lu Y, Zhou G, Hui F, Xu L, Viau C, Spigelman AF, MacDonald PE, Wishart DS, Li S, Xia J.",Nucleic Acids Res,2024,10.1093/nar/gkae253,38587201,1579
Proteomics & metabolomics,primary (research/methods),7,"Minimal, encapsulated proteomic-sample processing applied to copy-number estimation in eukaryotic cells.","Kulak NA, Pichler G, Paron I, Nagaraj N, Mann M.",Nat Methods,2014,10.1038/nmeth.2834,24487582,1517
Proteomics & metabolomics,primary (research/methods),8,"Analysis of acrylamide, a carcinogen formed in heated foodstuffs.","Tareke E, Rydberg P, Karlsson P, Eriksson S, Törnqvist M.",J Agric Food Chem,2002,10.1021/jf020302f,12166997,1216
Proteomics & metabolomics,primary (research/methods),9,"MultiNotch MS3 enables accurate, sensitive, and multiplexed detection of differential expression across cancer cell line proteomes.","McAlister GC, Nusinow DP, Jedrychowski MP, Wühr M, Huttlin EL, Erickson BK, Rad R, Haas W, Gygi SP.",Anal Chem,2014,10.1021/ac502040v,24927332,1213
Proteomics & metabolomics,primary (research/methods),10,Extending the limits of quantitative proteome profiling with data-independent acquisition and application to acetaminophen-treated three-dimensional liver microtissues.,"Bruderer R, Bernhardt OM, Gandhi T, Miladinović SM, Cheng LY, Messner S, Ehrenberger T, Zanotelli V, Butscheid Y, Escher C, Vitek O, Rinner O, Reiter L.",Mol Cell Proteomics,2015,10.1074/mcp.m114.044305,25724911,1153
Proteomics & metabolomics,primary (research/methods),11,"Parallel reaction monitoring for high resolution and high mass accuracy quantitative, targeted proteomics.","Peterson AC, Russell JD, Bailey DJ, Westphall MS, Coon JJ.",Mol Cell Proteomics,2012,10.1074/mcp.o112.020131,22865924,1019
Proteomics & metabolomics,primary (research/methods),12,Statistical analysis of membrane proteome expression changes in Saccharomyces cerevisiae.,"Zybailov B, Mosley AL, Sardiu ME, Coleman MK, Florens L, Washburn MP.",J Proteome Res,2006,10.1021/pr060161n,16944946,900
Proteomics & metabolomics,primary (research/methods),13,Online Parallel Accumulation-Serial Fragmentation (PASEF) with a Novel Trapped Ion Mobility Mass Spectrometer.,"Meier F, Brunner AD, Koch S, Koch H, Lubeck M, Krause M, Goedecke N, Decker J, Kosinski T, Park MA, Bache N, Hoerning O, Cox J, Räther O, Mann M.",Mol Cell Proteomics,2018,10.1074/mcp.tir118.000900,30385480,846
Proteomics & metabolomics,primary (research/methods),14,Multi-site assessment of the precision and reproducibility of multiple reaction monitoring-based measurements of proteins in plasma.,"Addona TA, Abbatiello SE, Schilling B, Skates SJ, Mani DR, Bunk DM, Spiegelman CH, Zimmerman LJ, Ham AJ, Keshishian H, Hall SC, Allen S, Blackman RK, Borchers CH, Buck C, Cardasis HL, Cusack MP, Dodder NG, Gibson BW, Held JM, Hiltke T, Jackson A, Johansen EB, Kinsinger CR, Li J, Mesri M, Neubert TA, Niles RK, Pulsipher TC, Ransohoff D, Rodriguez H, Rudnick PA, Smith D, Tabb DL, Tegeler TJ, Variyath AM, Vega-Montoto LJ, Wahlander A, Waldemarson S, Wang M, Whiteaker JR, Zhao L, Anderson NL, Fisher SJ, Liebler DC, Paulovich AG, Regnier FE, Tempst P, Carr SA.",Nat Biotechnol,2009,10.1038/nbt.1546,19561596,820
Proteomics & metabolomics,primary (research/methods),15,metaX: a flexible and comprehensive software for processing metabolomics data.,"Wen B, Mei Z, Zeng C, Liu S.",BMC Bioinformatics,2017,10.1186/s12859-017-1579-y,28327092,727
Proteomics & metabolomics,primary (research/methods),16,Technical advance: simultaneous analysis of metabolites in potato tuber by gas chromatography-mass spectrometry.,"Roessner U, Wagner C, Kopka J, Trethewey RN, Willmitzer L.",Plant J,2000,10.1046/j.1365-313x.2000.00774.x,10929108,708
Proteomics & metabolomics,primary (research/methods),17,Genome-wide study for circulating metabolites identifies 62 loci and reveals novel systemic effects of LPA.,"Kettunen J, Demirkan A, Würtz P, Draisma HH, Haller T, Rawal R, Vaarhorst A, Kangas AJ, Lyytikäinen LP, Pirinen M, Pool R, Sarin AP, Soininen P, Tukiainen T, Wang Q, Tiainen M, Tynkkynen T, Amin N, Zeller T, Beekman M, Deelen J, van Dijk KW, Esko T, Hottenga JJ, van Leeuwen EM, Lehtimäki T, Mihailov E, Rose RJ, de Craen AJ, Gieger C, Kähönen M, Perola M, Blankenberg S, Savolainen MJ, Verhoeven A, Viikari J, Willemsen G, Boomsma DI, van Duijn CM, Eriksson J, Jula A, Järvelin MR, Kaprio J, Metspalu A, Raitakari O, Salomaa V, Slagboom PE, Waldenberger M, Ripatti S, Ala-Korpela M.",Nat Commun,2016,10.1038/ncomms11122,27005778,663
Proteomics & metabolomics,primary (research/methods),18,A novel experimental design for comparative two-dimensional gel analysis: two-dimensional difference gel electrophoresis incorporating a pooled internal standard.,"Alban A, David SO, Bjorkesten L, Andersson C, Sloge E, Lewis S, Currie I.",Proteomics,2003,10.1002/pmic.200390006,12548632,643
Proteomics & metabolomics,primary (research/methods),19,"Overview of the HUPO Plasma Proteome Project: results from the pilot phase with 35 collaborating laboratories and multiple analytical groups, generating a core dataset of 3020 proteins and a publicly-available database.","Omenn GS, States DJ, Adamski M, Blackwell TW, Menon R, Hermjakob H, Apweiler R, Haab BB, Simpson RJ, Eddes JS, Kapp EA, Moritz RL, Chan DW, Rai AJ, Admon A, Aebersold R, Eng J, Hancock WS, Hefta SA, Meyer H, Paik YK, Yoo JS, Ping P, Pounds J, Adkins J, Qian X, Wang R, Wasinger V, Wu CY, Zhao X, Zeng R, Archakov A, Tsugita A, Beer I, Pandey A, Pisano M, Andrews P, Tammen H, Speicher DW, Hanash SM.",Proteomics,2005,10.1002/pmic.200500358,16104056,604
Proteomics & metabolomics,primary (research/methods),20,Double-check: validation of diagnostic statistics for PLS-DA models in metabolomics studies.,"Szymańska E, Saccenti E, Smilde AK, Westerhuis JA.",Metabolomics,2012,10.1007/s11306-011-0330-3,22593721,580
Proteomics & metabolomics,primary (research/methods),21,MetaboLights: a resource evolving in response to the needs of its scientific community.,"Haug K, Cochrane K, Nainala VC, Williams M, Chang J, Jayaseelan KV, O'Donovan C.",Nucleic Acids Res,2020,10.1093/nar/gkz1019,31691833,578
Proteomics & metabolomics,primary (research/methods),22,Chromatogram libraries improve peptide detection and quantification by data independent acquisition mass spectrometry.,"Searle BC, Pino LK, Egertson JD, Ting YS, Lawrence RT, MacLean BX, Villén J, MacCoss MJ.",Nat Commun,2018,10.1038/s41467-018-07454-w,30510204,568
Proteomics & metabolomics,primary (research/methods),23,Reverse phase protein array: validation of a novel proteomic technology and utility for analysis of primary leukemia specimens and hematopoietic stem cells.,"Tibes R, Qiu Y, Lu Y, Hennessy B, Andreeff M, Mills GB, Kornblau SM.",Mol Cancer Ther,2006,10.1158/1535-7163.mct-06-0334,17041095,567
Proteomics & metabolomics,primary (research/methods),24,Comparative evaluation of mass spectrometry platforms used in large-scale proteomics investigations.,"Elias JE, Haas W, Faherty BK, Gygi SP.",Nat Methods,2005,10.1038/nmeth785,16118637,554
Proteomics & metabolomics,primary (research/methods),25,Development of a robust and repeatable UPLC-MS method for the long-term metabolomic study of human serum.,"Zelena E, Dunn WB, Broadhurst D, Francis-McIntyre S, Carroll KM, Begley P, O'Hagan S, Knowles JD, Halsall A, HUSERMET Consortium, Wilson ID, Kell DB.",Anal Chem,2009,10.1021/ac8019366,19170513,549
Multi-omics & systems biology,secondary (review),1,Mendelian Randomization: New Applications in the Coming Age of Hypothesis-Free Causality.,"Evans DM, Davey Smith G.",Annu Rev Genomics Hum Genet,2015,10.1146/annurev-genom-090314-050016,25939054,446
Multi-omics & systems biology,secondary (review),2,Applications of multi-omics analysis in human diseases.,"Chen C, Wang J, Pan D, Wang X, Xu Y, Yan J, Wang L, Yang X, Yang M, Liu GP.",MedComm (2020),2023,10.1002/mco2.315,37533767,401
Multi-omics & systems biology,secondary (review),3,The microbe electric: conversion of organic matter to electricity.,Lovley DR.,Curr Opin Biotechnol,2008,10.1016/j.copbio.2008.10.005,19000760,320
Multi-omics & systems biology,secondary (review),4,A Path Toward Precision Medicine for Neuroinflammatory Mechanisms in Alzheimer's Disease.,"Hampel H, Caraci F, Cuello AC, Caruso G, Nisticò R, Corbo M, Baldacci F, Toschi N, Garaci F, Chiesa PA, Verdooner SR, Akman-Anderson L, Hernández F, Ávila J, Emanuele E, Valenzuela PL, Lucía A, Watling M, Imbimbo BP, Vergallo A, Lista S.",Front Immunol,2020,10.3389/fimmu.2020.00456,32296418,281
Multi-omics & systems biology,secondary (review),5,State of the Field in Multi-Omics Research: From Computational Needs to Data Mining and Sharing.,"Krassowski M, Das V, Sahu SK, Misra BB.",Front Genet,2020,10.3389/fgene.2020.610798,33362867,246
Multi-omics & systems biology,secondary (review),6,Artificial intelligence for predictive biomarker discovery in immuno-oncology: a systematic review.,"Prelaj A, Miskovic V, Zanitti M, Trovo F, Genova C, Viscardi G, Rebuzzi SE, Mazzeo L, Provenzano L, Kosta S, Favali M, Spagnoletti A, Castelo-Branco L, Dolezal J, Pearson AT, Lo Russo G, Proto C, Ganzinelli M, Giani C, Ambrosini E, Turajlic S, Au L, Koopman M, Delaloge S, Kather JN, de Braud F, Garassino MC, Pentheroudakis G, Spencer C, Pedrocchi ALG.",Ann Oncol,2024,10.1016/j.annonc.2023.10.125,37879443,220
Multi-omics & systems biology,secondary (review),7,Prospects and challenges of multi-omics data integration in toxicology.,"Canzler S, Schor J, Busch W, Schubert K, Rolle-Kampczyk UE, Seitz H, Kamp H, von Bergen M, Buesen R, Hackermüller J.",Arch Toxicol,2020,10.1007/s00204-020-02656-y,32034435,193
Multi-omics & systems biology,secondary (review),8,A brief history of bioinformatics.,"Gauthier J, Vincent AT, Charette SJ, Derome N.",Brief Bioinform,2019,10.1093/bib/bby063,30084940,181
Multi-omics & systems biology,secondary (review),9,Asthma Metabolomics and the Potential for Integrative Omics in Research and the Clinic.,"Kelly RS, Dahlin A, McGeachie MJ, Qiu W, Sordillo J, Wan ES, Wu AC, Lasky-Su J.",Chest,2017,10.1016/j.chest.2016.10.008,27776981,155
Multi-omics & systems biology,secondary (review),10,Metabolomics and Proteomics in Type 2 Diabetes.,"Chen ZZ, Gerszten RE.",Circ Res,2020,10.1161/circresaha.120.315898,32437301,154
Multi-omics & systems biology,secondary (review),11,"Smart breeding driven by big data, artificial intelligence, and integrated genomic-enviromic prediction.","Xu Y, Zhang X, Li H, Zheng H, Zhang J, Olsen MS, Varshney RK, Prasanna BM, Qian Q.",Mol Plant,2022,10.1016/j.molp.2022.09.001,36081348,152
Multi-omics & systems biology,secondary (review),12,Systems biology: experimental design.,"Kreutz C, Timmer J.",FEBS J,2009,10.1111/j.1742-4658.2008.06843.x,19215298,145
Multi-omics & systems biology,secondary (review),13,Experimental design and quantitative analysis of microbial community multiomics.,"Mallick H, Ma S, Franzosa EA, Vatanen T, Morgan XC, Huttenhower C.",Genome Biol,2017,10.1186/s13059-017-1359-z,29187204,140
Multi-omics & systems biology,secondary (review),14,Synthetic and systems biology for microbial production of commodity chemicals.,"Chubukov V, Mukhopadhyay A, Petzold CJ, Keasling JD, Martín HG.",NPJ Syst Biol Appl,2016,10.1038/npjsba.2016.9,28725470,136
Multi-omics & systems biology,secondary (review),15,Diagnostics and correction of batch effects in large-scale proteomic studies: a tutorial.,"Čuklina J, Čuklina J, Lee CH, Williams EG, Sajic T, Collins BC, Rodríguez Martínez M, Sharma VS, Wendt F, Goetze S, Keele GR, Wollscheid B, Aebersold R, Pedrioli PGA.",Mol Syst Biol,2021,10.15252/msb.202110240,34432947,135
Multi-omics & systems biology,secondary (review),16,Optimization in computational systems biology.,Banga JR.,BMC Syst Biol,2008,10.1186/1752-0509-2-47,18507829,130
Multi-omics & systems biology,secondary (review),17,Computational Approaches and Challenges in Spatial Transcriptomics.,"Fang S, Chen B, Zhang Y, Sun H, Liu L, Liu S, Li Y, Xu X.",Genomics Proteomics Bioinformatics,2023,10.1016/j.gpb.2022.10.001,36252814,124
Multi-omics & systems biology,secondary (review),18,A proteomics sample metadata representation for multiomics integration and big data analysis.,"Dai C, Füllgrabe A, Pfeuffer J, Solovyeva EM, Deng J, Moreno P, Kamatchinathan S, Kundu DJ, George N, Fexova S, Grüning B, Föll MC, Griss J, Vaudel M, Audain E, Locard-Paulet M, Turewicz M, Eisenacher M, Uszkoreit J, Van Den Bossche T, Schwämmle V, Webel H, Schulze S, Bouyssié D, Jayaram S, Duggineni VK, Samaras P, Wilhelm M, Choi M, Wang M, Kohlbacher O, Brazma A, Papatheodorou I, Bandeira N, Deutsch EW, Vizcaíno JA, Bai M, Sachsenberg T, Levitsky LI, Perez-Riverol Y.",Nat Commun,2021,10.1038/s41467-021-26111-3,34615866,116
Multi-omics & systems biology,secondary (review),19,Multi-omics data integration considerations and study design for biological systems and disease.,"Graw S, Chappell K, Washam CL, Gies A, Bird J, Robeson MS, Byrum SD.",Mol Omics,2021,10.1039/d0mo00041h,33347526,116
Multi-omics & systems biology,secondary (review),20,Approaches to Integrating Metabolomics and Multi-Omics Data: A Primer.,Jendoubi T.,Metabolites,2021,10.3390/metabo11030184,33801081,113
Multi-omics & systems biology,secondary (review),21,Metabolomics and Multi-Omics Integration: A Survey of Computational Methods and Resources.,"Eicher T, Kinnebrew G, Patt A, Spencer K, Ying K, Ma Q, Machiraju R, Mathé AEA.",Metabolites,2020,10.3390/metabo10050202,32429287,113
Multi-omics & systems biology,secondary (review),22,"""Omics""-Informed Drug and Biomarker Discovery: Opportunities, Challenges and Future Perspectives.","Matthews H, Hanison J, Nirmalan N.",Proteomes,2016,10.3390/proteomes4030028,28248238,113
Multi-omics & systems biology,secondary (review),23,A technical review of multi-omics data integration methods: from classical statistical to deep generative approaches.,"Baião AR, Cai Z, Poulos RC, Robinson PJ, Reddel RR, Zhong Q, Vinga S, Gonçalves E.",Brief Bioinform,2025,10.1093/bib/bbaf355,40748323,112
Multi-omics & systems biology,secondary (review),24,Deep Learning With Radiomics for Disease Diagnosis and Treatment: Challenges and Potential.,"Zhang X, Zhang Y, Zhang G, Qiu X, Tan W, Yin X, Liao L.",Front Oncol,2022,10.3389/fonc.2022.773840,35251962,109
Multi-omics & systems biology,secondary (review),25,Structural and functional radiomics for lung cancer.,"Wu G, Jochems A, Refaee T, Ibrahim A, Yan C, Sanduleanu S, Woodruff HC, Lambin P.",Eur J Nucl Med Mol Imaging,2021,10.1007/s00259-021-05242-1,33693966,106
Multi-omics & systems biology,primary (research/methods),1,Multivariable association discovery in population-scale meta-omics studies.,"Mallick H, Rahnavard A, McIver LJ, Ma S, Zhang Y, Nguyen LH, Tickle TL, Weingart G, Ren B, Schwager EH, Chatterjee S, Thompson KN, Wilkinson JE, Subramanian A, Lu Y, Waldron L, Paulson JN, Franzosa EA, Bravo HC, Huttenhower C.",PLoS Comput Biol,2021,10.1371/journal.pcbi.1009442,34784344,2286
Multi-omics & systems biology,primary (research/methods),2,MetaboAnalyst 3.0--making metabolomics more meaningful.,"Xia J, Sinelnikov IV, Han B, Wishart DS.",Nucleic Acids Res,2015,10.1093/nar/gkv380,25897128,2086
Multi-omics & systems biology,primary (research/methods),3,Using MetaboAnalyst 4.0 for Comprehensive and Integrative Metabolomics Data Analysis.,"Chong J, Wishart DS, Xia J.",Curr Protoc Bioinformatics,2019,10.1002/cpbi.86,31756036,1617
Multi-omics & systems biology,primary (research/methods),4,Creation and analysis of biochemical constraint-based models using the COBRA Toolbox v.3.0.,"Heirendt L, Arreckx S, Pfau T, Mendoza SN, Richelle A, Heinken A, Haraldsdóttir HS, Wachowiak J, Keating SM, Vlasov V, Magnusdóttir S, Ng CY, Preciat G, Žagare A, Chan SHJ, Aurich MK, Clancy CM, Modamio J, Sauls JT, Noronha A, Bordbar A, Cousins B, El Assal DC, Valcarcel LV, Apaolaza I, Ghaderi S, Ahookhosh M, Ben Guebila M, Kostromins A, Sompairac N, Le HM, Ma D, Sun Y, Wang L, Yurkovich JT, Oliveira MAP, Vuong PT, El Assal LP, Kuperstein I, Zinovyev A, Hinton HS, Bryant WA, Aragón Artacho FJ, Planes FJ, Stalidzans E, Maass A, Vempala S, Hucka M, Saunders MA, Maranas CD, Lewis NE, Sauter T, Palsson BØ, Thiele I, Fleming RMT.",Nat Protoc,2019,10.1038/s41596-018-0098-2,30787451,1024
Multi-omics & systems biology,primary (research/methods),5,FLEXBAR-Flexible Barcode and Adapter Processing for Next-Generation Sequencing Platforms.,"Dodt M, Roehr JT, Ahmed R, Dieterich C.",Biology (Basel),2012,10.3390/biology1030895,24832523,575
Multi-omics & systems biology,primary (research/methods),6,MetaboAnalystR 3.0: Toward an Optimized Workflow for Global Metabolomics.,"Pang Z, Chong J, Li S, Xia J.",Metabolites,2020,10.3390/metabo10050186,32392884,441
Multi-omics & systems biology,primary (research/methods),7,metilene: fast and sensitive calling of differentially methylated regions from bisulfite sequencing data.,"Jühling F, Kretzmer H, Bernhart SH, Otto C, Stadler PF, Hoffmann S.",Genome Res,2016,10.1101/gr.196394.115,26631489,436
Multi-omics & systems biology,primary (research/methods),8,Within-day reproducibility of an HPLC-MS-based method for metabonomic analysis: application to human urine.,"Gika HG, Theodoridis GA, Wingate JE, Wilson ID.",J Proteome Res,2007,10.1021/pr070183p,17625818,399
Multi-omics & systems biology,primary (research/methods),9,A transcriptomic and epigenomic cell atlas of the mouse primary motor cortex.,"Yao Z, Liu H, Xie F, Fischer S, Adkins RS, Aldridge AI, Ament SA, Bartlett A, Behrens MM, Van den Berge K, Bertagnolli D, de Bézieux HR, Biancalani T, Booeshaghi AS, Bravo HC, Casper T, Colantuoni C, Crabtree J, Creasy H, Crichton K, Crow M, Dee N, Dougherty EL, Doyle WI, Dudoit S, Fang R, Felix V, Fong O, Giglio M, Goldy J, Hawrylycz M, Herb BR, Hertzano R, Hou X, Hu Q, Kancherla J, Kroll M, Lathia K, Li YE, Lucero JD, Luo C, Mahurkar A, McMillen D, Nadaf NM, Nery JR, Nguyen TN, Niu SY, Ntranos V, Orvis J, Osteen JK, Pham T, Pinto-Duarte A, Poirion O, Preissl S, Purdom E, Rimorin C, Risso D, Rivkin AC, Smith K, Street K, Sulc J, Svensson V, Tieu M, Torkelson A, Tung H, Vaishnav ED, Vanderburg CR, van Velthoven C, Wang X, White OR, Huang ZJ, Kharchenko PV, Pachter L, Ngai J, Regev A, Tasic B, Welch JD, Gillis J, Macosko EZ, Ren B, Ecker JR, Zeng H, Mukamel EA.",Nature,2021,10.1038/s41586-021-03500-8,34616066,386
Multi-omics & systems biology,primary (research/methods),10,"Label-free, normalized quantification of complex mass spectrometry data for proteomic analysis.","Griffin NM, Yu J, Long F, Oh P, Shore S, Li Y, Koziol JA, Schnitzer JE.",Nat Biotechnol,2010,10.1038/nbt.1592,20010810,308
Multi-omics & systems biology,primary (research/methods),11,Multi-Omics Profiling Reveals Distinct Microenvironment Characterization and Suggests Immune Escape Mechanisms of Triple-Negative Breast Cancer.,"Xiao Y, Ma D, Zhao S, Suo C, Shi J, Xue MZ, Ruan M, Wang H, Zhao J, Li Q, Wang P, Shi L, Yang WT, Huang W, Hu X, Yu KD, Huang S, Bertucci F, Jiang YZ, Shao ZM, AME Breast Cancer Collaborative Group.",Clin Cancer Res,2019,10.1158/1078-0432.ccr-18-3524,30837276,295
Multi-omics & systems biology,primary (research/methods),12,Discovery of meaningful associations in genomic data using partial correlation coefficients.,"de la Fuente A, Bing N, Hoeschele I, Mendes P.",Bioinformatics,2004,10.1093/bioinformatics/bth445,15284096,284
Multi-omics & systems biology,primary (research/methods),13,A 12-gene set predicts survival benefits from adjuvant chemotherapy in non-small cell lung cancer patients.,"Tang H, Xiao G, Behrens C, Schiller J, Allen J, Chow CW, Suraokar M, Corvalan A, Mao J, White MA, Wistuba II, Minna JD, Xie Y.",Clin Cancer Res,2013,10.1158/1078-0432.ccr-12-2321,23357979,247
Multi-omics & systems biology,primary (research/methods),14,An integrated workflow for charting the human interaction proteome: insights into the PP2A system.,"Glatter T, Wepf A, Aebersold R, Gstaiger M.",Mol Syst Biol,2009,10.1038/msb.2008.75,19156129,234
Multi-omics & systems biology,primary (research/methods),15,A data integration methodology for systems biology.,"Hwang D, Rust AG, Ramsey S, Smith JJ, Leslie DM, Weston AD, de Atauri P, Aitchison JD, Hood L, Siegel AF, Bolouri H.",Proc Natl Acad Sci U S A,2005,10.1073/pnas.0508647102,16301537,232
Multi-omics & systems biology,primary (research/methods),16,Comparative analysis of the primary transcriptome of Synechocystis sp. PCC 6803.,"Kopf M, Klähn S, Scholz I, Matthiessen JK, Hess WR, Voß B.",DNA Res,2014,10.1093/dnares/dsu018,24935866,224
Multi-omics & systems biology,primary (research/methods),17,"MPLEx: a Robust and Universal Protocol for Single-Sample Integrative Proteomic, Metabolomic, and Lipidomic Analyses.","Nakayasu ES, Nicora CD, Sims AC, Burnum-Johnson KE, Kim YM, Kyle JE, Matzke MM, Shukla AK, Chu RK, Schepmoes AA, Jacobs JM, Baric RS, Webb-Robertson BJ, Smith RD, Metz TO.",mSystems,2016,10.1128/msystems.00043-16,27822525,215
Multi-omics & systems biology,primary (research/methods),18,Interrogating the topological robustness of gene regulatory circuits by randomization.,"Huang B, Lu M, Jia D, Ben-Jacob E, Levine H, Onuchic JN.",PLoS Comput Biol,2017,10.1371/journal.pcbi.1005456,28362798,171
Multi-omics & systems biology,primary (research/methods),19,"Oxidative stress gene expression, DNA methylation, and gut microbiota interaction trigger Crohn's disease: a multi-omics Mendelian randomization study.","Xu S, Li X, Zhang S, Qi C, Zhang Z, Ma R, Xiang L, Chen L, Zhu Y, Tang C, Bourgonje AR, Li M, He Y, Zeng Z, Hu S, Feng R, Chen M.",BMC Med,2023,10.1186/s12916-023-02878-8,37170220,170
Multi-omics & systems biology,primary (research/methods),20,"A systems BIOlogy Study to TAilored Treatment in Chronic Heart Failure: rationale, design, and baseline characteristics of BIOSTAT-CHF.","Voors AA, Anker SD, Cleland JG, Dickstein K, Filippatos G, van der Harst P, Hillege HL, Lang CC, Ter Maaten JM, Ng L, Ponikowski P, Samani NJ, van Veldhuisen DJ, Zannad F, Zwinderman AH, Metra M.",Eur J Heart Fail,2016,10.1002/ejhf.531,27126231,170
Multi-omics & systems biology,primary (research/methods),21,Targeted quantitative analysis of Streptococcus pyogenes virulence factors by multiple reaction monitoring.,"Lange V, Malmström JA, Didion J, King NL, Johansson BP, Schäfer J, Rameseder J, Wong CH, Deutsch EW, Brusniak MY, Bühlmann P, Björck L, Domon B, Aebersold R.",Mol Cell Proteomics,2008,10.1074/mcp.m800032-mcp200,18408245,166
Multi-omics & systems biology,primary (research/methods),22,Chromatin accessibility profiling methods.,"Minnoye L, Marinov GK, Krausgruber T, Pan L, Marand AP, Secchia S, Greenleaf WJ, Furlong EEM, Zhao K, Schmitz RJ, Bock C, Aerts S.",Nat Rev Methods Primers,2021,10.1038/s43586-020-00008-9,38410680,161
Multi-omics & systems biology,primary (research/methods),23,OpenFLUX: efficient modelling software for 13C-based metabolic flux analysis.,"Quek LE, Wittmann C, Nielsen LK, Krömer JO.",Microb Cell Fact,2009,10.1186/1475-2859-8-25,19409084,161
Multi-omics & systems biology,primary (research/methods),24,Benchmarking joint multi-omics dimensionality reduction approaches for the study of cancer.,"Cantini L, Zakeri P, Hernandez C, Naldi A, Thieffry D, Remy E, Baudot A.",Nat Commun,2021,10.1038/s41467-020-20430-7,33402734,153
Multi-omics & systems biology,primary (research/methods),25,Epigenome-Wide Association Study Identifies Cardiac Gene Patterning and a Novel Class of Biomarkers for Heart Failure.,"Meder B, Haas J, Sedaghat-Hamedani F, Kayvanpour E, Frese K, Lai A, Nietsch R, Scheiner C, Mester S, Bordalo DM, Amr A, Dietrich C, Pils D, Siede D, Hund H, Bauer A, Holzer DB, Ruhparwar A, Mueller-Hennessen M, Weichenhan D, Plass C, Weis T, Backs J, Wuerstle M, Keller A, Katus HA, Posch AE.",Circulation,2017,10.1161/circulationaha.117.027355,28838933,153
Functional genomics screens,secondary (review),1,Applications of multi-omics analysis in human diseases.,"Chen C, Wang J, Pan D, Wang X, Xu Y, Yan J, Wang L, Yang X, Yang M, Liu GP.",MedComm (2020),2023,10.1002/mco2.315,37533767,401
Functional genomics screens,secondary (review),2,"New approach methodologies in human regulatory toxicology - Not if, but how and when!","Schmeisser S, Miccoli A, von Bergen M, Berggren E, Braeuning A, Busch W, Desaintes C, Gourmelon A, Grafström R, Harrill J, Hartung T, Herzler M, Kass GEN, Kleinstreuer N, Leist M, Luijten M, Marx-Stoelting P, Poetz O, van Ravenzwaay B, Roggeband R, Rogiers V, Roth A, Sanders P, Thomas RS, Marie Vinggaard A, Vinken M, van de Water B, Luch A, Tralau T.",Environ Int,2023,10.1016/j.envint.2023.108082,37422975,245
Functional genomics screens,secondary (review),3,Cell-based assays for high-throughput screening.,"An WF, Tolliday N.",Mol Biotechnol,2010,10.1007/s12033-010-9251-z,20151227,133
Functional genomics screens,secondary (review),4,Automated reconstruction of neuronal morphology: an overview.,"Donohue DE, Ascoli GA.",Brain Res Rev,2011,10.1016/j.brainresrev.2010.11.003,21118703,103
Functional genomics screens,secondary (review),5,Enhancing reproducibility in cancer drug screening: how do we move forward?,"Hatzis C, Bedard PL, Birkbak NJ, Beck AH, Aerts HJ, Stem DF, Shi L, Clarke R, Quackenbush J, Haibe-Kains B.",Cancer Res,2014,10.1158/0008-5472.can-14-0725,25015668,90
Functional genomics screens,secondary (review),6,Fragment-based lead discovery and design.,"Joseph-McCarthy D, Campbell AJ, Kern G, Moustakas D.",J Chem Inf Model,2014,10.1021/ci400731w,24490951,90
Functional genomics screens,secondary (review),7,Assays for α-synuclein aggregation.,"Giehm L, Lorenzen N, Otzen DE.",Methods,2011,10.1016/j.ymeth.2010.12.008,21163351,90
Functional genomics screens,secondary (review),8,Lab-on-a-chip devices as an emerging platform for stem cell biology.,"Gupta K, Kim DH, Ellison D, Smith C, Kundu A, Tuan J, Suh KY, Levchenko A.",Lab Chip,2010,10.1039/c004689b,20556297,88
Functional genomics screens,secondary (review),9,"AI energized hydrogel design, optimization and application in biomedicine.","Li Z, Song P, Li G, Han Y, Ren X, Bai L, Su J.",Mater Today Bio,2024,10.1016/j.mtbio.2024.101014,38464497,84
Functional genomics screens,secondary (review),10,High-throughput PBTK models for &lt;i&gt;in vitro&lt;/i&gt; to &lt;i&gt;in vivo&lt;/i&gt; extrapolation.,"Breen M, Ring CL, Kreutz A, Goldsmith MR, Wambaugh JF.",Expert Opin Drug Metab Toxicol,2021,10.1080/17425255.2021.1935867,34056988,65
Functional genomics screens,secondary (review),11,Paradigm shift in toxicity testing and modeling.,"Sun H, Xia M, Austin CP, Huang R.",AAPS J,2012,10.1208/s12248-012-9358-1,22528508,57
Functional genomics screens,secondary (review),12,Synthetic antimicrobial peptides as agricultural pesticides for plant-disease control.,"Montesinos E, Bardají E.",Chem Biodivers,2008,10.1002/cbdv.200890111,18649311,57
Functional genomics screens,secondary (review),13,Application of self-assembly techniques in the design of biocompatible protein microarray surfaces.,"Schaeferling M, Schiller S, Paul H, Kruschina M, Pavlickova P, Meerkamp M, Giammasi C, Kambhampati D.",Electrophoresis,2002,10.1002/1522-2683(200209)23:18<3097::aid-elps3097>3.0.co;2-g,12298082,57
Functional genomics screens,secondary (review),14,Capillary electrophoresis-based single strand DNA conformation analysis in high-throughput mutation screening.,"Andersen PS, Jespersgaard C, Vuust J, Christiansen M, Larsen LA.",Hum Mutat,2003,10.1002/humu.10169,12673787,56
Functional genomics screens,secondary (review),15,The future of crystallography in drug discovery.,"Zheng H, Hou J, Zimmerman MD, Wlodawer A, Minor W.",Expert Opin Drug Discov,2014,10.1517/17460441.2014.872623,24372145,55
Functional genomics screens,secondary (review),16,Drug affinity to immobilized target bio-polymers by high-performance liquid chromatography and capillary electrophoresis.,"Bertucci C, Bartolini M, Gotti R, Andrisano V.",J Chromatogr B Analyt Technol Biomed Life Sci,2003,10.1016/j.jchromb.2003.08.033,14630146,49
Functional genomics screens,secondary (review),17,"Human Brain Organoids-on-Chip: Advances, Challenges, and Perspectives for Preclinical Applications.","Castiglione H, Vigneron PA, Baquerre C, Yates F, Rontard J, Honegger T.",Pharmaceutics,2022,10.3390/pharmaceutics14112301,36365119,44
Functional genomics screens,secondary (review),18,Biomarker discovery in infectious diseases using SELDI.,"Hodgetts A, Levin M, Kroll JS, Langford PR.",Future Microbiol,2007,10.2217/17460913.2.1.35,17661674,37
Functional genomics screens,secondary (review),19,Recent advances for using human induced-pluripotent stem cells as pain-in-a-dish models of neuropathic pain.,"Labau JIR, Andelic M, Faber CG, Waxman SG, Lauria G, Dib-Hajj SD.",Exp Neurol,2022,10.1016/j.expneurol.2022.114223,36100046,34
Functional genomics screens,secondary (review),20,"Non-clinical studies required for new drug development - Part I: early in silico and in vitro studies, new target discovery and validation, proof of principles and robustness of animal studies.","Andrade EL, Bento AF, Cavalli J, Oliveira SK, Freitas CS, Marcon R, Schwanke RC, Siqueira JM, Calixto JB.",Braz J Med Biol Res,2016,10.1590/1414-431x20165644,27783811,34
Functional genomics screens,secondary (review),21,Detecting and overcoming systematic bias in high-throughput screening technologies: a comprehensive review of practical issues and methodological solutions.,"Caraus I, Alsuwailem AA, Nadon R, Makarenkov V.",Brief Bioinform,2015,10.1093/bib/bbv004,25750417,34
Functional genomics screens,secondary (review),22,iPSC-derived neurons as a higher-throughput readout for autism: promises and pitfalls.,"Prilutsky D, Palmer NP, Smedemark-Margulies N, Schlaeger TM, Margulies DM, Kohane IS.",Trends Mol Med,2014,10.1016/j.molmed.2013.11.004,24374161,34
Functional genomics screens,secondary (review),23,Recent advancement in application of hydrophobic interaction chromatography for aggregate removal in industrial purification process.,"Lu Y, Williamson B, Gillespie R.",Curr Pharm Biotechnol,2009,10.2174/138920109788488897,19519419,32
Functional genomics screens,secondary (review),24,ToxRefDB v2.1: update to curated &lt;i&gt;in vivo&lt;/i&gt; study data in the Toxicity Reference Database.,"Feshuk M, Kolaczkowski L, Watford S, Paul Friedman K.",Front Toxicol,2023,10.3389/ftox.2023.1260305,37753522,29
Functional genomics screens,secondary (review),25,Introduction: cell-based assays for high-throughput screening.,"An WF, Tolliday NJ.",Methods Mol Biol,2009,10.1007/978-1-60327-545-3_1,19347612,29
Functional genomics screens,primary (research/methods),1,High-throughput screening using patient-derived tumor xenografts to predict clinical trial drug response.,"Gao H, Korn JM, Ferretti S, Monahan JE, Wang Y, Singh M, Zhang C, Schnell C, Yang G, Zhang Y, Balbin OA, Barbe S, Cai H, Casey F, Chatterjee S, Chiang DY, Chuai S, Cogan SM, Collins SD, Dammassa E, Ebel N, Embry M, Green J, Kauffmann A, Kowal C, Leary RJ, Lehar J, Liang Y, Loo A, Lorenzana E, Robert McDonald E, McLaughlin ME, Merkin J, Meyer R, Naylor TL, Patawaran M, Reddy A, Röelli C, Ruddy DA, Salangsang F, Santacroce F, Singh AP, Tang Y, Tinetto W, Tobler S, Velazquez R, Venkatesan K, Von Arx F, Wang HQ, Wang Z, Wiesmann M, Wyss D, Xu F, Bitter H, Atadja P, Lees E, Hofmann F, Li E, Keen N, Cozens R, Jensen MR, Pryer NK, Williams JA, Sellers WR.",Nat Med,2015,10.1038/nm.3954,26479923,1092
Functional genomics screens,primary (research/methods),2,High throughput artificial membrane permeability assay for blood-brain barrier.,"Di L, Kerns EH, Fan K, McConnell OJ, Carter GT.",Eur J Med Chem,2003,10.1016/s0223-5234(03)00012-6,12667689,900
Functional genomics screens,primary (research/methods),3,Integrative analysis of pooled CRISPR genetic screens using MAGeCKFlute.,"Wang B, Wang M, Zhang W, Xiao T, Chen CH, Wu A, Wu F, Traugh N, Wang X, Li Z, Mei S, Cui Y, Shi S, Lipp JJ, Hinterndorfer M, Zuber J, Brown M, Li W, Liu XS.",Nat Protoc,2019,10.1038/s41596-018-0113-7,30710114,461
Functional genomics screens,primary (research/methods),4,Lipid bilayer formation by contacting monolayers in a microfluidic device for membrane protein analysis.,"Funakoshi K, Suzuki H, Takeuchi S.",Anal Chem,2006,10.1021/ac0613479,17165804,288
Functional genomics screens,primary (research/methods),5,"Limitations of the 3-(4,5-dimethylthiazol-2-yl)-2,5-diphenyl-2H-tetrazolium bromide (MTT) assay when compared to three commonly used cell enumeration assays.","van Tonder A, Joubert AM, Cromarty AD.",BMC Res Notes,2015,10.1186/s13104-015-1000-8,25884200,279
Functional genomics screens,primary (research/methods),6,Predicting cellular responses to complex perturbations in high-throughput screens.,"Lotfollahi M, Klimovskaia Susmelj A, De Donno C, Hetzel L, Ji Y, Ibarra IL, Srivatsan SR, Naghipourfar M, Daza RM, Martin B, Shendure J, McFaline-Figueroa JL, Boyeau P, Wolf FA, Yakubova N, Günnemann S, Trapnell C, Lopez-Paz D, Theis FJ.",Mol Syst Biol,2023,10.15252/msb.202211517,37154091,274
Functional genomics screens,primary (research/methods),7,High-throughput micro plate assays for screening flavonoid content and DPPH-scavenging activity in sorghum bran and flour.,"Herald TJ, Gadgil P, Tilley M.",J Sci Food Agric,2012,10.1002/jsfa.5633,22419130,202
Functional genomics screens,primary (research/methods),8,Methods for High-throughput Drug Combination Screening and Synergy Scoring.,"He L, Kulesskiy E, Saarela J, Turunen L, Wennerberg K, Aittokallio T, Tang J.",Methods Mol Biol,2018,10.1007/978-1-4939-7493-1_17,29344898,183
Functional genomics screens,primary (research/methods),9,High-throughput cell-based screening of 4910 known drugs and drug-like small molecules identifies disulfiram as an inhibitor of prostate cancer cell growth.,"Iljin K, Ketola K, Vainio P, Halonen P, Kohonen P, Fey V, Grafström RC, Perälä M, Kallioniemi O.",Clin Cancer Res,2009,10.1158/1078-0432.ccr-09-1035,19789329,181
Functional genomics screens,primary (research/methods),10,"Multiplexing spheroid volume, resazurin and acid phosphatase viability assays for high-throughput screening of tumour spheroids and stem cell neurospheres.","Ivanov DP, Parker TL, Walker DA, Alexander C, Ashford MB, Gellert PR, Garnett MC.",PLoS One,2014,10.1371/journal.pone.0103817,25119185,178
Functional genomics screens,primary (research/methods),11,A glomerulus-on-a-chip to recapitulate the human glomerular filtration barrier.,"Petrosyan A, Cravedi P, Villani V, Angeletti A, Manrique J, Renieri A, De Filippo RE, Perin L, Da Sacco S.",Nat Commun,2019,10.1038/s41467-019-11577-z,31409793,168
Functional genomics screens,primary (research/methods),12,Chemical genomics profiling of environmental chemical modulation of human nuclear receptors.,"Huang R, Xia M, Cho MH, Sakamuru S, Shinn P, Houck KA, Dix DJ, Judson RS, Witt KL, Kavlock RJ, Tice RR, Austin CP.",Environ Health Perspect,2011,10.1289/ehp.1002952,21543282,168
Functional genomics screens,primary (research/methods),13,Primary cultures of brain microvessel endothelial cells: a valid and flexible model to study drug transport through the blood-brain barrier in vitro.,"Franke H, Galla H, Beuckmann CT.",Brain Res Brain Res Protoc,2000,10.1016/s1385-299x(00)00020-9,10906490,163
Functional genomics screens,primary (research/methods),14,High-Throughput Transcriptomics Platform for Screening Environmental Chemicals.,"Harrill JA, Everett LJ, Haggard DE, Sheffield T, Bundy JL, Willis CM, Thomas RS, Shah I, Judson RS.",Toxicol Sci,2021,10.1093/toxsci/kfab009,33538836,151
Functional genomics screens,primary (research/methods),15,Survey of acyclovir-resistant herpes simplex virus in the Netherlands: prevalence and characterization.,"Stránská R, Schuurman R, Nienhuis E, Goedegebuure IW, Polman M, Weel JF, Wertheim-Van Dillen PM, Berkhout RJ, van Loon AM.",J Clin Virol,2005,10.1016/j.jcv.2004.04.002,15572000,150
Functional genomics screens,primary (research/methods),16,High-throughput screening of chromatographic separations: I. Method development and column modeling.,"Coffman JL, Kramarczyk JF, Kelley BD.",Biotechnol Bioeng,2008,10.1002/bit.21904,18496874,133
Functional genomics screens,primary (research/methods),17,A centrifugation cell adhesion assay for high-throughput screening of biomaterial surfaces.,"Reyes CD, García AJ.",J Biomed Mater Res A,2003,10.1002/jbm.a.10122,14517892,130
Functional genomics screens,primary (research/methods),18,High-throughput screening for developability during early-stage antibody discovery using self-interaction nanoparticle spectroscopy.,"Liu Y, Caffry I, Wu J, Geng SB, Jain T, Sun T, Reid F, Cao Y, Estep P, Yu Y, Vásquez M, Tessier PM, Xu Y.",MAbs,2014,10.4161/mabs.27431,24492294,126
Functional genomics screens,primary (research/methods),19,Combined MEK and PI3K inhibition in a mouse model of pancreatic cancer.,"Alagesan B, Contino G, Guimaraes AR, Corcoran RB, Deshpande V, Wojtkiewicz GR, Hezel AF, Wong KK, Loda M, Weissleder R, Benes CH, Engelman J, Bardeesy N.",Clin Cancer Res,2015,10.1158/1078-0432.ccr-14-1591,25348516,124
Functional genomics screens,primary (research/methods),20,PLATE-Seq for genome-wide regulatory network analysis of high-throughput screens.,"Bush EC, Ray F, Alvarez MJ, Realubit R, Li H, Karan C, Califano A, Sims PA.",Nat Commun,2017,10.1038/s41467-017-00136-z,28740083,117
Functional genomics screens,primary (research/methods),21,Lactate dehydrogenase B is required for the growth of KRAS-dependent lung adenocarcinomas.,"McCleland ML, Adler AS, Deming L, Cosino E, Lee L, Blackwood EM, Solon M, Tao J, Li L, Shames D, Jackson E, Forrest WF, Firestein R.",Clin Cancer Res,2013,10.1158/1078-0432.ccr-12-2638,23224736,116
Functional genomics screens,primary (research/methods),22,Assay Establishment and Validation of a High-Throughput Screening Platform for Three-Dimensional Patient-Derived Colon Cancer Organoid Cultures.,"Boehnke K, Iversen PW, Schumacher D, Lallena MJ, Haro R, Amat J, Haybaeck J, Liebs S, Lange M, Schäfer R, Regenbrecht CR, Reinhard C, Velasco JA.",J Biomol Screen,2016,10.1177/1087057116650965,27233291,111
Functional genomics screens,primary (research/methods),23,Application of WST-8 based colorimetric NAD(P)H detection for quantitative dehydrogenase assays.,"Chamchoy K, Pakotiprapha D, Pumirat P, Leartsakulpanich U, Boonyuen U.",BMC Biochem,2019,10.1186/s12858-019-0108-1,30961528,108
Functional genomics screens,primary (research/methods),24,Development of a novel peptide microarray for large-scale epitope mapping of food allergens.,"Lin J, Bardina L, Shreffler WG, Andreae DA, Ge Y, Wang J, Bruni FM, Fu Z, Han Y, Sampson HA.",J Allergy Clin Immunol,2009,10.1016/j.jaci.2009.05.024,19577281,103
Functional genomics screens,primary (research/methods),25,TP53 Pathway Alterations Drive Radioresistance in Diffuse Intrinsic Pontine Gliomas (DIPG).,"Werbrouck C, Evangelista CCS, Lobón-Iglesias MJ, Barret E, Le Teuff G, Merlevede J, Brusini R, Kergrohen T, Mondini M, Bolle S, Varlet P, Beccaria K, Boddaert N, Puget S, Grill J, Debily MA, Castel D.",Clin Cancer Res,2019,10.1158/1078-0432.ccr-19-0126,31481512,100
Bioinformatics & computational biology,secondary (review),1,A survey of best practices for RNA-seq data analysis.,"Conesa A, Madrigal P, Tarazona S, Gomez-Cabrero D, Cervera A, McPherson A, Szcześniak MW, Gaffney DJ, Elo LL, Zhang X, Mortazavi A.",Genome Biol,2016,10.1186/s13059-016-0881-8,26813401,1485
Bioinformatics & computational biology,secondary (review),2,Protein biomarker discovery and validation: the long and uncertain path to clinical utility.,"Rifai N, Gillette MA, Carr SA.",Nat Biotechnol,2006,10.1038/nbt1235,16900146,1301
Bioinformatics & computational biology,secondary (review),3,Single-Cell RNA-Seq Technologies and Related Computational Data Analysis.,"Chen G, Ning B, Shi T.",Front Genet,2019,10.3389/fgene.2019.00317,31024627,718
Bioinformatics & computational biology,secondary (review),4,Polymyxin B for the treatment of multidrug-resistant pathogens: a critical review.,"Zavascki AP, Goldani LZ, Li J, Nation RL.",J Antimicrob Chemother,2007,10.1093/jac/dkm357,17878146,616
Bioinformatics & computational biology,secondary (review),5,Deep learning-based electroencephalography analysis: a systematic review.,"Roy Y, Banville H, Albuquerque I, Gramfort A, Falk TH, Faubert J.",J Neural Eng,2019,10.1088/1741-2552/ab260c,31151119,543
Bioinformatics & computational biology,secondary (review),6,Metagenomics - a guide from sampling to data analysis.,"Thomas T, Gilbert J, Meyer F.",Microb Inform Exp,2012,10.1186/2042-5783-2-3,22587947,490
Bioinformatics & computational biology,secondary (review),7,The emergence of adaptive laboratory evolution as an efficient tool for biological discovery and industrial biotechnology.,"Sandberg TE, Salazar MJ, Weng LL, Palsson BO, Feist AM.",Metab Eng,2019,10.1016/j.ymben.2019.08.004,31401242,375
Bioinformatics & computational biology,secondary (review),8,Dosing extracellular vesicles.,"Gupta D, Zickler AM, El Andaloussi S.",Adv Drug Deliv Rev,2021,10.1016/j.addr.2021.113961,34481030,335
Bioinformatics & computational biology,secondary (review),9,Multi-echo fMRI: A review of applications in fMRI denoising and analysis of BOLD signals.,"Kundu P, Voon V, Balchandani P, Lombardo MV, Poser BA, Bandettini PA.",Neuroimage,2017,10.1016/j.neuroimage.2017.03.033,28363836,285
Bioinformatics & computational biology,secondary (review),10,"Specific miRNA Disease Biomarkers in Blood, Serum and Plasma: Challenges and Prospects.","Backes C, Meese E, Keller A.",Mol Diagn Ther,2016,10.1007/s40291-016-0221-4,27378479,265
Bioinformatics & computational biology,secondary (review),11,Improving reporting standards for polygenic scores in risk prediction studies.,"Wand H, Lambert SA, Tamburro C, Iacocca MA, O'Sullivan JW, Sillari C, Kullo IJ, Rowley R, Dron JS, Brockman D, Venner E, McCarthy MI, Antoniou AC, Easton DF, Hegele RA, Khera AV, Chatterjee N, Kooperberg C, Edwards K, Vlessis K, Kinnear K, Danesh JN, Parkinson H, Ramos EM, Roberts MC, Ormond KE, Khoury MJ, Janssens ACJW, Goddard KAB, Kraft P, MacArthur JAL, Inouye M, Wojcik GL.",Nature,2021,10.1038/s41586-021-03243-6,33692554,264
Bioinformatics & computational biology,secondary (review),12,A review on mass spectrometry-based quantitative proteomics: Targeted and data independent acquisition.,"Vidova V, Spacil Z.",Anal Chim Acta,2017,10.1016/j.aca.2017.01.059,28351641,258
Bioinformatics & computational biology,secondary (review),13,Driven by Mutations: The Predictive Value of Mutation Subtype in EGFR-Mutated Non-Small Cell Lung Cancer.,"Castellanos E, Feld E, Horn L.",J Thorac Oncol,2017,10.1016/j.jtho.2016.12.014,28017789,255
Bioinformatics & computational biology,secondary (review),14,On the development of plasma protein biomarkers.,"Surinova S, Schiess R, Hüttenhain R, Cerciello F, Wollscheid B, Aebersold R.",J Proteome Res,2011,10.1021/pr1008515,21142170,248
Bioinformatics & computational biology,secondary (review),15,State of the Field in Multi-Omics Research: From Computational Needs to Data Mining and Sharing.,"Krassowski M, Das V, Sahu SK, Misra BB.",Front Genet,2020,10.3389/fgene.2020.610798,33362867,246
Bioinformatics & computational biology,secondary (review),16,Amorphous solid dispersions: Rational selection of a manufacturing process.,"Vasconcelos T, Marques S, das Neves J, Sarmento B.",Adv Drug Deliv Rev,2016,10.1016/j.addr.2016.01.012,26826438,237
Bioinformatics & computational biology,secondary (review),17,Robust Nucleus/Cell Detection and Segmentation in Digital Pathology and Microscopy Images: A Comprehensive Review.,"Xing F, Yang L.",IEEE Rev Biomed Eng,2016,10.1109/rbme.2016.2515127,26742143,213
Bioinformatics & computational biology,secondary (review),18,Sequencing quality assessment tools to enable data-driven informatics for high throughput genomics.,"Leggett RM, Ramirez-Gonzalez RH, Clavijo BJ, Waite D, Davey RP.",Front Genet,2013,10.3389/fgene.2013.00288,24381581,212
Bioinformatics & computational biology,secondary (review),19,"The human gut microbiome: current knowledge, challenges, and future directions.","Dave M, Higgins PD, Middha S, Rioux KP.",Transl Res,2012,10.1016/j.trsl.2012.05.003,22683238,208
Bioinformatics & computational biology,secondary (review),20,Mass Spectrometry-Based Plasma Proteomics: Considerations from Sample Collection to Achieving Translational Data.,"Ignjatovic V, Geyer PE, Palaniappan KK, Chaaban JE, Omenn GS, Baker MS, Deutsch EW, Schwenk JM.",J Proteome Res,2019,10.1021/acs.jproteome.9b00503,31573204,204
Bioinformatics & computational biology,secondary (review),21,Impact of clinical registries on quality of patient care and clinical outcomes: A systematic review.,"Hoque DME, Kumari V, Hoque M, Ruseckaite R, Romero L, Evans SM.",PLoS One,2017,10.1371/journal.pone.0183667,28886607,201
Bioinformatics & computational biology,secondary (review),22,MALDI TOF MS profiling of bacteria at the strain level: a review.,"Sandrin TR, Goldstein JE, Schumaker S.",Mass Spectrom Rev,2013,10.1002/mas.21359,22996584,196
Bioinformatics & computational biology,secondary (review),23,Technical advances in proteomics: new developments in data-independent acquisition.,"Hu A, Noble WS, Wolf-Yadlin A.",F1000Res,2016,10.12688/f1000research.7042.1,27092249,193
Bioinformatics & computational biology,secondary (review),24,GiA Roots: software for the high throughput analysis of plant root system architecture.,"Galkovskyi T, Mileyko Y, Bucksch A, Moore B, Symonova O, Price CA, Topp CN, Iyer-Pascuzzi AS, Zurek PR, Fang S, Harer J, Benfey PN, Weitz JS.",BMC Plant Biol,2012,10.1186/1471-2229-12-116,22834569,192
Bioinformatics & computational biology,secondary (review),25,The Road to Metagenomics: From Microbiology to DNA Sequencing Technologies and Bioinformatics.,"Escobar-Zepeda A, Vera-Ponce de León A, Sanchez-Flores A.",Front Genet,2015,10.3389/fgene.2015.00348,26734060,188
Bioinformatics & computational biology,primary (research/methods),1,Bioconductor: open software development for computational biology and bioinformatics.,"Gentleman RC, Carey VJ, Bates DM, Bolstad B, Dettling M, Dudoit S, Ellis B, Gautier L, Ge Y, Gentry J, Hornik K, Hothorn T, Huber W, Iacus S, Irizarry R, Leisch F, Li C, Maechler M, Rossini AJ, Sawitzki G, Smith C, Smyth G, Tierney L, Yang JY, Zhang J.",Genome Biol,2004,10.1186/gb-2004-5-10-r80,15461798,9935
Bioinformatics & computational biology,primary (research/methods),2,Differential expression analysis of multifactor RNA-Seq experiments with respect to biological variation.,"McCarthy DJ, Chen Y, Smyth GK.",Nucleic Acids Res,2012,10.1093/nar/gks042,22287627,4418
Bioinformatics & computational biology,primary (research/methods),3,TCGAbiolinks: an R/Bioconductor package for integrative analysis of TCGA data.,"Colaprico A, Silva TC, Olsen C, Garofano L, Cava C, Garolini D, Sabedot TS, Malta TM, Pagnotta SM, Castiglioni I, Ceccarelli M, Bontempi G, Noushmehr H.",Nucleic Acids Res,2016,10.1093/nar/gkv1507,26704973,3421
Bioinformatics & computational biology,primary (research/methods),4,MetaboAnalyst 5.0: narrowing the gap between raw spectra and functional insights.,"Pang Z, Chong J, Zhou G, de Lima Morais DA, Chang L, Barrette M, Gauthier C, Jacques PÉ, Li S, Xia J.",Nucleic Acids Res,2021,10.1093/nar/gkab382,34019663,3270
Bioinformatics & computational biology,primary (research/methods),5,Memorial Sloan Kettering-Integrated Mutation Profiling of Actionable Cancer Targets (MSK-IMPACT): A Hybridization Capture-Based Next-Generation Sequencing Clinical Assay for Solid Tumor Molecular Oncology.,"Cheng DT, Mitchell TN, Zehir A, Shah RH, Benayed R, Syed A, Chandramohan R, Liu ZY, Won HH, Scott SN, Brannon AR, O'Reilly C, Sadowska J, Casanova J, Yannes A, Hechtman JF, Yao J, Song W, Ross DS, Oultache A, Dogan S, Borsu L, Hameed M, Nafa K, Arcila ME, Ladanyi M, Berger MF.",J Mol Diagn,2015,10.1016/j.jmoldx.2014.12.006,25801821,1978
Bioinformatics & computational biology,primary (research/methods),6,Using MetaboAnalyst 4.0 for Comprehensive and Integrative Metabolomics Data Analysis.,"Chong J, Wishart DS, Xia J.",Curr Protoc Bioinformatics,2019,10.1002/cpbi.86,31756036,1617
Bioinformatics & computational biology,primary (research/methods),7,GAPIT: genome association and prediction integrated tool.,"Lipka AE, Tian F, Wang Q, Peiffer J, Li M, Bradbury PJ, Gore MA, Buckler ES, Zhang Z.",Bioinformatics,2012,10.1093/bioinformatics/bts444,22796960,1600
Bioinformatics & computational biology,primary (research/methods),8,An empirical evaluation of alternative methods of estimation for confirmatory factor analysis with ordinal data.,"Flora DB, Curran PJ.",Psychol Methods,2004,10.1037/1082-989x.9.4.466,15598100,1246
Bioinformatics & computational biology,primary (research/methods),9,When can categorical variables be treated as continuous? A comparison of robust continuous and categorical SEM estimation methods under suboptimal conditions.,"Rhemtulla M, Brosseau-Liard PÉ, Savalei V.",Psychol Methods,2012,10.1037/a0029315,22799625,1098
Bioinformatics & computational biology,primary (research/methods),10,Toward robust information: data quality and inter-rater reliability in the American College of Surgeons National Surgical Quality Improvement Program.,"Shiloach M, Frencher SK, Steeger JE, Rowell KS, Bartzokis K, Tomeh MG, Richards KE, Ko CY, Hall BL.",J Am Coll Surg,2010,10.1016/j.jamcollsurg.2009.09.031,20123325,1079
Bioinformatics & computational biology,primary (research/methods),11,SARTools: A DESeq2- and EdgeR-Based R Pipeline for Comprehensive Differential Analysis of RNA-Seq Data.,"Varet H, Brillet-Guéguen L, Coppée JY, Dillies MA.",PLoS One,2016,10.1371/journal.pone.0157022,27280887,976
Bioinformatics & computational biology,primary (research/methods),12,decoupleR: ensemble of computational methods to infer biological activities from omics data.,"Badia-I-Mompel P, Vélez Santiago J, Braunger J, Geiss C, Dimitrov D, Müller-Dott S, Taus P, Dugourd A, Holland CH, Ramirez Flores RO, Saez-Rodriguez J.",Bioinform Adv,2022,10.1093/bioadv/vbac016,36699385,969
Bioinformatics & computational biology,primary (research/methods),13,Statistical Power to Detect the Correct Number of Classes in Latent Profile Analysis.,"Tein JY, Coxe S, Cham H.",Struct Equ Modeling,2013,10.1080/10705511.2013.824781,24489457,913
Bioinformatics & computational biology,primary (research/methods),14,A benchmark of batch-effect correction methods for single-cell RNA sequencing data.,"Tran HTN, Ang KS, Chevrier M, Zhang X, Lee NYS, Goh M, Chen J.",Genome Biol,2020,10.1186/s13059-019-1850-9,31948481,878
Bioinformatics & computational biology,primary (research/methods),15,Multi-site assessment of the precision and reproducibility of multiple reaction monitoring-based measurements of proteins in plasma.,"Addona TA, Abbatiello SE, Schilling B, Skates SJ, Mani DR, Bunk DM, Spiegelman CH, Zimmerman LJ, Ham AJ, Keshishian H, Hall SC, Allen S, Blackman RK, Borchers CH, Buck C, Cardasis HL, Cusack MP, Dodder NG, Gibson BW, Held JM, Hiltke T, Jackson A, Johansen EB, Kinsinger CR, Li J, Mesri M, Neubert TA, Niles RK, Pulsipher TC, Ransohoff D, Rodriguez H, Rudnick PA, Smith D, Tabb DL, Tegeler TJ, Variyath AM, Vega-Montoto LJ, Wahlander A, Waldemarson S, Wang M, Whiteaker JR, Zhao L, Anderson NL, Fisher SJ, Liebler DC, Paulovich AG, Regnier FE, Tempst P, Carr SA.",Nat Biotechnol,2009,10.1038/nbt.1546,19561596,820
Bioinformatics & computational biology,primary (research/methods),16,"A comprehensive assessment of RNA-seq accuracy, reproducibility and information content by the Sequencing Quality Control Consortium.",SEQC/MAQC-III Consortium.,Nat Biotechnol,2014,10.1038/nbt.2957,25150838,762
Bioinformatics & computational biology,primary (research/methods),17,Non-normal data: Is ANOVA still a valid option?,"Blanca MJ, Alarcón R, Arnau J, Bono R, Bendayan R.",Psicothema,2017,10.7334/psicothema2016.383,29048317,745
Bioinformatics & computational biology,primary (research/methods),18,metaX: a flexible and comprehensive software for processing metabolomics data.,"Wen B, Mei Z, Zeng C, Liu S.",BMC Bioinformatics,2017,10.1186/s12859-017-1579-y,28327092,727
Bioinformatics & computational biology,primary (research/methods),19,Critical Assessment of Metagenome Interpretation-a benchmark of metagenomics software.,"Sczyrba A, Hofmann P, Belmann P, Koslicki D, Janssen S, Dröge J, Gregor I, Majda S, Fiedler J, Dahms E, Bremges A, Fritz A, Garrido-Oter R, Jørgensen TS, Shapiro N, Blood PD, Gurevich A, Bai Y, Turaev D, DeMaere MZ, Chikhi R, Nagarajan N, Quince C, Meyer F, Balvočiūtė M, Hansen LH, Sørensen SJ, Chia BKH, Denis B, Froula JL, Wang Z, Egan R, Don Kang D, Cook JJ, Deltel C, Beckstette M, Lemaitre C, Peterlongo P, Rizk G, Lavenier D, Wu YW, Singer SW, Jain C, Strous M, Klingenberg H, Meinicke P, Barton MD, Lingner T, Lin HH, Liao YC, Silva GGZ, Cuevas DA, Edwards RA, Saha S, Piro VC, Renard BY, Pop M, Klenk HP, Göker M, Kyrpides NC, Woyke T, Vorholt JA, Schulze-Lefert P, Rubin EM, Darling AE, Rattei T, McHardy AC.",Nat Methods,2017,10.1038/nmeth.4458,28967888,673
Bioinformatics & computational biology,primary (research/methods),20,Assessing the calibration of mortality benchmarks in critical care: The Hosmer-Lemeshow test revisited.,"Kramer AA, Zimmerman JE.",Crit Care Med,2007,10.1097/01.ccm.0000275267.64078.b0,17568333,665
Bioinformatics & computational biology,primary (research/methods),21,BSmooth: from whole genome bisulfite sequencing reads to differentially methylated regions.,"Hansen KD, Langmead B, Irizarry RA.",Genome Biol,2012,10.1186/gb-2012-13-10-r83,23034175,662
Bioinformatics & computational biology,primary (research/methods),22,"In meta-analyses of proportion studies, funnel plots were found to be an inaccurate method of assessing publication bias.","Hunter JP, Saratzis A, Sutton AJ, Boucher RH, Sayers RD, Bown MJ.",J Clin Epidemiol,2014,10.1016/j.jclinepi.2014.03.003,24794697,649
Bioinformatics & computational biology,primary (research/methods),23,Human bone marrow- and adipose-mesenchymal stem cells secrete exosomes enriched in distinctive miRNA and tRNA species.,"Baglio SR, Rooijers K, Koppers-Lalic D, Verweij FJ, Pérez Lanzón M, Zini N, Naaijkens B, Perut F, Niessen HW, Baldini N, Pegtel DM.",Stem Cell Res Ther,2015,10.1186/s13287-015-0116-z,26129847,626
Bioinformatics & computational biology,primary (research/methods),24,scGen predicts single-cell perturbation responses.,"Lotfollahi M, Wolf FA, Theis FJ.",Nat Methods,2019,10.1038/s41592-019-0494-8,31363220,612
Bioinformatics & computational biology,primary (research/methods),25,Large-scale evaluation of ANTs and FreeSurfer cortical thickness measurements.,"Tustison NJ, Cook PA, Klein A, Song G, Das SR, Duda JT, Kandel BM, van Strien N, Stone JR, Gee JC, Avants BB.",Neuroimage,2014,10.1016/j.neuroimage.2014.05.044,24879923,600
"Data science, ML & health informatics",secondary (review),1,A systematic review shows no performance benefit of machine learning over logistic regression for clinical prediction models.,"Christodoulou E, Ma J, Collins GS, Steyerberg EW, Verbakel JY, Van Calster B.",J Clin Epidemiol,2019,10.1016/j.jclinepi.2019.02.004,30763612,1268
"Data science, ML & health informatics",secondary (review),2,Using MetaboAnalyst 3.0 for Comprehensive Metabolomics Data Analysis.,"Xia J, Wishart DS.",Curr Protoc Bioinformatics,2016,10.1002/cpbi.11,27603023,1089
"Data science, ML & health informatics",secondary (review),3,"Proteomics by mass spectrometry: approaches, advances, and applications.","Yates JR, Ruse CI, Nakorchevsky A.",Annu Rev Biomed Eng,2009,10.1146/annurev-bioeng-061008-124934,19400705,691
"Data science, ML & health informatics",secondary (review),4,Single subject prediction of brain disorders in neuroimaging: Promises and pitfalls.,"Arbabshirani MR, Plis S, Sui J, Calhoun VD.",Neuroimage,2017,10.1016/j.neuroimage.2016.02.079,27012503,650
"Data science, ML & health informatics",secondary (review),5,Opportunities and challenges in developing risk prediction models with electronic health records data: a systematic review.,"Goldstein BA, Navar AM, Pencina MJ, Ioannidis JP.",J Am Med Inform Assoc,2017,10.1093/jamia/ocw042,27189013,609
"Data science, ML & health informatics",secondary (review),6,The promise and challenge of high-throughput sequencing of the antibody repertoire.,"Georgiou G, Ippolito GC, Beausang J, Busse CE, Wardemann H, Quake SR.",Nat Biotechnol,2014,10.1038/nbt.2782,24441474,563
"Data science, ML & health informatics",secondary (review),7,Deep learning-based electroencephalography analysis: a systematic review.,"Roy Y, Banville H, Albuquerque I, Gramfort A, Falk TH, Faubert J.",J Neural Eng,2019,10.1088/1741-2552/ab260c,31151119,543
"Data science, ML & health informatics",secondary (review),8,Deep learning in histopathology: the path to the clinic.,"van der Laak J, Litjens G, Ciompi F.",Nat Med,2021,10.1038/s41591-021-01343-4,33990804,533
"Data science, ML & health informatics",secondary (review),9,Diagnostic accuracy of deep learning in medical imaging: a systematic review and meta-analysis.,"Aggarwal R, Sounderajah V, Martin G, Ting DSW, Karthikesalingam A, King D, Ashrafian H, Darzi A.",NPJ Digit Med,2021,10.1038/s41746-021-00438-z,33828217,484
"Data science, ML & health informatics",secondary (review),10,Machine and deep learning methods for radiomics.,"Avanzo M, Wei L, Stancanello J, Vallières M, Rao A, Morin O, Mattonen SA, El Naqa I.",Med Phys,2020,10.1002/mp.13678,32418336,417
"Data science, ML & health informatics",secondary (review),11,Applications of multi-omics analysis in human diseases.,"Chen C, Wang J, Pan D, Wang X, Xu Y, Yan J, Wang L, Yang X, Yang M, Liu GP.",MedComm (2020),2023,10.1002/mco2.315,37533767,401
"Data science, ML & health informatics",secondary (review),12,Artificial Intelligence in Pharmaceutical Technology and Drug Delivery Design.,"Vora LK, Gholap AD, Jetha K, Thakur RRS, Solanki HK, Chavda VP.",Pharmaceutics,2023,10.3390/pharmaceutics15071916,37514102,387
"Data science, ML & health informatics",secondary (review),13,The effect of electronic prescribing on medication errors and adverse drug events: a systematic review.,"Ammenwerth E, Schnell-Inderst P, Machan C, Siebert U.",J Am Med Inform Assoc,2008,10.1197/jamia.m2667,18579832,377
"Data science, ML & health informatics",secondary (review),14,Radiomics and radiogenomics in lung cancer: A review for the clinician.,"Thawani R, McLane M, Beig N, Ghose S, Prasanna P, Velcheti V, Madabhushi A.",Lung Cancer,2018,10.1016/j.lungcan.2017.10.015,29290259,316
"Data science, ML & health informatics",secondary (review),15,Multimodal deep learning for biomedical data fusion: a review.,"Stahlschmidt SR, Ulfenborg B, Synnergren J.",Brief Bioinform,2022,10.1093/bib/bbab569,35089332,309
"Data science, ML & health informatics",secondary (review),16,AI applications to medical images: From machine learning to deep learning.,"Castiglioni I, Rundo L, Codari M, Di Leo G, Salvatore C, Interlenghi M, Gallivanone F, Cozzi A, D'Amico NC, Sardanelli F.",Phys Med,2021,10.1016/j.ejmp.2021.02.006,33662856,284
"Data science, ML & health informatics",secondary (review),17,Automated assessment of psychiatric disorders using speech: A systematic review.,"Low DM, Bentley KH, Ghosh SS.",Laryngoscope Investig Otolaryngol,2020,10.1002/lio2.354,32128436,279
"Data science, ML & health informatics",secondary (review),18,Machine Learning in Environmental Research: Common Pitfalls and Best Practices.,"Zhu JJ, Yang M, Ren ZJ.",Environ Sci Technol,2023,10.1021/acs.est.3c00026,37384597,246
"Data science, ML & health informatics",secondary (review),19,State of the Field in Multi-Omics Research: From Computational Needs to Data Mining and Sharing.,"Krassowski M, Das V, Sahu SK, Misra BB.",Front Genet,2020,10.3389/fgene.2020.610798,33362867,246
"Data science, ML & health informatics",secondary (review),20,"New approach methodologies in human regulatory toxicology - Not if, but how and when!","Schmeisser S, Miccoli A, von Bergen M, Berggren E, Braeuning A, Busch W, Desaintes C, Gourmelon A, Grafström R, Harrill J, Hartung T, Herzler M, Kass GEN, Kleinstreuer N, Leist M, Luijten M, Marx-Stoelting P, Poetz O, van Ravenzwaay B, Roggeband R, Rogiers V, Roth A, Sanders P, Thomas RS, Marie Vinggaard A, Vinken M, van de Water B, Luch A, Tralau T.",Environ Int,2023,10.1016/j.envint.2023.108082,37422975,245
"Data science, ML & health informatics",secondary (review),21,Towards a guideline for evaluation metrics in medical image segmentation.,"Müller D, Soto-Rey I, Kramer F.",BMC Res Notes,2022,10.1186/s13104-022-06096-y,35725483,237
"Data science, ML & health informatics",secondary (review),22,Risk of bias in studies on prediction models developed using supervised machine learning techniques: systematic review.,"Andaur Navarro CL, Damen JAA, Takada T, Nijman SWJ, Dhiman P, Ma J, Collins GS, Bajpai R, Riley RD, Moons KGM, Hooft L.",BMJ,2021,10.1136/bmj.n2281,34670780,231
"Data science, ML & health informatics",secondary (review),23,Comparison of user groups' perspectives of barriers and facilitators to implementing electronic health records: a systematic review.,"McGinn CA, Grenier S, Duplantie J, Shaw N, Sicotte C, Mathieu L, Leduc Y, Légaré F, Gagnon MP.",BMC Med,2011,10.1186/1741-7015-9-46,21524315,226
"Data science, ML & health informatics",secondary (review),24,Artificial intelligence for predictive biomarker discovery in immuno-oncology: a systematic review.,"Prelaj A, Miskovic V, Zanitti M, Trovo F, Genova C, Viscardi G, Rebuzzi SE, Mazzeo L, Provenzano L, Kosta S, Favali M, Spagnoletti A, Castelo-Branco L, Dolezal J, Pearson AT, Lo Russo G, Proto C, Ganzinelli M, Giani C, Ambrosini E, Turajlic S, Au L, Koopman M, Delaloge S, Kather JN, de Braud F, Garassino MC, Pentheroudakis G, Spencer C, Pedrocchi ALG.",Ann Oncol,2024,10.1016/j.annonc.2023.10.125,37879443,220
"Data science, ML & health informatics",secondary (review),25,Sequencing quality assessment tools to enable data-driven informatics for high throughput genomics.,"Leggett RM, Ramirez-Gonzalez RH, Clavijo BJ, Waite D, Davey RP.",Front Genet,2013,10.3389/fgene.2013.00288,24381581,212
"Data science, ML & health informatics",primary (research/methods),1,Computational Radiomics System to Decode the Radiographic Phenotype.,"van Griethuysen JJM, Fedorov A, Parmar C, Hosny A, Aucoin N, Narayan V, Beets-Tan RGH, Fillion-Robin JC, Pieper S, Aerts HJWL.",Cancer Res,2017,10.1158/0008-5472.can-17-0339,29092951,4865
"Data science, ML & health informatics",primary (research/methods),2,Calibration: the Achilles heel of predictive analytics.,"Van Calster B, McLernon DJ, van Smeden M, Wynants L, Steyerberg EW, Topic Group ‘Evaluating diagnostic tests and prediction models’ of the STRATOS initiative.",BMC Med,2019,10.1186/s12916-019-1466-7,31842878,1374
"Data science, ML & health informatics",primary (research/methods),3,ESHRE guideline: endometriosis.,"Becker CM, Bokor A, Heikinheimo O, Horne A, Jansen F, Jansen F, Kiesel L, King K, Kvaskoff M, Nap A, Petersen K, Saridogan E, Tomassetti C, van Hanegem N, Vulliemoz N, Vermeulen N, ESHRE Endometriosis Guideline Group .",Hum Reprod Open,2022,10.1093/hropen/hoac009,35350465,1165
"Data science, ML & health informatics",primary (research/methods),4,"Derivation, Validation, and Potential Treatment Implications of Novel Clinical Phenotypes for Sepsis.","Seymour CW, Kennedy JN, Wang S, Chang CH, Elliott CF, Xu Z, Berry S, Clermont G, Cooper G, Gomez H, Huang DT, Kellum JA, Mi Q, Opal SM, Talisa V, van der Poll T, Visweswaran S, Vodovotz Y, Weiss JC, Yealy DM, Yende S, Angus DC.",JAMA,2019,10.1001/jama.2019.5791,31104070,1052
"Data science, ML & health informatics",primary (research/methods),5,Machine learning algorithm validation with a limited sample size.,"Vabalas A, Gowen E, Poliakoff E, Casson AJ.",PLoS One,2019,10.1371/journal.pone.0224365,31697686,815
"Data science, ML & health informatics",primary (research/methods),6,Potential Biases in Machine Learning Algorithms Using Electronic Health Record Data.,"Gianfrancesco MA, Tamang S, Yazdany J, Schmajuk G.",JAMA Intern Med,2018,10.1001/jamainternmed.2018.3763,30128552,802
"Data science, ML & health informatics",primary (research/methods),7,Sample size estimation in diagnostic test studies of biomedical informatics.,Hajian-Tilaki K.,J Biomed Inform,2014,10.1016/j.jbi.2014.02.013,24582925,739
"Data science, ML & health informatics",primary (research/methods),8,Random Forest.,Rigatti SJ.,J Insur Med,2017,10.17849/insm-47-01-31-39.1,28836909,668
"Data science, ML & health informatics",primary (research/methods),9,scGen predicts single-cell perturbation responses.,"Lotfollahi M, Wolf FA, Theis FJ.",Nat Methods,2019,10.1038/s41592-019-0494-8,31363220,612
"Data science, ML & health informatics",primary (research/methods),10,Mapping ICD-10 and ICD-10-CM Codes to Phecodes: Workflow Development and Initial Evaluation.,"Wu P, Gifford A, Meng X, Li X, Campbell H, Varley T, Zhao J, Carroll R, Bastarache L, Denny JC, Theodoratou E, Wei WQ.",JMIR Med Inform,2019,10.2196/14325,31553307,522
"Data science, ML & health informatics",primary (research/methods),11,Exceeding chance level by chance: The caveat of theoretical chance levels in brain signal classification and statistical assessment of decoding accuracy.,"Combrisson E, Jerbi K.",J Neurosci Methods,2015,10.1016/j.jneumeth.2015.01.010,25596422,457
"Data science, ML & health informatics",primary (research/methods),12,Looking for a Signal in the Noise: Revisiting Obesity and the Microbiome.,"Sze MA, Schloss PD.",mBio,2016,10.1128/mbio.01018-16,27555308,447
"Data science, ML & health informatics",primary (research/methods),13,Cross-cohort gut microbiome associations with immune checkpoint inhibitor response in advanced melanoma.,"Lee KA, Thomas AM, Bolte LA, Björk JR, de Ruijter LK, Armanini F, Asnicar F, Blanco-Miguez A, Board R, Calbet-Llopart N, Derosa L, Dhomen N, Brooks K, Harland M, Harries M, Leeming ER, Lorigan P, Manghi P, Marais R, Newton-Bishop J, Nezi L, Pinto F, Potrony M, Puig S, Serra-Bellver P, Shaw HM, Tamburini S, Valpione S, Vijay A, Waldron L, Zitvogel L, Zolfo M, de Vries EGE, Nathan P, Fehrmann RSN, Bataille V, Hospers GAP, Spector TD, Weersma RK, Segata N.",Nat Med,2022,10.1038/s41591-022-01695-5,35228751,396
"Data science, ML & health informatics",primary (research/methods),14,Real-time differentiation of adenomatous and hyperplastic diminutive colorectal polyps during analysis of unaltered videos of standard colonoscopy using a deep learning model.,"Byrne MF, Chapados N, Soudan F, Oertel C, Linares Pérez M, Kelly R, Iqbal N, Chandelier F, Rex DK.",Gut,2019,10.1136/gutjnl-2017-314547,29066576,387
"Data science, ML & health informatics",primary (research/methods),15,The co-morbidity burden of children and young adults with autism spectrum disorders.,"Kohane IS, McMurry A, Weber G, MacFadden D, Rappaport L, Kunkel L, Bickel J, Wattanasin N, Spence S, Murphy S, Churchill S.",PLoS One,2012,10.1371/journal.pone.0033224,22511918,387
"Data science, ML & health informatics",primary (research/methods),16,QIIME 2 Enables Comprehensive End-to-End Analysis of Diverse Microbiome Data and Comparative Studies with Publicly Available Data.,"Estaki M, Jiang L, Bokulich NA, McDonald D, González A, Kosciolek T, Martino C, Zhu Q, Birmingham A, Vázquez-Baeza Y, Dillon MR, Bolyen E, Caporaso JG, Knight R.",Curr Protoc Bioinformatics,2020,10.1002/cpbi.100,32343490,376
"Data science, ML & health informatics",primary (research/methods),17,Deep Learning Predicts Lung Cancer Treatment Response from Serial Medical Imaging.,"Xu Y, Hosny A, Zeleznik R, Parmar C, Coroller T, Franco I, Mak RH, Aerts HJWL.",Clin Cancer Res,2019,10.1158/1078-0432.ccr-18-2495,31010833,371
"Data science, ML & health informatics",primary (research/methods),18,A comparative study of the gut microbiota in immune-mediated inflammatory diseases-does a common dysbiosis exist?,"Forbes JD, Chen CY, Knox NC, Marrie RA, El-Gabalawy H, de Kievit T, Alfa M, Bernstein CN, Van Domselaar G.",Microbiome,2018,10.1186/s40168-018-0603-4,30545401,349
"Data science, ML & health informatics",primary (research/methods),19,Machine learning prediction of cancer cell sensitivity to drugs based on genomic and chemical properties.,"Menden MP, Iorio F, Garnett M, McDermott U, Benes CH, Ballester PJ, Saez-Rodriguez J.",PLoS One,2013,10.1371/journal.pone.0061318,23646105,336
"Data science, ML & health informatics",primary (research/methods),20,Effect of a deep-learning computer-aided detection system on adenoma detection during colonoscopy (CADe-DB trial): a double-blind randomised study.,"Wang P, Liu X, Berzin TM, Glissen Brown JR, Liu P, Zhou C, Lei L, Li L, Guo Z, Lei S, Xiong F, Wang H, Song Y, Pan Y, Zhou G.",Lancet Gastroenterol Hepatol,2020,10.1016/s2468-1253(19)30411-x,31981517,310
"Data science, ML & health informatics",primary (research/methods),21,Leakage and the reproducibility crisis in machine-learning-based science.,"Kapoor S, Narayanan A.",Patterns (N Y),2023,10.1016/j.patter.2023.100804,37720327,309
"Data science, ML & health informatics",primary (research/methods),22,MRI signatures of brain age and disease over the lifespan based on a deep brain network and 14 468 individuals worldwide.,"Bashyam VM, Erus G, Doshi J, Habes M, Nasrallah I, Truelove-Hill M, Srinivasan D, Mamourian L, Pomponio R, Fan Y, Launer LJ, Masters CL, Maruff P, Zhuo C, Völzke H, Johnson SC, Fripp J, Koutsouleris N, Satterthwaite TD, Wolf D, Gur RE, Gur RC, Morris J, Albert MS, Grabe HJ, Resnick S, Bryan RN, Wolk DA, Shou H, Davatzikos C.",Brain,2020,10.1093/brain/awaa160,32591831,305
"Data science, ML & health informatics",primary (research/methods),23,MiPred: classification of real and pseudo microRNA precursors using random forest prediction model with combined features.,"Jiang P, Wu H, Wang W, Ma W, Sun X, Lu Z.",Nucleic Acids Res,2007,10.1093/nar/gkm368,17553836,297
"Data science, ML & health informatics",primary (research/methods),24,Deep learning enables accurate clustering with batch effect removal in single-cell RNA-seq analysis.,"Li X, Wang K, Lyu Y, Pan H, Zhang J, Stambolian D, Susztak K, Reilly MP, Hu G, Li M.",Nat Commun,2020,10.1038/s41467-020-15851-3,32393754,290
"Data science, ML & health informatics",primary (research/methods),25,The MIMIC Code Repository: enabling reproducibility in critical care research.,"Johnson AE, Stone DJ, Celi LA, Pollard TJ.",J Am Med Inform Assoc,2018,10.1093/jamia/ocx084,29036464,281
Medical & clinical sciences,secondary (review),1,The effect of multiple adverse childhood experiences on health: a systematic review and meta-analysis.,"Hughes K, Bellis MA, Hardcastle KA, Sethi D, Butchart A, Mikton C, Jones L, Dunne MP.",Lancet Public Health,2017,10.1016/s2468-2667(17)30118-4,29253477,3315
Medical & clinical sciences,secondary (review),2,The STROBE guidelines.,Cuschieri S.,Saudi J Anaesth,2019,10.4103/sja.sja_543_18,30930717,3021
Medical & clinical sciences,secondary (review),3,Recommended methods for determining responsiveness and minimally important differences for patient-reported outcomes.,"Revicki D, Hays RD, Cella D, Sloan J.",J Clin Epidemiol,2008,10.1016/j.jclinepi.2007.03.012,18177782,1835
Medical & clinical sciences,secondary (review),4,"The methodological quality assessment tools for preclinical and clinical studies, systematic review and meta-analysis, and clinical practice guideline: a systematic review.","Zeng X, Zhang Y, Kwong JS, Zhang C, Li S, Sun F, Sun F, Niu Y, Du L.",J Evid Based Med,2015,10.1111/jebm.12141,25594108,1540
Medical & clinical sciences,secondary (review),5,Health-related quality of life in total hip and total knee arthroplasty. A qualitative and systematic review of the literature.,"Ethgen O, Bruyère O, Richy F, Dardennes C, Reginster JY.",J Bone Joint Surg Am,2004,10.2106/00004623-200405000-00012,15118039,1294
Medical & clinical sciences,secondary (review),6,Mentoring in academic medicine: a systematic review.,"Sambunjak D, Straus SE, Marusić A.",JAMA,2006,10.1001/jama.296.9.1103,16954490,1108
Medical & clinical sciences,secondary (review),7,Non-invasive evaluation of liver fibrosis using transient elastography.,"Castera L, Forns X, Alberti A.",J Hepatol,2008,10.1016/j.jhep.2008.02.008,18334275,1035
Medical & clinical sciences,secondary (review),8,Diabetes mellitus increases the risk of active tuberculosis: a systematic review of 13 observational studies.,"Jeon CY, Murray MB.",PLoS Med,2008,10.1371/journal.pmed.0050152,18630984,983
Medical & clinical sciences,secondary (review),9,Accuracy of neutrophil gelatinase-associated lipocalin (NGAL) in diagnosis and prognosis in acute kidney injury: a systematic review and meta-analysis.,"Haase M, Bellomo R, Devarajan P, Schlattmann P, Haase-Fielitz A, NGAL Meta-analysis Investigator Group.",Am J Kidney Dis,2009,10.1053/j.ajkd.2009.07.020,19850388,927
Medical & clinical sciences,secondary (review),10,"Self-injurious thoughts and behaviors as risk factors for future suicide ideation, attempts, and death: a meta-analysis of longitudinal studies.","Ribeiro JD, Franklin JC, Fox KR, Bentley KH, Kleiman EM, Chang BP, Nock MK.",Psychol Med,2016,10.1017/s0033291715001804,26370729,924
Medical & clinical sciences,secondary (review),11,Population stratification and spurious allelic association.,"Cardon LR, Palmer LJ.",Lancet,2003,10.1016/s0140-6736(03)12520-2,12598158,842
Medical & clinical sciences,secondary (review),12,Psychological and behavioral treatment of insomnia:update of the recent evidence (1998-2004).,"Morin CM, Bootzin RR, Buysse DJ, Edinger JD, Espie CA, Lichstein KL.",Sleep,2006,10.1093/sleep/29.11.1398,17162986,751
Medical & clinical sciences,secondary (review),13,Chorioamnionitis as a risk factor for cerebral palsy: A meta-analysis.,"Wu YW, Colford JM.",JAMA,2000,10.1001/jama.284.11.1417,10989405,665
Medical & clinical sciences,secondary (review),14,The Bethesda System for Reporting Thyroid Cytopathology: a meta-analysis.,"Bongiovanni M, Spitale A, Faquin WC, Mazzucchelli L, Baloch ZW.",Acta Cytol,2012,10.1159/000339959,22846422,656
Medical & clinical sciences,secondary (review),15,Effects of regular aspirin on long-term cancer incidence and metastasis: a systematic comparison of evidence from observational studies versus randomised trials.,"Algra AM, Rothwell PM.",Lancet Oncol,2012,10.1016/s1470-2045(12)70112-2,22440112,608
Medical & clinical sciences,secondary (review),16,Effect of aspirin on long-term risk of colorectal cancer: consistent evidence from randomised and observational studies.,"Flossmann E, Rothwell PM, British Doctors Aspirin Trial and the UK-TIA Aspirin Trial.",Lancet,2007,10.1016/s0140-6736(07)60747-8,17499602,594
Medical & clinical sciences,secondary (review),17,The statistical significance of randomized controlled trial results is frequently fragile: a case for a Fragility Index.,"Walsh M, Srinathan SK, McAuley DF, Mrkobrada M, Levine O, Ribic C, Molnar AO, Dattani ND, Burke A, Guyatt G, Thabane L, Walter SD, Pogue J, Devereaux PJ.",J Clin Epidemiol,2014,10.1016/j.jclinepi.2013.10.019,24508144,590
Medical & clinical sciences,secondary (review),18,Accuracy of clinical diagnosis of Parkinson disease: A systematic review and meta-analysis.,"Rizzo G, Copetti M, Arcuti S, Martino D, Fontana A, Logroscino G.",Neurology,2016,10.1212/wnl.0000000000002350,26764028,586
Medical & clinical sciences,secondary (review),19,Clinical risk factors for age-related macular degeneration: a systematic review and meta-analysis.,"Chakravarthy U, Wong TY, Fletcher A, Piault E, Evans C, Zlateva G, Buggage R, Pleil A, Mitchell P.",BMC Ophthalmol,2010,10.1186/1471-2415-10-31,21144031,575
Medical & clinical sciences,secondary (review),20,Accuracy of procalcitonin for sepsis diagnosis in critically ill patients: systematic review and meta-analysis.,"Tang BM, Eslick GD, Craig JC, McLean AS.",Lancet Infect Dis,2007,10.1016/s1473-3099(07)70052-x,17317602,554
Medical & clinical sciences,secondary (review),21,Amphotericin B formulations: a comparative review of efficacy and toxicity.,Hamill RJ.,Drugs,2013,10.1007/s40265-013-0069-4,23729001,546
Medical & clinical sciences,secondary (review),22,Pooling of animal experimental data reveals influence of study design and publication bias.,"Macleod MR, O'Collins T, Howells DW, Donnan GA.",Stroke,2004,10.1161/01.str.0000125719.25853.20,15060322,533
Medical & clinical sciences,secondary (review),23,Does mindfulness training improve cognitive abilities? A systematic review of neuropsychological findings.,"Chiesa A, Calati R, Serretti A.",Clin Psychol Rev,2011,10.1016/j.cpr.2010.11.003,21183265,531
Medical & clinical sciences,secondary (review),24,"Serum levels of phosphorus, parathyroid hormone, and calcium and risks of death and cardiovascular disease in individuals with chronic kidney disease: a systematic review and meta-analysis.","Palmer SC, Hayen A, Macaskill P, Pellegrini F, Craig JC, Elder GJ, Strippoli GF.",JAMA,2011,10.1001/jama.2011.308,21406649,527
Medical & clinical sciences,secondary (review),25,Guidelines for Reporting Outcomes in Trial Reports: The CONSORT-Outcomes 2022 Extension.,"Butcher NJ, Monsour A, Mew EJ, Chan AW, Moher D, Mayo-Wilson E, Terwee CB, Chee-A-Tow A, Baba A, Gavin F, Grimshaw JM, Kelly LE, Saeed L, Thabane L, Askie L, Smith M, Farid-Kapadia M, Williamson PR, Szatmari P, Tugwell P, Golub RM, Monga S, Vohra S, Marlin S, Ungar WJ, Offringa M.",JAMA,2022,10.1001/jama.2022.21022,36511921,524
Medical & clinical sciences,primary (research/methods),1,A Trial of Lopinavir-Ritonavir in Adults Hospitalized with Severe Covid-19.,"Cao B, Wang Y, Wen D, Liu W, Wang J, Fan G, Ruan L, Song B, Cai Y, Wei M, Li X, Xia J, Chen N, Xiang J, Yu T, Bai T, Xie X, Zhang L, Li C, Yuan Y, Chen H, Li H, Huang H, Tu S, Gong F, Liu Y, Wei Y, Dong C, Zhou F, Gu X, Xu J, Liu Z, Zhang Y, Li H, Shang L, Wang K, Li K, Zhou X, Dong X, Qu Z, Lu S, Hu X, Ruan S, Luo S, Wu J, Peng L, Cheng F, Pan L, Zou J, Jia C, Wang J, Liu X, Wang S, Wu X, Ge Q, He J, Zhan H, Qiu F, Guo L, Huang C, Jaki T, Hayden FG, Horby PW, Zhang D, Wang C.",N Engl J Med,2020,10.1056/nejmoa2001282,32187464,3542
Medical & clinical sciences,primary (research/methods),2,RETRACTED: Hydroxychloroquine and azithromycin as a treatment of COVID-19: results of an open-label non-randomized clinical trial.,"Gautret P, Lagier JC, Parola P, Hoang VT, Meddeb L, Mailhe M, Doudier B, Courjon J, Giordanengo V, Vieira VE, Tissot Dupont H, Honoré S, Colson P, Chabrière E, La Scola B, Rolain JM, Brouqui P, Raoult D.",Int J Antimicrob Agents,2020,10.1016/j.ijantimicag.2020.105949,32205204,3113
Medical & clinical sciences,primary (research/methods),3,Guidelines for the evaluation of immune therapy activity in solid tumors: immune-related response criteria.,"Wolchok JD, Hoos A, O'Day S, Weber JS, Hamid O, Lebbé C, Maio M, Binder M, Bohnsack O, Nichol G, Humphrey R, Hodi FS.",Clin Cancer Res,2009,10.1158/1078-0432.ccr-09-1624,19934295,2416
Medical & clinical sciences,primary (research/methods),4,Biomechanical measures of neuromuscular control and valgus loading of the knee predict anterior cruciate ligament injury risk in female athletes: a prospective study.,"Hewett TE, Myer GD, Ford KR, Heidt RS, Colosimo AJ, McLean SG, van den Bogert AJ, Paterno MV, Succop P.",Am J Sports Med,2005,10.1177/0363546504269591,15722287,2200
Medical & clinical sciences,primary (research/methods),5,Effect of Tumor-Treating Fields Plus Maintenance Temozolomide vs Maintenance Temozolomide Alone on Survival in Patients With Glioblastoma: A Randomized Clinical Trial.,"Stupp R, Taillibert S, Kanner A, Read W, Steinberg D, Lhermitte B, Toms S, Idbaih A, Ahluwalia MS, Fink K, Di Meco F, Lieberman F, Zhu JJ, Stragliotto G, Tran D, Brem S, Hottinger A, Kirson ED, Lavy-Shahaf G, Weinberg U, Kim CY, Paek SH, Nicholas G, Bruna J, Hirte H, Weller M, Palti Y, Hegi ME, Ram Z.",JAMA,2017,10.1001/jama.2017.18718,29260225,2163
Medical & clinical sciences,primary (research/methods),6,10-year follow-up of diabetes incidence and weight loss in the Diabetes Prevention Program Outcomes Study.,"Diabetes Prevention Program Research Group, Knowler WC, Fowler SE, Hamman RF, Christophi CA, Hoffman HJ, Brenneman AT, Brown-Friday JO, Goldberg R, Venditti E, Nathan DM.",Lancet,2009,10.1016/s0140-6736(09)61457-4,19878986,2077
Medical & clinical sciences,primary (research/methods),7,STARD 2015 guidelines for reporting diagnostic accuracy studies: explanation and elaboration.,"Cohen JF, Korevaar DA, Altman DG, Bruns DE, Gatsonis CA, Hooft L, Irwig L, Levine D, Reitsma JB, de Vet HC, Bossuyt PM.",BMJ Open,2016,10.1136/bmjopen-2016-012799,28137831,2026
Medical & clinical sciences,primary (research/methods),8,"Oral Nirmatrelvir for High-Risk, Nonhospitalized Adults with Covid-19.","Hammond J, Leister-Tebbe H, Gardner A, Abreu P, Bao W, Wisemandle W, Baniecki M, Hendrick VM, Damle B, Simón-Campos A, Pypstra R, Rusnak JM, EPIC-HR Investigators.",N Engl J Med,2022,10.1056/nejmoa2118542,35172054,1917
Medical & clinical sciences,primary (research/methods),9,Association Between Administration of Systemic Corticosteroids and Mortality Among Critically Ill Patients With COVID-19: A Meta-analysis.,"WHO Rapid Evidence Appraisal for COVID-19 Therapies (REACT) Working Group, Sterne JAC, Murthy S, Diaz JV, Slutsky AS, Villar J, Angus DC, Annane D, Azevedo LCP, Berwanger O, Cavalcanti AB, Dequin PF, Du B, Emberson J, Fisher D, Giraudeau B, Gordon AC, Granholm A, Green C, Haynes R, Heming N, Higgins JPT, Horby P, Jüni P, Landray MJ, Le Gouge A, Leclerc M, Lim WS, Machado FR, McArthur C, Meziani F, Møller MH, Perner A, Petersen MW, Savovic J, Tomazini B, Veiga VC, Webb S, Marshall JC.",JAMA,2020,10.1001/jama.2020.17023,32876694,1778
Medical & clinical sciences,primary (research/methods),10,Autopsy Findings and Venous Thromboembolism in Patients With COVID-19: A Prospective Cohort Study.,"Wichmann D, Sperhake JP, Lütgehetmann M, Steurer S, Edler C, Heinemann A, Heinrich F, Mushumba H, Kniep I, Schröder AS, Burdelski C, de Heer G, Nierhaus A, Frings D, Pfefferle S, Becker H, Bredereke-Wiedling H, de Weerth A, Paschen HR, Sheikhzadeh-Eggers S, Stang A, Schmiedel S, Bokemeyer C, Addo MM, Aepfelbacher M, Püschel K, Kluge S.",Ann Intern Med,2020,10.7326/m20-2003,32374815,1723
Medical & clinical sciences,primary (research/methods),11,Preferred Reporting Items for Systematic Review and Meta-Analyses of individual participant data: the PRISMA-IPD Statement.,"Stewart LA, Clarke M, Rovers M, Riley RD, Simmonds M, Stewart G, Tierney JF, PRISMA-IPD Development Group.",JAMA,2015,10.1001/jama.2015.3656,25919529,1685
Medical & clinical sciences,primary (research/methods),12,Extracorporeal Membrane Oxygenation for Severe Acute Respiratory Distress Syndrome.,"Combes A, Hajage D, Capellier G, Demoule A, Lavoué S, Guervilly C, Da Silva D, Zafrani L, Tirot P, Veber B, Maury E, Levy B, Cohen Y, Richard C, Kalfon P, Bouadma L, Mehdaoui H, Beduneau G, Lebreton G, Brochard L, Ferguson ND, Fan E, Slutsky AS, Brodie D, Mercat A, EOLIA Trial Group, REVA, and ECMONet.",N Engl J Med,2018,10.1056/nejmoa1800385,29791822,1653
Medical & clinical sciences,primary (research/methods),13,"Metabolic syndrome in childhood: association with birth weight, maternal obesity, and gestational diabetes mellitus.","Boney CM, Verma A, Tucker R, Vohr BR.",Pediatrics,2005,10.1542/peds.2004-1808,15741354,1586
Medical & clinical sciences,primary (research/methods),14,"Pembrolizumab plus chemotherapy versus placebo plus chemotherapy for previously untreated locally recurrent inoperable or metastatic triple-negative breast cancer (KEYNOTE-355): a randomised, placebo-controlled, double-blind, phase 3 clinical trial.","Cortes J, Cescon DW, Rugo HS, Nowecki Z, Im SA, Yusof MM, Gallardo C, Lipatov O, Barrios CH, Holgado E, Iwata H, Masuda N, Otero MT, Gokmen E, Loi S, Guo Z, Zhao J, Aktan G, Karantza V, Schmid P, KEYNOTE-355 Investigators.",Lancet,2020,10.1016/s0140-6736(20)32531-9,33278935,1511
Medical & clinical sciences,primary (research/methods),15,Efficacy and safety of exercise training in patients with chronic heart failure: HF-ACTION randomized controlled trial.,"O'Connor CM, Whellan DJ, Lee KL, Keteyian SJ, Cooper LS, Ellis SJ, Leifer ES, Kraus WE, Kitzman DW, Blumenthal JA, Rendall DS, Miller NH, Fleg JL, Schulman KA, McKelvie RS, Zannad F, Piña IL, HF-ACTION Investigators.",JAMA,2009,10.1001/jama.2009.454,19351941,1505
Medical & clinical sciences,primary (research/methods),16,Estrogen plus progestin and the incidence of dementia and mild cognitive impairment in postmenopausal women: the Women's Health Initiative Memory Study: a randomized controlled trial.,"Shumaker SA, Legault C, Rapp SR, Thal L, Wallace RB, Ockene JK, Hendrix SL, Jones BN, Assaf AR, Jackson RD, Kotchen JM, Wassertheil-Smoller S, Wactawski-Wende J, WHIMS Investigators.",JAMA,2003,10.1001/jama.289.20.2651,12771112,1464
Medical & clinical sciences,primary (research/methods),17,Bias due to participant overlap in two-sample Mendelian randomization.,"Burgess S, Davies NM, Thompson SG.",Genet Epidemiol,2016,10.1002/gepi.21998,27625185,1452
Medical & clinical sciences,primary (research/methods),18,"Comparison of adjuvant gemcitabine and capecitabine with gemcitabine monotherapy in patients with resected pancreatic cancer (ESPAC-4): a multicentre, open-label, randomised, phase 3 trial.","Neoptolemos JP, Palmer DH, Ghaneh P, Psarelli EE, Valle JW, Halloran CM, Faluyi O, O'Reilly DA, Cunningham D, Wadsley J, Darby S, Meyer T, Gillmore R, Anthoney A, Lind P, Glimelius B, Falk S, Izbicki JR, Middleton GW, Cummins S, Ross PJ, Wasan H, McDonald A, Crosby T, Ma YT, Patel K, Sherriff D, Soomal R, Borg D, Sothi S, Hammel P, Hackert T, Jackson R, Büchler MW, European Study Group for Pancreatic Cancer.",Lancet,2017,10.1016/s0140-6736(16)32409-6,28129987,1445
Medical & clinical sciences,primary (research/methods),19,Inflammatory and coagulation biomarkers and mortality in patients with HIV infection.,"Kuller LH, Tracy R, Belloso W, De Wit S, Drummond F, Lane HC, Ledergerber B, Lundgren J, Neuhaus J, Nixon D, Paton NI, Neaton JD, INSIGHT SMART Study Group.",PLoS Med,2008,10.1371/journal.pmed.0050203,18942885,1331
Medical & clinical sciences,primary (research/methods),20,Estimating the sample size for a pilot randomised trial to minimise the overall trial sample size for the external pilot and main trial for a continuous outcome variable.,"Whitehead AL, Julious SA, Cooper CL, Campbell MJ.",Stat Methods Med Res,2016,10.1177/0962280215588241,26092476,1309
Medical & clinical sciences,primary (research/methods),21,The role and interpretation of pilot studies in clinical research.,"Leon AC, Davis LL, Kraemer HC.",J Psychiatr Res,2011,10.1016/j.jpsychires.2010.10.008,21035130,1279
Medical & clinical sciences,primary (research/methods),22,Surgical treatment of gastric cancer: 15-year follow-up results of the randomised nationwide Dutch D1D2 trial.,"Songun I, Putter H, Kranenbarg EM, Sasako M, van de Velde CJ.",Lancet Oncol,2010,10.1016/s1470-2045(10)70070-x,20409751,1279
Medical & clinical sciences,primary (research/methods),23,"Effects of tranexamic acid on death, vascular occlusive events, and blood transfusion in trauma patients with significant haemorrhage (CRASH-2): a randomised, placebo-controlled trial.","CRASH-2 trial collaborators, Shakur H, Roberts I, Bautista R, Caballero J, Coats T, Dewan Y, El-Sayed H, Gogichaishvili T, Gupta S, Herrera J, Hunt B, Iribhogbe P, Izurieta M, Khamis H, Komolafe E, Marrero MA, Mejía-Mantilla J, Miranda J, Morales C, Olaomi O, Olldashi F, Perel P, Peto R, Ramana PV, Ravi RR, Yutthakasemsunt S.",Lancet,2010,10.1016/s0140-6736(10)60835-5,20554319,1274
Medical & clinical sciences,primary (research/methods),24,Trial design and reporting standards for intra-arterial cerebral thrombolysis for acute ischemic stroke.,"Higashida RT, Furlan AJ, Roberts H, Tomsick T, Connors B, Barr J, Dillon W, Warach S, Broderick J, Tilley B, Sacks D, Technology Assessment Committee of the American Society of Interventional and Therapeutic Neuroradiology, Technology Assessment Committee of the Society of Interventional Radiology.",Stroke,2003,10.1161/01.str.0000082721.62796.09,12869717,1230
Medical & clinical sciences,primary (research/methods),25,Power and predictive accuracy of polygenic risk scores.,Dudbridge F.,PLoS Genet,2013,10.1371/journal.pgen.1003348,23555274,1220
Preclinical animal research,secondary (review),1,Guidelines for assessment of bone microstructure in rodents using micro-computed tomography.,"Bouxsein ML, Boyd SK, Christiansen BA, Guldberg RE, Jepsen KJ, Müller R.",J Bone Miner Res,2010,10.1002/jbmr.141,20533309,3622
Preclinical animal research,secondary (review),2,"The methodological quality assessment tools for preclinical and clinical studies, systematic review and meta-analysis, and clinical practice guideline: a systematic review.","Zeng X, Zhang Y, Kwong JS, Zhang C, Li S, Sun F, Sun F, Niu Y, Du L.",J Evid Based Med,2015,10.1111/jebm.12141,25594108,1540
Preclinical animal research,secondary (review),3,Update of the stroke therapy academic industry roundtable preclinical recommendations.,"Fisher M, Feuerstein G, Howells DW, Hurn PD, Kent TA, Savitz SI, Lo EH, STAIR Group.",Stroke,2009,10.1161/strokeaha.108.541128,19246690,1098
Preclinical animal research,secondary (review),4,Network pharmacology: curing causal mechanisms instead of treating symptoms.,"Nogales C, Mamdouh ZM, List M, Kiel C, Casas AI, Schmidt HHHW.",Trends Pharmacol Sci,2022,10.1016/j.tips.2021.11.004,34895945,841
Preclinical animal research,secondary (review),5,Photodynamic and Photothermal Therapies: Synergy Opportunities for Nanomedicine.,"Overchuk M, Weersink RA, Wilson BC, Zheng G.",ACS Nano,2023,10.1021/acsnano.3c00891,37129253,806
Preclinical animal research,secondary (review),6,Nanoparticles in the clinic.,"Anselmo AC, Mitragotri S.",Bioeng Transl Med,2016,10.1002/btm2.10003,29313004,803
Preclinical animal research,secondary (review),7,"The neurotoxicant, cuprizone, as a model to study demyelination and remyelination in the central nervous system.","Matsushima GK, Morell P.",Brain Pathol,2001,10.1111/j.1750-3639.2001.tb00385.x,11145196,767
Preclinical animal research,secondary (review),8,Reproducibility in science: improving the standard for basic and preclinical research.,"Begley CG, Ioannidis JP.",Circ Res,2015,10.1161/circresaha.114.303819,25552691,666
Preclinical animal research,secondary (review),9,Animal models of ischemic stroke and their application in clinical research.,"Fluri F, Schuhmann MK, Kleinschnitz C.",Drug Des Devel Ther,2015,10.2147/dddt.s56071,26170628,504
Preclinical animal research,secondary (review),10,Evolving therapies for liver fibrosis.,"Schuppan D, Kim YO.",J Clin Invest,2013,10.1172/jci66028,23635787,490
Preclinical animal research,secondary (review),11,Toward wisdom from failure: lessons from neuroprotective stroke trials and new therapeutic directions.,"Gladstone DJ, Black SE, Hakim AM, Heart and Stroke Foundation of Ontario Centre of Excellence in Stroke Recovery.",Stroke,2002,10.1161/01.str.0000025518.34157.51,12154275,484
Preclinical animal research,secondary (review),12,Hormesis: the dose-response revolution.,"Calabrese EJ, Baldwin LA.",Annu Rev Pharmacol Toxicol,2003,10.1146/annurev.pharmtox.43.100901.140223,12195028,482
Preclinical animal research,secondary (review),13,Mouse models for human intestinal microbiota research: a critical evaluation.,"Hugenholtz F, de Vos WM.",Cell Mol Life Sci,2018,10.1007/s00018-017-2693-8,29124307,475
Preclinical animal research,secondary (review),14,Recommendations for planning pilot studies in clinical and translational research.,"Moore CG, Carter RE, Nietert PJ, Stewart PW.",Clin Transl Sci,2011,10.1111/j.1752-8062.2011.00347.x,22029804,464
Preclinical animal research,secondary (review),15,The AOM/DSS murine model for the study of colon carcinogenesis: From pathways to diagnosis and therapy studies.,"De Robertis M, Massi E, Poeta ML, Carotti S, Morini S, Cecchetelli L, Signori E, Fazio VM.",J Carcinog,2011,10.4103/1477-3163.78279,21483655,440
Preclinical animal research,secondary (review),16,"Late-life depression, mild cognitive impairment, and dementia: possible continuum?","Panza F, Frisardi V, Capurso C, D'Introno A, Colacicco AM, Imbimbo BP, Santamato A, Vendemiale G, Seripa D, Pilotto A, Capurso A, Solfrizzi V.",Am J Geriatr Psychiatry,2010,10.1097/jgp.0b013e3181b0fa13,20104067,440
Preclinical animal research,secondary (review),17,Single dose streptozotocin-induced diabetes: considerations for study design in islet transplantation models.,"Deeds MC, Anderson JM, Armstrong AS, Gastineau DA, Hiddinga HJ, Jahangir A, Eberhardt NL, Kudva YC.",Lab Anim,2011,10.1258/la.2010.010090,21478271,412
Preclinical animal research,secondary (review),18,Lateral fluid percussion brain injury: a 15-year review and evaluation.,"Thompson HJ, Lifshitz J, Marklund N, Grady MS, Graham DI, Hovda DA, McIntosh TK.",J Neurotrauma,2005,10.1089/neu.2005.22.42,15665602,405
Preclinical animal research,secondary (review),19,Lipid-Based Nanoparticles for Drug/Gene Delivery: An Overview of the Production Techniques and Difficulties Encountered in Their Industrial Development.,"Mehta M, Bui TA, Yang X, Aksoy Y, Goldys EM, Deng W.",ACS Mater Au,2023,10.1021/acsmaterialsau.3c00032,38089666,383
Preclinical animal research,secondary (review),20,Practical guidelines for rigor and reproducibility in preclinical and clinical studies on cardioprotection.,"Bøtker HE, Hausenloy D, Andreadou I, Antonucci S, Boengler K, Davidson SM, Deshwal S, Devaux Y, Di Lisa F, Di Sante M, Efentakis P, Femminò S, García-Dorado D, Giricz Z, Ibanez B, Iliodromitis E, Kaludercic N, Kleinbongard P, Neuhäuser M, Ovize M, Pagliaro P, Rahbek-Schmidt M, Ruiz-Meana M, Schlüter KD, Schulz R, Skyschally A, Wilder C, Yellon DM, Ferdinandy P, Heusch G.",Basic Res Cardiol,2018,10.1007/s00395-018-0696-8,30120595,379
Preclinical animal research,secondary (review),21,Core candidate neurochemical and imaging biomarkers of Alzheimer's disease.,"Hampel H, Bürger K, Teipel SJ, Bokde AL, Zetterberg H, Blennow K.",Alzheimers Dement,2008,10.1016/j.jalz.2007.08.006,18631949,374
Preclinical animal research,secondary (review),22,"Clinical predictive value of the in vitro cell line, human xenograft, and mouse allograft preclinical cancer models.","Voskoglou-Nomikos T, Pater JL, Seymour L.",Clin Cancer Res,2003,,14519650,362
Preclinical animal research,secondary (review),23,The health effects of vitamin D supplementation: evidence from human studies.,"Bouillon R, Manousaki D, Rosen C, Trajanoska K, Rivadeneira F, Richards JB.",Nat Rev Endocrinol,2022,10.1038/s41574-021-00593-z,34815552,360
Preclinical animal research,secondary (review),24,Resistance vs resilience to Alzheimer disease: Clarifying terminology for preclinical studies.,"Arenaza-Urquijo EM, Vemuri P.",Neurology,2018,10.1212/wnl.0000000000005303,29592885,350
Preclinical animal research,secondary (review),25,Behavioral phenotyping strategies for mutant mice.,Crawley JN.,Neuron,2008,10.1016/j.neuron.2008.03.001,18367082,343
Preclinical animal research,primary (research/methods),1,Nintedanib in Progressive Fibrosing Interstitial Lung Diseases.,"Flaherty KR, Wells AU, Cottin V, Devaraj A, Walsh SLF, Inoue Y, Richeldi L, Kolb M, Tetzlaff K, Stowasser S, Coeck C, Clerisme-Beaty E, Rosenstock B, Quaresma M, Haeufel T, Goeldner RG, Schlenker-Herceg R, Brown KK, INBUILD Trial Investigators.",N Engl J Med,2019,10.1056/nejmoa1908681,31566307,1730
Preclinical animal research,primary (research/methods),2,"Homogenous 96-plex PEA immunoassay exhibiting high sensitivity, specificity, and excellent scalability.","Assarsson E, Lundberg M, Holmquist G, Björkesten J, Thorsen SB, Ekman D, Eriksson A, Rennel Dickens E, Ohlsson S, Edfeldt G, Andersson AC, Lindstedt P, Stenvang J, Gullberg M, Fredriksson S.",PLoS One,2014,10.1371/journal.pone.0095192,24755770,1633
Preclinical animal research,primary (research/methods),3,"The cyclin-dependent kinase 4/6 inhibitor palbociclib in combination with letrozole versus letrozole alone as first-line treatment of oestrogen receptor-positive, HER2-negative, advanced breast cancer (PALOMA-1/TRIO-18): a randomised phase 2 study.","Finn RS, Crown JP, Lang I, Boer K, Bondarenko IM, Kulyk SO, Ettl J, Patel R, Pinter T, Schmidt M, Shparyk Y, Thummala AR, Voytko NL, Fowst C, Huang X, Kim ST, Randolph S, Slamon DJ.",Lancet Oncol,2015,10.1016/s1470-2045(14)71159-3,25524798,1485
Preclinical animal research,primary (research/methods),4,A standardized protocol for repeated social defeat stress in mice.,"Golden SA, Covington HE, Berton O, Russo SJ.",Nat Protoc,2011,10.1038/nprot.2011.361,21799487,1371
Preclinical animal research,primary (research/methods),5,Fractionated but not single-dose radiotherapy induces an immune-mediated abscopal effect when combined with anti-CTLA-4 antibody.,"Dewan MZ, Galloway AE, Kawashima N, Dewyngaert JK, Babb JS, Formenti SC, Demaria S.",Clin Cancer Res,2009,10.1158/1078-0432.ccr-09-0265,19706802,1365
Preclinical animal research,primary (research/methods),6,"Randomized, double-blind, placebo-controlled, pilot trial of infliximab, a chimeric monoclonal antibody to tumor necrosis factor-alpha, in patients with moderate-to-severe heart failure: results of the anti-TNF Therapy Against Congestive Heart Failure (ATTACH) trial.","Chung ES, Packer M, Lo KH, Fasanmade AA, Willerson JT, Anti-TNF Therapy Against Congestive Heart Failure Investigators.",Circulation,2003,10.1161/01.cir.0000077913.60364.d2,12796126,1216
Preclinical animal research,primary (research/methods),7,Therapeutic angiogenesis for patients with limb ischaemia by autologous transplantation of bone-marrow cells: a pilot study and a randomised controlled trial.,"Tateishi-Yuyama E, Matsubara H, Murohara T, Ikeda U, Shintani S, Masaki H, Amano K, Kishimoto Y, Yoshimoto K, Akashi H, Shimada K, Iwasaka T, Imaizumi T, Therapeutic Angiogenesis using Cell Transplantation (TACT) Study Investigators.",Lancet,2002,10.1016/s0140-6736(02)09670-8,12241713,1197
Preclinical animal research,primary (research/methods),8,High-throughput screening using patient-derived tumor xenografts to predict clinical trial drug response.,"Gao H, Korn JM, Ferretti S, Monahan JE, Wang Y, Singh M, Zhang C, Schnell C, Yang G, Zhang Y, Balbin OA, Barbe S, Cai H, Casey F, Chatterjee S, Chiang DY, Chuai S, Cogan SM, Collins SD, Dammassa E, Ebel N, Embry M, Green J, Kauffmann A, Kowal C, Leary RJ, Lehar J, Liang Y, Loo A, Lorenzana E, Robert McDonald E, McLaughlin ME, Merkin J, Meyer R, Naylor TL, Patawaran M, Reddy A, Röelli C, Ruddy DA, Salangsang F, Santacroce F, Singh AP, Tang Y, Tinetto W, Tobler S, Velazquez R, Venkatesan K, Von Arx F, Wang HQ, Wang Z, Wiesmann M, Wyss D, Xu F, Bitter H, Atadja P, Lees E, Hofmann F, Li E, Keen N, Cozens R, Jensen MR, Pryer NK, Williams JA, Sellers WR.",Nat Med,2015,10.1038/nm.3954,26479923,1092
Preclinical animal research,primary (research/methods),9,"DS-8201a, A Novel HER2-Targeting ADC with a Novel DNA Topoisomerase I Inhibitor, Demonstrates a Promising Antitumor Efficacy with Differentiation from T-DM1.","Ogitani Y, Aida T, Hagihara K, Yamaguchi J, Ishii C, Harada N, Soma M, Okamoto H, Oitate M, Arakawa S, Hirai T, Atsumi R, Nakada T, Hayakawa I, Abe Y, Agatsuma T.",Clin Cancer Res,2016,10.1158/1078-0432.ccr-15-2822,27026201,990
Preclinical animal research,primary (research/methods),10,A call for transparent reporting to optimize the predictive value of preclinical research.,"Landis SC, Amara SG, Asadullah K, Austin CP, Blumenstein R, Bradley EW, Crystal RG, Darnell RB, Ferrante RJ, Fillit H, Finkelstein R, Fisher M, Gendelman HE, Golub RM, Goudreau JL, Gross RA, Gubitz AK, Hesterlee SE, Howells DW, Huguenard J, Kelner K, Koroshetz W, Krainc D, Lazic SE, Levine MS, Macleod MR, McCall JM, Moxley RT, Narasimhan K, Noble LJ, Perrin S, Porter JD, Steward O, Unger E, Utz U, Silberberg SD.",Nature,2012,10.1038/nature11556,23060188,953
Preclinical animal research,primary (research/methods),11,Effects of drug loading on the antitumor activity of a monoclonal antibody drug conjugate.,"Hamblett KJ, Senter PD, Chace DF, Sun MM, Lenox J, Cerveny CG, Kissler KM, Bernhardt SX, Kopcha AK, Zabinski RF, Meyer DL, Francisco JA.",Clin Cancer Res,2004,10.1158/1078-0432.ccr-04-0789,15501986,929
Preclinical animal research,primary (research/methods),12,The National Lung Screening Trial: overview and study design.,"National Lung Screening Trial Research Team, Aberle DR, Berg CD, Black WC, Church TR, Fagerstrom RM, Galen B, Gareen IF, Gatsonis C, Goldin J, Gohagan JK, Hillman B, Jaffe C, Kramer BS, Lynch D, Marcus PM, Schnall M, Sullivan DC, Sullivan D, Zylak CJ.",Radiology,2011,10.1148/radiol.10091808,21045183,912
Preclinical animal research,primary (research/methods),13,Gemcitabine selectively eliminates splenic Gr-1+/CD11b+ myeloid suppressor cells in tumor-bearing animals and enhances antitumor immune activity.,"Suzuki E, Kapoor V, Jassar AS, Kaiser LR, Albelda SM.",Clin Cancer Res,2005,10.1158/1078-0432.ccr-05-0883,16166452,833
Preclinical animal research,primary (research/methods),14,Multi-site assessment of the precision and reproducibility of multiple reaction monitoring-based measurements of proteins in plasma.,"Addona TA, Abbatiello SE, Schilling B, Skates SJ, Mani DR, Bunk DM, Spiegelman CH, Zimmerman LJ, Ham AJ, Keshishian H, Hall SC, Allen S, Blackman RK, Borchers CH, Buck C, Cardasis HL, Cusack MP, Dodder NG, Gibson BW, Held JM, Hiltke T, Jackson A, Johansen EB, Kinsinger CR, Li J, Mesri M, Neubert TA, Niles RK, Pulsipher TC, Ransohoff D, Rodriguez H, Rudnick PA, Smith D, Tabb DL, Tegeler TJ, Variyath AM, Vega-Montoto LJ, Wahlander A, Waldemarson S, Wang M, Whiteaker JR, Zhao L, Anderson NL, Fisher SJ, Liebler DC, Paulovich AG, Regnier FE, Tempst P, Carr SA.",Nat Biotechnol,2009,10.1038/nbt.1546,19561596,820
Preclinical animal research,primary (research/methods),15,Immune-mediated inhibition of metastases after treatment with local radiation and CTLA-4 blockade in a mouse model of breast cancer.,"Demaria S, Kawashima N, Yang AM, Devitt ML, Babb JS, Allison JP, Formenti SC.",Clin Cancer Res,2005,10.1158/1078-0432.728.11.2,15701862,810
Preclinical animal research,primary (research/methods),16,Impact of caloric restriction on health and survival in rhesus monkeys from the NIA study.,"Mattison JA, Roth GS, Beasley TM, Tilmont EM, Handy AM, Herbert RL, Longo DL, Allison DB, Young JE, Bryant M, Barnard D, Ward WF, Qi W, Ingram DK, de Cabo R, de Cabo R.",Nature,2012,10.1038/nature11432,22932268,777
Preclinical animal research,primary (research/methods),17,Advances in establishment and analysis of three-dimensional tumor spheroid-based functional assays for target validation and drug evaluation.,"Vinci M, Gowan S, Boxall F, Patterson L, Zimmermann M, Court W, Lomas C, Mendiola M, Hardisson D, Eccles SA.",BMC Biol,2012,10.1186/1741-7007-10-29,22439642,777
Preclinical animal research,primary (research/methods),18,"Afatinib versus placebo for patients with advanced, metastatic non-small-cell lung cancer after failure of erlotinib, gefitinib, or both, and one or two lines of chemotherapy (LUX-Lung 1): a phase 2b/3 randomised trial.","Miller VA, Hirsh V, Cadranel J, Chen YM, Park K, Kim SW, Zhou C, Su WC, Wang M, Sun Y, Heo DS, Crino L, Tan EH, Chao TY, Shahidi M, Cong XJ, Lorence RM, Yang JC.",Lancet Oncol,2012,10.1016/s1470-2045(12)70087-6,22452896,763
Preclinical animal research,primary (research/methods),19,"Exenatide once weekly versus placebo in Parkinson's disease: a randomised, double-blind, placebo-controlled trial.","Athauda D, Maclagan K, Skene SS, Bajwa-Joseph M, Letchford D, Chowdhury K, Hibbert S, Budnik N, Zampedri L, Dickson J, Li Y, Aviles-Olmos I, Warner TT, Limousin P, Lees AJ, Greig NH, Tebbs S, Foltynie T.",Lancet,2017,10.1016/s0140-6736(17)31585-4,28781108,714
Preclinical animal research,primary (research/methods),20,Efficient and accurate extraction of in vivo calcium signals from microendoscopic video data.,"Zhou P, Resendez SL, Rodriguez-Romaguera J, Jimenez JC, Neufeld SQ, Giovannucci A, Friedrich J, Pnevmatikakis EA, Stuber GD, Hen R, Kheirbek MA, Sabatini BL, Kass RE, Paninski L.",Elife,2018,10.7554/elife.28728,29469809,658
Preclinical animal research,primary (research/methods),21,"Quantification of oxygen-induced retinopathy in the mouse: a model of vessel loss, vessel regrowth and pathological angiogenesis.","Connor KM, Krah NM, Dennison RJ, Aderman CM, Chen J, Guerin KI, Sapieha P, Stahl A, Willett KL, Smith LE.",Nat Protoc,2009,10.1038/nprot.2009.187,19816419,645
Preclinical animal research,primary (research/methods),22,The Economics of Reproducibility in Preclinical Research.,"Freedman LP, Cockburn IM, Simcoe TS.",PLoS Biol,2015,10.1371/journal.pbio.1002165,26057340,635
Preclinical animal research,primary (research/methods),23,"Neurodevelopmental outcome at 2 years of age after general anaesthesia and awake-regional anaesthesia in infancy (GAS): an international multicentre, randomised controlled trial.","Davidson AJ, Disma N, de Graaff JC, Withington DE, Dorris L, Bell G, Stargatt R, Bellinger DC, Schuster T, Arnup SJ, Hardy P, Hunt RW, Takagi MJ, Giribaldi G, Hartmann PL, Salvo I, Morton NS, von Ungern Sternberg BS, Locatelli BG, Wilton N, Lynn A, Thomas JJ, Polaner D, Bagshaw O, Szmuk P, Absalom AR, Frawley G, Berde C, Ormond GD, Marmor J, McCann ME, GAS consortium.",Lancet,2016,10.1016/s0140-6736(15)00608-x,26507180,623
Preclinical animal research,primary (research/methods),24,Measurement of cardiac function using pressure-volume conductance catheter technique in mice and rats.,"Pacher P, Nagayama T, Mukhopadhyay P, Bátkai S, Kass DA.",Nat Protoc,2008,10.1038/nprot.2008.138,18772869,617
Preclinical animal research,primary (research/methods),25,"ABT-888, an orally active poly(ADP-ribose) polymerase inhibitor that potentiates DNA-damaging agents in preclinical tumor models.","Donawho CK, Luo Y, Luo Y, Penning TD, Bauch JL, Bouska JJ, Bontcheva-Diaz VD, Cox BF, DeWeese TL, Dillehay LE, Ferguson DC, Ghoreishi-Haack NS, Grimm DR, Guan R, Han EK, Holley-Shanks RR, Hristov B, Idler KB, Jarvis K, Johnson EF, Kleinberg LR, Klinghofer V, Lasko LM, Liu X, Marsh KC, McGonigal TP, Meulbroek JA, Olson AM, Palma JP, Rodriguez LE, Shi Y, Stavropoulos JA, Tsurutani AC, Zhu GD, Rosenberg SH, Giranda VL, Frost DJ.",Clin Cancer Res,2007,10.1158/1078-0432.ccr-06-3039,17473206,597
Neuroscience,secondary (review),1,Power failure: why small sample size undermines the reliability of neuroscience.,"Button KS, Ioannidis JP, Mokrysz C, Nosek BA, Flint J, Robinson ES, Munafò MR.",Nat Rev Neurosci,2013,10.1038/nrn3475,23571845,4645
Neuroscience,secondary (review),2,What we can do and what we cannot do with fMRI.,Logothetis NK.,Nature,2008,10.1038/nature06976,18548064,2164
Neuroscience,secondary (review),3,Evidence based physical activity for school-age youth.,"Strong WB, Malina RM, Blimkie CJ, Daniels SR, Dishman RK, Gutin B, Hergenroeder AC, Must A, Nixon PA, Pivarnik JM, Rowland T, Trost S, Trudeau F.",J Pediatr,2005,10.1016/j.jpeds.2005.01.055,15973308,1770
Neuroscience,secondary (review),4,Partial Least Squares (PLS) methods for neuroimaging: a tutorial and review.,"Krishnan A, Williams LJ, McIntosh AR, Abdi H.",Neuroimage,2011,10.1016/j.neuroimage.2010.07.034,20656037,1081
Neuroscience,secondary (review),5,Scanning the horizon: towards transparent and reproducible neuroimaging research.,"Poldrack RA, Baker CI, Durnez J, Gorgolewski KJ, Matthews PM, Munafò MR, Nichols TE, Poline JB, Vul E, Yarkoni T.",Nat Rev Neurosci,2017,10.1038/nrn.2016.167,28053326,1060
Neuroscience,secondary (review),6,Dimensionality reduction for large-scale neural recordings.,"Cunningham JP, Yu BM.",Nat Neurosci,2014,10.1038/nn.3776,25151264,978
Neuroscience,secondary (review),7,Interventions for enhancing medication adherence.,"Nieuwlaat R, Wilczynski N, Navarro T, Hobson N, Jeffery R, Keepanasseril A, Agoritsas T, Mistry N, Iorio A, Jack S, Sivaramalingam B, Iserman E, Mustafa RA, Jedraszewski D, Cotoi C, Haynes RB.",Cochrane Database Syst Rev,2014,10.1002/14651858.cd000011.pub4,25412402,887
Neuroscience,secondary (review),8,A Tutorial Review of Functional Connectivity Analysis Methods and Their Interpretational Pitfalls.,"Bastos AM, Schoffelen JM.",Front Syst Neurosci,2015,10.3389/fnsys.2015.00175,26778976,858
Neuroscience,secondary (review),9,Dealing with feeling: a meta-analysis of the effectiveness of strategies derived from the process model of emotion regulation.,"Webb TL, Miles E, Sheeran P.",Psychol Bull,2012,10.1037/a0027600,22582737,851
Neuroscience,secondary (review),10,Psychological and behavioral treatment of insomnia:update of the recent evidence (1998-2004).,"Morin CM, Bootzin RR, Buysse DJ, Edinger JD, Espie CA, Lichstein KL.",Sleep,2006,10.1093/sleep/29.11.1398,17162986,751
Neuroscience,secondary (review),11,The NKI-Rockland Sample: A Model for Accelerating the Pace of Discovery Science in Psychiatry.,"Nooner KB, Colcombe SJ, Tobe RH, Mennes M, Benedict MM, Moreno AL, Panek LJ, Brown S, Zavitz ST, Li Q, Sikka S, Gutman D, Bangaru S, Schlachter RT, Kamiel SM, Anwar AR, Hinz CM, Kaplan MS, Rachlin AB, Adelsberg S, Cheung B, Khanuja R, Yan C, Craddock CC, Calhoun V, Courtney W, King M, Wood D, Cox CL, Kelly AM, Di Martino A, Petkova E, Reiss PT, Duan N, Thomsen D, Biswal B, Coffey B, Hoptman MJ, Javitt DC, Pomara N, Sidtis JJ, Koplewicz HS, Castellanos FX, Leventhal BL, Milham MP.",Front Neurosci,2012,10.3389/fnins.2012.00152,23087608,665
Neuroscience,secondary (review),12,Single subject prediction of brain disorders in neuroimaging: Promises and pitfalls.,"Arbabshirani MR, Plis S, Sui J, Calhoun VD.",Neuroimage,2017,10.1016/j.neuroimage.2016.02.079,27012503,650
Neuroscience,secondary (review),13,Internet-Based Cognitive Behavioral Therapy for Depression: A Systematic Review and Individual Patient Data Network Meta-analysis.,"Karyotaki E, Efthimiou O, Miguel C, Bermpohl FMG, Furukawa TA, Cuijpers P, Individual Patient Data Meta-Analyses for Depression (IPDMA-DE) Collaboration, Riper H, Patel V, Mira A, Gemmil AW, Yeung AS, Lange A, Williams AD, Mackinnon A, Geraedts A, van Straten A, Meyer B, Björkelund C, Knaevelsrud C, Beevers CG, Botella C, Strunk DR, Mohr DC, Ebert DD, Kessler D, Richards D, Littlewood E, Forsell E, Feng F, Wang F, Andersson G, Hadjistavropoulos H, Christensen H, Ezawa ID, Choi I, Rosso IM, Klein JP, Shumake J, Garcia-Campayo J, Milgrom J, Smith J, Montero-Marin J, Newby JM, Bretón-López J, Schneider J, Vernmark K, Bücker L, Sheeber LB, Warmerdam L, Farrer L, Heinrich M, Huibers MJH, Kivi M, Kraepelien M, Forand NR, Pugh N, Lindefors N, Lintvedt O, Zagorscak P, Carlbring P, Phillips R, Johansson R, Kessler RC, Brabyn S, Perini S, Rauch SL, Gilbody S, Moritz S, Berger T, Pop V, Kaldo V, Spek V, Forsell Y.",JAMA Psychiatry,2021,10.1001/jamapsychiatry.2020.4364,33471111,599
Neuroscience,secondary (review),14,Nonpharmacologic therapies for acute and chronic low back pain: a review of the evidence for an American Pain Society/American College of Physicians clinical practice guideline.,"Chou R, Huffman LH, American Pain Society, American College of Physicians.",Ann Intern Med,2007,10.7326/0003-4819-147-7-200710020-00007,17909210,568
Neuroscience,secondary (review),15,"Illuminating the developing brain: the past, present and future of functional near infrared spectroscopy.","Lloyd-Fox S, Blasi A, Elwell CE.",Neurosci Biobehav Rev,2010,10.1016/j.neubiorev.2009.07.008,19632270,565
Neuroscience,secondary (review),16,ENIGMA and global neuroscience: A decade of large-scale studies of the brain in health and disease across more than 40 countries.,"Thompson PM, Jahanshad N, Ching CRK, Salminen LE, Thomopoulos SI, Bright J, Baune BT, Bertolín S, Bralten J, Bruin WB, Bülow R, Chen J, Chye Y, Dannlowski U, de Kovel CGF, Donohoe G, Eyler LT, Faraone SV, Favre P, Filippi CA, Frodl T, Garijo D, Gil Y, Grabe HJ, Grasby KL, Hajek T, Han LKM, Hatton SN, Hilbert K, Ho TC, Holleran L, Homuth G, Hosten N, Houenou J, Ivanov I, Jia T, Kelly S, Klein M, Kwon JS, Laansma MA, Leerssen J, Lueken U, Nunes A, Neill JO, Opel N, Piras F, Piras F, Postema MC, Pozzi E, Shatokhina N, Soriano-Mas C, Spalletta G, Sun D, Teumer A, Tilot AK, Tozzi L, van der Merwe C, Van Someren EJW, van Wingen GA, Völzke H, Walton E, Wang L, Winkler AM, Wittfeld K, Wright MJ, Yun JY, Zhang G, Zhang-James Y, Adhikari BM, Agartz I, Aghajani M, Aleman A, Althoff RR, Altmann A, Andreassen OA, Baron DA, Bartnik-Olson BL, Marie Bas-Hoogendam J, Baskin-Sommers AR, Bearden CE, Berner LA, Boedhoe PSW, Brouwer RM, Buitelaar JK, Caeyenberghs K, Cecil CAM, Cohen RA, Cole JH, Conrod PJ, De Brito SA, de Zwarte SMC, Dennis EL, Desrivieres S, Dima D, Ehrlich S, Esopenko C, Fairchild G, Fisher SE, Fouche JP, Francks C, Frangou S, Franke B, Garavan HP, Glahn DC, Groenewold NA, Gurholt TP, Gutman BA, Hahn T, Harding IH, Hernaus D, Hibar DP, Hillary FG, Hoogman M, Hulshoff Pol HE, Jalbrzikowski M, Karkashadze GA, Klapwijk ET, Knickmeyer RC, Kochunov P, Koerte IK, Kong XZ, Liew SL, Lin AP, Logue MW, Luders E, Macciardi F, Mackey S, Mayer AR, McDonald CR, McMahon AB, Medland SE, Modinos G, Morey RA, Mueller SC, Mukherjee P, Namazova-Baranova L, Nir TM, Olsen A, Paschou P, Pine DS, Pizzagalli F, Rentería ME, Rohrer JD, Sämann PG, Schmaal L, Schumann G, Shiroishi MS, Sisodiya SM, Smit DJA, Sønderby IE, Stein DJ, Stein JL, Tahmasian M, Tate DF, Turner JA, van den Heuvel OA, van der Wee NJA, van der Werf YD, van Erp TGM, van Haren NEM, van Rooij D, van Velzen LS, Veer IM, Veltman DJ, Villalon-Reina JE, Walter H, Whelan CD, Wilde EA, Zarei M, Zelman V, ENIGMA Consortium.",Transl Psychiatry,2020,10.1038/s41398-020-0705-1,32198361,557
Neuroscience,secondary (review),17,Best practices in data analysis and sharing in neuroimaging using MRI.,"Nichols TE, Das S, Eickhoff SB, Evans AC, Glatard T, Hanke M, Kriegeskorte N, Milham MP, Poldrack RA, Poline JB, Proal E, Thirion B, Van Essen DC, White T, Yeo BT.",Nat Neurosci,2017,10.1038/nn.4500,28230846,545
Neuroscience,secondary (review),18,Empathy: gender effects in brain and behavior.,"Christov-Moore L, Simpson EA, Coudé G, Grigaityte K, Iacoboni M, Ferrari PF.",Neurosci Biobehav Rev,2014,10.1016/j.neubiorev.2014.09.001,25236781,536
Neuroscience,secondary (review),19,Brain templates and atlases.,"Evans AC, Janke AL, Collins DL, Baillet S.",Neuroimage,2012,10.1016/j.neuroimage.2012.01.024,22248580,519
Neuroscience,secondary (review),20,Behavioral counseling interventions in primary care to reduce risky/harmful alcohol use by adults: a summary of the evidence for the U.S. Preventive Services Task Force.,"Whitlock EP, Polen MR, Green CA, Orleans T, Klein J, U.S. Preventive Services Task Force.",Ann Intern Med,2004,10.7326/0003-4819-140-7-200404060-00017,15068985,483
Neuroscience,secondary (review),21,Maternal lifestyle factors in pregnancy risk of attention deficit hyperactivity disorder and associated behaviors: review of the current evidence.,"Linnet KM, Dalsgaard S, Obel C, Wisborg K, Henriksen TB, Rodriguez A, Kotimaa A, Moilanen I, Thomsen PH, Olsen J, Jarvelin MR.",Am J Psychiatry,2003,10.1176/appi.ajp.160.6.1028,12777257,480
Neuroscience,secondary (review),22,Neuroimaging of the Philadelphia neurodevelopmental cohort.,"Satterthwaite TD, Elliott MA, Ruparel K, Loughead J, Prabhakaran K, Calkins ME, Hopson R, Jackson C, Keefe J, Riley M, Mentch FD, Sleiman P, Verma R, Davatzikos C, Hakonarson H, Gur RC, Gur RE.",Neuroimage,2014,10.1016/j.neuroimage.2013.07.064,23921101,478
Neuroscience,secondary (review),23,Systematic review: factors associated with risk for and possible prevention of cognitive decline in later life.,"Plassman BL, Williams JW, Burke JR, Holsinger T, Benjamin S.",Ann Intern Med,2010,10.7326/0003-4819-153-3-201008030-00258,20547887,471
Neuroscience,secondary (review),24,Early skin-to-skin contact for mothers and their healthy newborn infants.,"Moore ER, Bergman N, Anderson GC, Medley N.",Cochrane Database Syst Rev,2016,10.1002/14651858.cd003519.pub4,27885658,457
Neuroscience,secondary (review),25,The benefits of noise in neural systems: bridging theory and experiment.,"McDonnell MD, Ward LM.",Nat Rev Neurosci,2011,10.1038/nrn3061,21685932,451
Neuroscience,primary (research/methods),1,"G*Power 3: a flexible statistical power analysis program for the social, behavioral, and biomedical sciences.","Faul F, Erdfelder E, Lang AG, Buchner A.",Behav Res Methods,2007,10.3758/bf03193146,17695343,31385
Neuroscience,primary (research/methods),2,Nonparametric permutation tests for functional neuroimaging: a primer with examples.,"Nichols TE, Holmes AP.",Hum Brain Mapp,2002,10.1002/hbm.1058,11747097,5219
Neuroscience,primary (research/methods),3,A reproducible evaluation of ANTs similarity metric performance in brain image registration.,"Avants BB, Tustison NJ, Song G, Cook PA, Klein A, Gee JC.",Neuroimage,2011,10.1016/j.neuroimage.2010.09.025,20851191,4119
Neuroscience,primary (research/methods),4,Thrombectomy within 8 hours after symptom onset in ischemic stroke.,"Jovin TG, Chamorro A, Cobo E, de Miquel MA, Molina CA, Rovira A, San Román L, Serena J, Abilleira S, Ribó M, Millán M, Urra X, Cardona P, López-Cancio E, Tomasello A, Castaño C, Blasco J, Aja L, Dorado L, Quesada H, Rubiera M, Hernandez-Pérez M, Goyal M, Demchuk AM, von Kummer R, Gallofré M, Dávalos A, REVASCAT Trial Investigators.",N Engl J Med,2015,10.1056/nejmoa1503780,25882510,3737
Neuroscience,primary (research/methods),5,PsychoPy2: Experiments in behavior made easy.,"Peirce J, Gray JR, Simpson S, MacAskill M, Höchenberger R, Sogo H, Kastman E, Lindeløv JK.",Behav Res Methods,2019,10.3758/s13428-018-01193-y,30734206,3236
Neuroscience,primary (research/methods),6,Permutation inference for the general linear model.,"Winkler AM, Ridgway GR, Webster MA, Smith SM, Nichols TE.",Neuroimage,2014,10.1016/j.neuroimage.2014.01.060,24530839,3184
Neuroscience,primary (research/methods),7,Testing for phylogenetic signal in comparative data: behavioral traits are more labile.,"Blomberg SP, Garland T, Ives AR.",Evolution,2003,10.1111/j.0014-3820.2003.tb00285.x,12778543,2831
Neuroscience,primary (research/methods),8,MEG and EEG data analysis with MNE-Python.,"Gramfort A, Luessi M, Larson E, Engemann DA, Strohmeier D, Brodbeck C, Goj R, Jas M, Brooks T, Parkkonen L, Hämäläinen M.",Front Neurosci,2013,10.3389/fnins.2013.00267,24431986,2560
Neuroscience,primary (research/methods),9,Toward discovery science of human brain function.,"Biswal BB, Mennes M, Zuo XN, Gohel S, Kelly C, Smith SM, Beckmann CF, Adelstein JS, Buckner RL, Colcombe S, Dogonowski AM, Ernst M, Fair D, Hampson M, Hoptman MJ, Hyde JS, Kiviniemi VJ, Kötter R, Li SJ, Lin CP, Lowe MJ, Mackay C, Madden DJ, Madsen KH, Margulies DS, Mayberg HS, McMahon K, Monk CS, Mostofsky SH, Nagel BJ, Pekar JJ, Peltier SJ, Petersen SE, Riedl V, Rombouts SA, Rypma B, Schlaggar BL, Schmidt S, Seidler RD, Siegle GJ, Sorg C, Teng GJ, Veijola J, Villringer A, Walter M, Wang L, Weng XC, Whitfield-Gabrieli S, Williamson P, Windischberger C, Zang YF, Zhang HY, Castellanos FX, Milham MP.",Proc Natl Acad Sci U S A,2010,10.1073/pnas.0911855107,20176931,2349
Neuroscience,primary (research/methods),10,Representational similarity analysis - connecting the branches of systems neuroscience.,"Kriegeskorte N, Mur M, Bandettini P.",Front Syst Neurosci,2008,10.3389/neuro.06.004.2008,19104670,2311
Neuroscience,primary (research/methods),11,Functional neuroanatomy of emotion: a meta-analysis of emotion activation studies in PET and fMRI.,"Phan KL, Wager T, Taylor SF, Liberzon I.",Neuroimage,2002,10.1006/nimg.2002.1087,12030820,2239
Neuroscience,primary (research/methods),12,The cumulative cost of additional wakefulness: dose-response effects on neurobehavioral functions and sleep physiology from chronic sleep restriction and total sleep deprivation.,"Van Dongen HP, Maislin G, Mullington JM, Dinges DF.",Sleep,2003,10.1093/sleep/26.2.117,12683469,1893
Neuroscience,primary (research/methods),13,Reproducible brain-wide association studies require thousands of individuals.,"Marek S, Tervo-Clemmens B, Calabro FJ, Montez DF, Kay BP, Hatoum AS, Donohue MR, Foran W, Miller RL, Hendrickson TJ, Malone SM, Kandala S, Feczko E, Miranda-Dominguez O, Graham AM, Earl EA, Perrone AJ, Cordova M, Doyle O, Moore LA, Conan GM, Uriarte J, Snider K, Lynch BJ, Wilgenbusch JC, Pengo T, Tam A, Chen J, Newbold DJ, Zheng A, Seider NA, Van AN, Metoki A, Chauvin RJ, Laumann TO, Greene DJ, Petersen SE, Garavan H, Thompson WK, Nichols TE, Yeo BTT, Barch DM, Luna B, Fair DA, Dosenbach NUF.",Nature,2022,10.1038/s41586-022-04492-9,35296861,1886
Neuroscience,primary (research/methods),14,Enhancing treatment fidelity in health behavior change studies: best practices and recommendations from the NIH Behavior Change Consortium.,"Bellg AJ, Borrelli B, Resnick B, Hecht J, Minicucci DS, Ory M, Ogedegbe G, Orwig D, Ernst D, Czajkowski S, Treatment Fidelity Workgroup of the NIH Behavior Change Consortium.",Health Psychol,2004,10.1037/0278-6133.23.5.443,15367063,1682
Neuroscience,primary (research/methods),15,Harmonization of cortical thickness measurements across scanners and sites.,"Fortin JP, Cullen N, Sheline YI, Taylor WD, Aselcioglu I, Cook PA, Adams P, Cooper C, Fava M, McGrath PJ, McInnis M, Phillips ML, Trivedi MH, Weissman MM, Shinohara RT.",Neuroimage,2018,10.1016/j.neuroimage.2017.11.024,29155184,1457
Neuroscience,primary (research/methods),16,"Sample Size Requirements for Structural Equation Models: An Evaluation of Power, Bias, and Solution Propriety.","Wolf EJ, Harrington KM, Clark SL, Miller MW.",Educ Psychol Meas,2013,10.1177/0013164413495237,25705052,1323
Neuroscience,primary (research/methods),17,Meta-analysis of the functional neuroanatomy of single-word reading: method and validation.,"Turkeltaub PE, Eden GF, Jones KM, Zeffiro TA.",Neuroimage,2002,10.1006/nimg.2002.1131,12169260,1252
Neuroscience,primary (research/methods),18,The strength of phenotypic selection in natural populations.,"Kingsolver JG, Hoekstra HE, Hoekstra JM, Berrigan D, Vignieri SN, Hill CE, Hoang A, Gibert P, Beerli P.",Am Nat,2001,10.1086/319193,18707288,1147
Neuroscience,primary (research/methods),19,ALE meta-analysis of action observation and imitation in the human brain.,"Caspers S, Zilles K, Zilles K, Laird AR, Eickhoff SB.",Neuroimage,2010,10.1016/j.neuroimage.2009.12.112,20056149,1010
Neuroscience,primary (research/methods),20,A method for removing imaging artifact from continuous EEG recorded during functional MRI.,"Allen PJ, Josephs O, Turner R.",Neuroimage,2000,10.1006/nimg.2000.0599,10913328,995
Neuroscience,primary (research/methods),21,A Randomized Trial of E-Cigarettes versus Nicotine-Replacement Therapy.,"Hajek P, Phillips-Waller A, Przulj D, Pesola F, Myers Smith K, Bisal N, Li J, Parrott S, Sasieni P, Dawkins L, Ross L, Goniewicz M, Wu Q, McRobbie HJ.",N Engl J Med,2019,10.1056/nejmoa1808779,30699054,990
Neuroscience,primary (research/methods),22,A trial of imaging selection and endovascular treatment for ischemic stroke.,"Kidwell CS, Jahan R, Gornbein J, Alger JR, Nenov V, Ajani Z, Feng L, Meyer BC, Olson S, Schwamm LH, Yoo AJ, Marshall RS, Meyers PM, Yavagal DR, Wintermark M, Guzy J, Starkman S, Saver JL, MR RESCUE Investigators.",N Engl J Med,2013,10.1056/nejmoa1212793,23394476,969
Neuroscience,primary (research/methods),23,Groupwise whole-brain parcellation from resting-state fMRI data for network node identification.,"Shen X, Tokoglu F, Papademetris X, Constable RT.",Neuroimage,2013,10.1016/j.neuroimage.2013.05.081,23747961,930
Neuroscience,primary (research/methods),24,Subcortical brain alterations in major depressive disorder: findings from the ENIGMA Major Depressive Disorder working group.,"Schmaal L, Veltman DJ, van Erp TG, Sämann PG, Frodl T, Jahanshad N, Loehrer E, Tiemeier H, Hofman A, Niessen WJ, Vernooij MW, Ikram MA, Wittfeld K, Grabe HJ, Block A, Hegenscheid K, Völzke H, Hoehn D, Czisch M, Lagopoulos J, Hatton SN, Hickie IB, Goya-Maldonado R, Krämer B, Gruber O, Couvy-Duchesne B, Rentería ME, Strike LT, Mills NT, de Zubicaray GI, McMahon KL, Medland SE, Martin NG, Gillespie NA, Wright MJ, Hall GB, MacQueen GM, Frey EM, Carballedo A, van Velzen LS, van Tol MJ, van der Wee NJ, Veer IM, Walter H, Schnell K, Schramm E, Normann C, Schoepf D, Konrad C, Zurowski B, Nickson T, McIntosh AM, Papmeyer M, Whalley HC, Sussmann JE, Godlewska BR, Cowen PJ, Fischer FH, Rose M, Penninx BW, Thompson PM, Hibar DP.",Mol Psychiatry,2016,10.1038/mp.2015.69,26122586,921
Neuroscience,primary (research/methods),25,Machine learning algorithm validation with a limited sample size.,"Vabalas A, Gowen E, Poliakoff E, Casson AJ.",PLoS One,2019,10.1371/journal.pone.0224365,31697686,815
Ecology & evolution,secondary (review),1,Artificial intelligence in cancer imaging: Clinical challenges and applications.,"Bi WL, Hosny A, Schabath MB, Giger ML, Birkbak NJ, Mehrtash A, Allison T, Arnaout O, Abbosh C, Dunn IF, Mak RH, Tamimi RM, Tempany CM, Swanton C, Hoffmann U, Schwartz LH, Gillies RJ, Huang RY, Aerts HJWL.",CA Cancer J Clin,2019,10.3322/caac.21552,30720861,1227
Ecology & evolution,secondary (review),2,Environmental DNA metabarcoding: Transforming how we survey animal and plant communities.,"Deiner K, Bik HM, Mächler E, Seymour M, Lacoursière-Roussel A, Altermatt F, Creer S, Bista I, Lodge DM, de Vere N, Pfrender ME, Bernatchez L.",Mol Ecol,2017,10.1111/mec.14350,28921802,866
Ecology & evolution,secondary (review),3,"Oxidative stress as a mediator of life history trade-offs: mechanisms, measurements and interpretation.","Monaghan P, Metcalfe NB, Torres R.",Ecol Lett,2009,10.1111/j.1461-0248.2008.01258.x,19016828,854
Ecology & evolution,secondary (review),4,Case definitions for use in population-based surveillance of periodontitis.,"Page RC, Eke PI.",J Periodontol,2007,10.1902/jop.2007.060264,17608611,852
Ecology & evolution,secondary (review),5,"Incidence, prevalence and epidemiology of spinal cord injury: what learns a worldwide literature survey?","Wyndaele M, Wyndaele JJ.",Spinal Cord,2006,10.1038/sj.sc.3101893,16389270,697
Ecology & evolution,secondary (review),6,A Review on Biosensors and Recent Development of Nanostructured Materials-Enabled Biosensors.,"Naresh V, Lee N.",Sensors (Basel),2021,10.3390/s21041109,33562639,679
Ecology & evolution,secondary (review),7,The new World Health Organization classification of lung tumours.,"Brambilla E, Travis WD, Colby TV, Corrin B, Shimosato Y.",Eur Respir J,2001,10.1183/09031936.01.00275301,11829087,661
Ecology & evolution,secondary (review),8,Structural variant calling: the long and the short of it.,"Mahmoud M, Gobet N, Cruz-Dávalos DI, Mounier N, Dessimoz C, Sedlazeck FJ.",Genome Biol,2019,10.1186/s13059-019-1828-7,31747936,577
Ecology & evolution,secondary (review),9,Empathy: gender effects in brain and behavior.,"Christov-Moore L, Simpson EA, Coudé G, Grigaityte K, Iacoboni M, Ferrari PF.",Neurosci Biobehav Rev,2014,10.1016/j.neubiorev.2014.09.001,25236781,536
Ecology & evolution,secondary (review),10,Brain templates and atlases.,"Evans AC, Janke AL, Collins DL, Baillet S.",Neuroimage,2012,10.1016/j.neuroimage.2012.01.024,22248580,519
Ecology & evolution,secondary (review),11,Metagenomics - a guide from sampling to data analysis.,"Thomas T, Gilbert J, Meyer F.",Microb Inform Exp,2012,10.1186/2042-5783-2-3,22587947,490
Ecology & evolution,secondary (review),12,"Mechanisms of Silver Nanoparticle Release, Transformation and Toxicity: A Critical Review of Current Knowledge and Recommendations for Future Studies and Applications.","Reidy B, Haase A, Luch A, Dawson KA, Lynch I.",Materials (Basel),2013,10.3390/ma6062295,28809275,477
Ecology & evolution,secondary (review),13,The Proportion of SARS-CoV-2 Infections That Are Asymptomatic : A Systematic Review.,"Oran DP, Topol EJ.",Ann Intern Med,2021,10.7326/m20-6976,33481642,391
Ecology & evolution,secondary (review),14,Potentially malignant disorders of the oral cavity and oral dysplasia: A systematic review and meta-analysis of malignant transformation rate by subtype.,"Iocca O, Sollecito TP, Alawi F, Weinstein GS, Newman JG, De Virgilio A, Di Maio P, Spriano G, Pardiñas López S, Shanti RM.",Head Neck,2020,10.1002/hed.26006,31803979,385
Ecology & evolution,secondary (review),15,The emergence of adaptive laboratory evolution as an efficient tool for biological discovery and industrial biotechnology.,"Sandberg TE, Salazar MJ, Weng LL, Palsson BO, Feist AM.",Metab Eng,2019,10.1016/j.ymben.2019.08.004,31401242,375
Ecology & evolution,secondary (review),16,"Nuclear DNA analyses in genetic studies of populations: practice, problems and prospects.","Zhang DX, Hewitt GM.",Mol Ecol,2003,10.1046/j.1365-294x.2003.01773.x,12675814,372
Ecology & evolution,secondary (review),17,"Lumbar disc nomenclature: version 2.0: Recommendations of the combined task forces of the North American Spine Society, the American Society of Spine Radiology and the American Society of Neuroradiology.","Fardon DF, Williams AL, Dohring EJ, Murtagh FR, Gabriel Rothman SL, Sze GK.",Spine J,2014,10.1016/j.spinee.2014.04.022,24768732,351
Ecology & evolution,secondary (review),18,The microbe electric: conversion of organic matter to electricity.,Lovley DR.,Curr Opin Biotechnol,2008,10.1016/j.copbio.2008.10.005,19000760,320
Ecology & evolution,secondary (review),19,Single-Cell Whole-Genome Amplification and Sequencing: Methodology and Applications.,"Huang L, Ma F, Chapman A, Lu S, Xie XS.",Annu Rev Genomics Hum Genet,2015,10.1146/annurev-genom-090413-025352,26077818,312
Ecology & evolution,secondary (review),20,Reliability of genetic bottleneck tests for detecting recent population declines.,"Peery MZ, Kirby R, Reid BN, Stoelting R, Doucet-Bëer E, Robinson S, Vásquez-Carrillo C, Pauli JN, Palsbøll PJ.",Mol Ecol,2012,10.1111/j.1365-294x.2012.05635.x,22646281,298
Ecology & evolution,secondary (review),21,Imaging outcomes for neuroprotection and repair in multiple sclerosis trials.,"Barkhof F, Calabresi PA, Miller DH, Reingold SC.",Nat Rev Neurol,2009,10.1038/nrneurol.2009.41,19488083,285
Ecology & evolution,secondary (review),22,A Path Toward Precision Medicine for Neuroinflammatory Mechanisms in Alzheimer's Disease.,"Hampel H, Caraci F, Cuello AC, Caruso G, Nisticò R, Corbo M, Baldacci F, Toschi N, Garaci F, Chiesa PA, Verdooner SR, Akman-Anderson L, Hernández F, Ávila J, Emanuele E, Valenzuela PL, Lucía A, Watling M, Imbimbo BP, Vergallo A, Lista S.",Front Immunol,2020,10.3389/fimmu.2020.00456,32296418,281
Ecology & evolution,secondary (review),23,"New era in drug interaction evaluation: US Food and Drug Administration update on CYP enzymes, transporters, and the guidance process.","Huang SM, Strong JM, Zhang L, Reynolds KS, Nallani S, Temple R, Abraham S, Habet SA, Baweja RK, Burckart GJ, Chung S, Colangelo P, Frucht D, Green MD, Hepp P, Karnaukhova E, Ko HS, Lee JI, Marroum PJ, Norden JM, Qiu W, Rahman A, Sobel S, Stifano T, Thummel K, Wei XX, Yasuda S, Zheng JH, Zhao H, Lesko LJ.",J Clin Pharmacol,2008,10.1177/0091270007312153,18378963,250
Ecology & evolution,secondary (review),24,Distinguishing technology from biology: a critical review of the use of GPS telemetry data in ecology.,"Hebblewhite M, Haydon DT.",Philos Trans R Soc Lond B Biol Sci,2010,10.1098/rstb.2010.0087,20566506,241
Ecology & evolution,secondary (review),25,Immunotoxic effects of environmental pollutants in marine mammals.,"Desforges JP, Sonne C, Levin M, Siebert U, De Guise S, Dietz R.",Environ Int,2016,10.1016/j.envint.2015.10.007,26590481,233
Ecology & evolution,primary (research/methods),1,"Integrating single-cell transcriptomic data across different conditions, technologies, and species.","Butler A, Hoffman P, Smibert P, Papalexi E, Satija R.",Nat Biotechnol,2018,10.1038/nbt.4096,29608179,11393
Ecology & evolution,primary (research/methods),2,Testing for phylogenetic signal in comparative data: behavioral traits are more labile.,"Blomberg SP, Garland T, Ives AR.",Evolution,2003,10.1111/j.0014-3820.2003.tb00285.x,12778543,2831
Ecology & evolution,primary (research/methods),3,"VEGAN, a package of R functions for community ecology",Dixon P.,J Veg Sci,2003,10.1111/j.1654-1103.2003.tb02228.x,,2036
Ecology & evolution,primary (research/methods),4,Assessing the generality of global leaf trait relationships.,"Wright IJ, Reich PB, Cornelissen JH, Falster DS, Garnier E, Hikosaka K, Lamont BB, Lee W, Oleksyn J, Osada N, Poorter H, Villar R, Warton DI, Westoby M.",New Phytol,2005,10.1111/j.1469-8137.2005.01349.x,15819912,1447
Ecology & evolution,primary (research/methods),5,"Randomized, double-blind, placebo-controlled, pilot trial of infliximab, a chimeric monoclonal antibody to tumor necrosis factor-alpha, in patients with moderate-to-severe heart failure: results of the anti-TNF Therapy Against Congestive Heart Failure (ATTACH) trial.","Chung ES, Packer M, Lo KH, Fasanmade AA, Willerson JT, Anti-TNF Therapy Against Congestive Heart Failure Investigators.",Circulation,2003,10.1161/01.cir.0000077913.60364.d2,12796126,1216
Ecology & evolution,primary (research/methods),6,Environmental niche equivalency versus conservatism: quantitative approaches to niche evolution.,"Warren DL, Glor RE, Turelli M.",Evolution,2008,10.1111/j.1558-5646.2008.00482.x,18752605,1137
Ecology & evolution,primary (research/methods),7,Obstetric complications and schizophrenia: historical and meta-analytic review.,"Cannon M, Jones PB, Murray RM.",Am J Psychiatry,2002,10.1176/appi.ajp.159.7.1080,12091183,722
Ecology & evolution,primary (research/methods),8,Eyes wide open: a critical review of sphere-formation as an assay for stem cells.,"Pastrana E, Silva-Vargas V, Doetsch F.",Cell Stem Cell,2011,10.1016/j.stem.2011.04.007,21549325,641
Ecology & evolution,primary (research/methods),9,An automated genotyping tool for enteroviruses and noroviruses.,"Kroneman A, Vennema H, Deforche K, v d  Avoort H, Peñaranda S, Oberste MS, Vinjé J, Koopmans M.",J Clin Virol,2011,10.1016/j.jcv.2011.03.006,21514213,631
Ecology & evolution,primary (research/methods),10,Increased taxon sampling greatly reduces phylogenetic error.,"Zwickl DJ, Hillis DM.",Syst Biol,2002,10.1080/10635150290102339,12228001,582
Ecology & evolution,primary (research/methods),11,"Generation, representation and flow of phase information in structure determination: recent developments in and around SHARP 2.0.","Bricogne G, Vonrhein C, Flensburg C, Schiltz M, Paciorek W.",Acta Crystallogr D Biol Crystallogr,2003,10.1107/s0907444903017694,14573958,535
Ecology & evolution,primary (research/methods),12,Using the Past to Predict the Present: Confidence Intervals for Regression Equations in Phylogenetic Comparative Methods.,"Garland T, Ives AR.",Am Nat,2000,10.1086/303327,10718731,528
Ecology & evolution,primary (research/methods),13,"Posterolateral endoscopic excision for lumbar disc herniation: Surgical technique, outcome, and complications in 307 consecutive cases.","Yeung AT, Tsou PM.",Spine (Phila Pa 1976),2002,10.1097/00007632-200204010-00009,11923665,521
Ecology & evolution,primary (research/methods),14,Dynamics of genomic clones in breast cancer patient xenografts at single-cell resolution.,"Eirew P, Steif A, Khattra J, Ha G, Yap D, Farahani H, Gelmon K, Chia S, Mar C, Wan A, Laks E, Biele J, Shumansky K, Rosner J, McPherson A, Nielsen C, Roth AJ, Lefebvre C, Bashashati A, de Souza C, Siu C, Aniba R, Brimhall J, Oloumi A, Osako T, Bruna A, Sandoval JL, Algara T, Greenwood W, Leung K, Cheng H, Xue H, Wang Y, Lin D, Mungall AJ, Moore R, Zhao Y, Lorette J, Nguyen L, Huntsman D, Eaves CJ, Hansen C, Marra MA, Caldas C, Shah SP, Aparicio S.",Nature,2015,10.1038/nature13952,25470049,506
Ecology & evolution,primary (research/methods),15,The program structure does not reliably recover the correct population structure when sampling is uneven: subsampling and new estimators alleviate the problem.,Puechmaille SJ.,Mol Ecol Resour,2016,10.1111/1755-0998.12512,26856252,505
Ecology & evolution,primary (research/methods),16,Patterns of positive selection in six Mammalian genomes.,"Kosiol C, Vinar T, da Fonseca RR, Hubisz MJ, Bustamante CD, Nielsen R, Siepel A.",PLoS Genet,2008,10.1371/journal.pgen.1000144,18670650,451
Ecology & evolution,primary (research/methods),17,Genetic Analysis of 779 Advanced Differentiated and Anaplastic Thyroid Cancers.,"Pozdeyev N, Gay LM, Sokol ES, Hartmaier R, Deaver KE, Davis S, French JD, Borre PV, LaBarbera DV, Tan AC, Schweppe RE, Fishbein L, Ross JS, Haugen BR, Bowles DW.",Clin Cancer Res,2018,10.1158/1078-0432.ccr-18-0373,29615459,437
Ecology & evolution,primary (research/methods),18,Null model analysis of species co‐occurrence patterns,Gotelli NJ.,Ecology,2000,10.1890/0012-9658(2000)081[2606:nmaosc]2.0.co;2,,430
Ecology & evolution,primary (research/methods),19,"The landscape of genetic complexity across 5,700 gene expression traits in yeast.","Brem RB, Kruglyak L.",Proc Natl Acad Sci U S A,2005,10.1073/pnas.0408709102,15659551,420
Ecology & evolution,primary (research/methods),20,The natural history of multiple system atrophy: a prospective European cohort study.,"Wenning GK, Geser F, Krismer F, Seppi K, Duerr S, Boesch S, Köllensperger M, Goebel G, Pfeiffer KP, Barone P, Pellecchia MT, Quinn NP, Koukouni V, Fowler CJ, Schrag A, Mathias CJ, Giladi N, Gurevich T, Dupont E, Ostergaard K, Nilsson CF, Widner H, Oertel W, Eggert KM, Albanese A, del Sorbo F, Tolosa E, Cardozo A, Deuschl G, Hellriegel H, Klockgether T, Dodel R, Sampaio C, Coelho M, Djaldetti R, Melamed E, Gasser T, Kamm C, Meco G, Colosimo C, Rascol O, Meissner WG, Tison F, Poewe W, European Multiple System Atrophy Study Group.",Lancet Neurol,2013,10.1016/s1474-4422(12)70327-7,23391524,404
Ecology & evolution,primary (research/methods),21,MIFlowCyt-EV: a framework for standardized reporting of extracellular vesicle flow cytometry experiments.,"Welsh JA, Van Der Pol E, Arkesteijn GJA, Bremer M, Brisson A, Coumans F, Dignat-George F, Duggan E, Ghiran I, Giebel B, Görgens A, Hendrix A, Lacroix R, Lannigan J, Libregts SFWM, Lozano-Andrés E, Morales-Kastresana A, Robert S, De Rond L, Tertel T, Tigges J, De Wever O, Yan X, Nieuwland R, Wauben MHM, Nolan JP, Jones JC.",J Extracell Vesicles,2020,10.1080/20013078.2020.1713526,32128070,398
Ecology & evolution,primary (research/methods),22,The repertoire and dynamics of evolutionary adaptations to controlled nutrient-limited environments in yeast.,"Gresham D, Desai MM, Tucker CM, Jenq HT, Pai DA, Ward A, DeSevo CG, Botstein D, Dunham MJ.",PLoS Genet,2008,10.1371/journal.pgen.1000303,19079573,390
Ecology & evolution,primary (research/methods),23,"Nilotinib versus imatinib for the treatment of patients with newly diagnosed chronic phase, Philadelphia chromosome-positive, chronic myeloid leukaemia: 24-month minimum follow-up of the phase 3 randomised ENESTnd trial.","Kantarjian HM, Hochhaus A, Saglio G, De Souza C, Flinn IW, Stenke L, Goh YT, Rosti G, Nakamae H, Gallagher NJ, Hoenekopp A, Blakesley RE, Larson RA, Hughes TP.",Lancet Oncol,2011,10.1016/s1470-2045(11)70201-7,21856226,372
Ecology & evolution,primary (research/methods),24,"Trophic magnification factors: considerations of ecology, ecosystems, and study design.","Borgå K, Kidd KA, Muir DC, Berglund O, Conder JM, Gobas FA, Kucklick J, Malm O, Powell DE.",Integr Environ Assess Manag,2012,10.1002/ieam.244,21674770,351
Ecology & evolution,primary (research/methods),25,"ART in Europe, 2014: results generated from European registries by ESHRE: The European IVF-monitoring Consortium (EIM) for the European Society of Human Reproduction and Embryology (ESHRE).","De Geyter C, Calhaz-Jorge C, Kupka MS, Wyns C, Mocanu E, Motrenko T, Scaravelli G, Smeenk J, Vidakovic S, Goossens V, European IVF-monitoring Consortium (EIM) for the European Society of Human Reproduction and Embryology (ESHRE).",Hum Reprod,2018,10.1093/humrep/dey242,30032255,350
